District,Year,Month,Avg_Temp_C,Total_Rainfall_mm,Avg_Humidity_pct,Avg_Solar_Rad
Ahmedabad,2015,1,19.45290322580645,7.17,39.66903225806452,15.92225806451613
Ahmedabad,2015,2,24.137857142857143,0.15,28.650714285714287,19.914285714285715
Ahmedabad,2015,3,27.40419354838709,20.47,32.13580645161291,22.35903225806452
Ahmedabad,2015,4,32.23166666666667,19.84,36.222,24.668666666666663
Ahmedabad,2015,5,35.27870967741936,5.9,34.99774193548387,27.353548387096776
Ahmedabad,2015,6,32.71366666666667,162.05,58.009,22.01633333333333
Ahmedabad,2015,7,30.21935483870968,299.94,70.4016129032258,15.583870967741934
Ahmedabad,2015,8,28.263870967741937,42.71,81.14709677419354,16.700000000000003
Ahmedabad,2015,9,29.018,99.6,68.66666666666667,20.11733333333333
Ahmedabad,2015,10,29.44709677419355,0.08,46.846774193548384,20.621290322580645
Ahmedabad,2015,11,26.422,0.01,33.79266666666667,16.281
Ahmedabad,2015,12,21.303870967741933,0.0,19.343225806451613,16.234193548387097
Ahmedabad,2016,1,21.581612903225807,0.0,26.967741935483872,16.429354838709678
Ahmedabad,2016,2,24.00241379310345,0.0,22.321379310344824,19.52068965517241
Ahmedabad,2016,3,29.38,1.02,24.741935483870968,23.266129032258064
Ahmedabad,2016,4,32.22633333333333,0.0,30.290000000000003,26.21333333333333
Ahmedabad,2016,5,35.89161290322581,0.43,35.64064516129032,26.87935483870968
Ahmedabad,2016,6,34.587999999999994,18.23,46.934666666666665,23.03166666666667
Ahmedabad,2016,7,30.5058064516129,151.59,68.58612903225807,15.563548387096777
Ahmedabad,2016,8,28.24774193548387,255.83,81.13709677419355,14.067741935483872
Ahmedabad,2016,9,28.127333333333336,75.77,74.798,19.884
Ahmedabad,2016,10,26.79774193548387,49.05,62.53322580645161,18.480967741935483
Ahmedabad,2016,11,23.48166666666667,0.0,38.24,17.825333333333333
Ahmedabad,2016,12,22.118387096774192,0.0,31.398387096774197,16.55838709677419
Ahmedabad,2017,1,20.83935483870968,0.05,30.801290322580645,16.02258064516129
Ahmedabad,2017,2,24.30857142857143,0.0,22.708214285714288,20.34892857142857
Ahmedabad,2017,3,28.26903225806452,0.02,21.85935483870968,24.12451612903226
Ahmedabad,2017,4,32.209,0.0,27.889,26.196
Ahmedabad,2017,5,35.75677419354839,2.7,31.925161290322578,26.740967741935485
Ahmedabad,2017,6,33.66066666666667,96.9,55.98366666666666,22.737666666666662
Ahmedabad,2017,7,28.38225806451613,540.83,81.04387096774194,12.582258064516129
Ahmedabad,2017,8,27.601290322580645,144.8,85.8367741935484,15.336129032258064
Ahmedabad,2017,9,27.585,65.99,81.24666666666667,18.552
Ahmedabad,2017,10,27.24870967741936,0.37,57.80741935483871,20.31
Ahmedabad,2017,11,23.324333333333332,0.0,41.854,16.287666666666667
Ahmedabad,2017,12,20.618387096774192,9.24,40.88870967741936,13.24709677419355
Ahmedabad,2018,1,21.42,0.0,26.725483870967743,16.991612903225807
Ahmedabad,2018,2,25.141428571428573,0.0,24.48642857142857,19.371785714285718
Ahmedabad,2018,3,29.06709677419355,0.0,22.353548387096776,23.566451612903226
Ahmedabad,2018,4,32.946333333333335,0.01,26.302666666666667,25.474666666666668
Ahmedabad,2018,5,35.567096774193544,0.01,32.85,26.58225806451613
Ahmedabad,2018,6,35.35566666666667,22.62,45.69466666666666,21.80033333333333
Ahmedabad,2018,7,29.850967741935484,224.81,72.97806451612904,13.375806451612902
Ahmedabad,2018,8,28.225483870967743,186.55,77.72935483870968,12.941612903225806
Ahmedabad,2018,9,27.732333333333333,43.05,70.86833333333334,17.88566666666667
Ahmedabad,2018,10,29.18967741935484,0.04,42.34548387096774,20.48161290322581
Ahmedabad,2018,11,25.69066666666667,0.0,29.31433333333333,16.953
Ahmedabad,2018,12,20.12451612903226,0.0,25.377096774193543,15.52
Ahmedabad,2019,1,19.353548387096776,0.09,23.615483870967743,16.885806451612904
Ahmedabad,2019,2,22.30178571428572,0.08,28.457857142857144,19.441785714285714
Ahmedabad,2019,3,27.19161290322581,0.0,24.445483870967745,23.18516129032258
Ahmedabad,2019,4,33.328,3.3,25.10233333333333,25.990333333333336
Ahmedabad,2019,5,34.255806451612905,0.41,36.42741935483871,27.16
Ahmedabad,2019,6,34.376999999999995,89.12,50.281333333333336,22.619333333333334
Ahmedabad,2019,7,31.37322580645161,165.49,66.47548387096775,16.74967741935484
Ahmedabad,2019,8,27.740967741935485,399.66,86.08774193548388,14.321935483870968
Ahmedabad,2019,9,27.615333333333336,286.0,89.11633333333333,14.452666666666666
Ahmedabad,2019,10,25.70903225806452,26.28,81.47290322580645,18.56032258064516
Ahmedabad,2019,11,23.543333333333333,7.03,79.74,14.507
Ahmedabad,2019,12,18.614193548387096,0.1,68.73387096774194,13.960645161290325
Ahmedabad,2020,1,17.491290322580646,0.0,54.89548387096775,15.917741935483871
Ahmedabad,2020,2,22.17793103448276,0.0,34.23275862068966,19.62793103448276
Ahmedabad,2020,3,26.12258064516129,7.53,34.19516129032258,22.345483870967744
Ahmedabad,2020,4,33.51166666666667,0.21,25.919,25.96333333333333
Ahmedabad,2020,5,35.715161290322584,1.1,33.619032258064514,27.29032258064516
Ahmedabad,2020,6,32.13333333333333,147.77,63.14333333333333,21.69033333333333
Ahmedabad,2020,7,30.12741935483871,179.53,75.95774193548387,18.84354838709677
Ahmedabad,2020,8,28.283870967741933,515.78,86.35580645161289,13.299032258064516
Ahmedabad,2020,9,27.933,113.88,84.92666666666668,18.512666666666668
Ahmedabad,2020,10,26.56064516129032,10.37,71.39709677419354,19.67096774193548
Ahmedabad,2020,11,21.419666666666668,0.04,62.22233333333334,16.470333333333333
Ahmedabad,2020,12,20.26258064516129,4.64,51.03032258064516,14.941612903225806
Ahmedabad,2021,1,19.575806451612905,0.0,39.81612903225806,15.371935483870969
Ahmedabad,2021,2,23.83428571428572,0.0,28.59607142857143,20.170714285714286
Ahmedabad,2021,3,29.44225806451613,0.09,23.841290322580647,23.796774193548387
Ahmedabad,2021,4,32.763,0.15,26.393,25.629
Ahmedabad,2021,5,33.98806451612903,70.66,42.39129032258065,24.02741935483871
Ahmedabad,2021,6,32.14266666666666,165.34,61.612,21.680666666666664
Ahmedabad,2021,7,30.44,122.65,70.07322580645162,16.356129032258064
Ahmedabad,2021,8,30.10903225806452,44.88,66.11903225806452,16.316774193548387
Ahmedabad,2021,9,28.247333333333334,273.84,84.051,14.592
Ahmedabad,2021,10,26.47774193548387,12.17,70.98548387096774,19.626129032258063
Ahmedabad,2021,11,23.471666666666668,8.47,56.906,15.134333333333332
Ahmedabad,2021,12,20.35967741935484,8.52,52.593870967741935,13.223225806451614
Ahmedabad,2022,1,18.83290322580645,1.78,46.73967741935484,16.103548387096772
Ahmedabad,2022,2,23.176428571428573,0.0,31.174285714285716,20.63178571428572
Ahmedabad,2022,3,29.93903225806452,0.13,20.35903225806452,23.121935483870967
Ahmedabad,2022,4,33.830333333333336,0.0,24.46,26.154
Ahmedabad,2022,5,35.40774193548387,0.0,35.74967741935484,25.38032258064516
Ahmedabad,2022,6,33.91133333333333,36.9,50.035,23.241
Ahmedabad,2022,7,28.51935483870968,394.33,82.28387096774195,14.806774193548389
Ahmedabad,2022,8,27.66290322580645,235.07,85.45354838709677,14.473548387096775
Ahmedabad,2022,9,27.424666666666667,81.23,84.84833333333333,18.658666666666665
Ahmedabad,2022,10,25.83258064516129,31.76,67.39451612903225,19.846129032258062
Ahmedabad,2022,11,23.456000000000003,0.0,49.92333333333333,17.493
Ahmedabad,2022,12,21.53419354838709,5.72,44.86709677419355,15.458387096774192
Ahmedabad,2023,1,18.95354838709677,2.93,37.185483870967744,16.161612903225805
Ahmedabad,2023,2,24.30535714285714,0.0,24.535,21.445714285714285
Ahmedabad,2023,3,28.09741935483871,16.69,33.39354838709678,20.87709677419355
Ahmedabad,2023,4,31.387666666666668,6.91,30.388666666666666,24.069000000000003
Ahmedabad,2023,5,34.14354838709678,24.01,38.01290322580645,25.77741935483871
Ahmedabad,2023,6,31.809666666666665,181.43,60.57666666666667,20.401333333333334
Ahmedabad,2023,7,28.77290322580645,391.02,85.39935483870968,15.99
Ahmedabad,2023,8,27.45483870967742,33.69,83.44483870967741,13.186774193548388
Ahmedabad,2023,9,28.221666666666668,226.93,80.41900000000001,17.488
Ahmedabad,2023,10,26.768387096774195,0.3399999999999999,64.9132258064516,20.384516129032257
Ahmedabad,2023,11,23.98966666666667,32.01,52.04,14.814666666666666
Ahmedabad,2023,12,21.191612903225806,2.63,53.58354838709677,14.045806451612904
Ahmedabad,2024,1,20.136451612903222,0.4,41.08451612903225,15.71516129032258
Ahmedabad,2024,2,23.85034482758621,0.0,29.47068965517241,18.95068965517241
Ahmedabad,2024,3,27.436129032258066,3.2,24.720967741935485,23.100967741935484
Ahmedabad,2024,4,32.653,0.02,26.758666666666667,23.845666666666663
Ahmedabad,2024,5,36.362258064516126,6.2,30.427096774193547,25.66354838709677
Ahmedabad,2024,6,34.926,93.55,48.95166666666667,22.467666666666663
Ahmedabad,2024,7,30.418064516129032,227.47,76.47096774193548,14.381935483870969
Ahmedabad,2024,8,28.291935483870965,432.32,84.18516129032257,13.161290322580646
Ahmedabad,2024,9,27.373,214.76,87.36166666666666,16.124333333333333
Ahmedabad,2024,10,26.73709677419355,20.36,80.76032258064517,18.016774193548382
Ahmedabad,2024,11,22.52533333333333,0.0,64.58533333333334,16.904666666666667
Ahmedabad,2024,12,17.941290322580645,0.18,58.07935483870968,14.456451612903225
Ahmedabad,2025,1,19.59258064516129,0.0,43.85290322580645,16.581935483870968
Ahmedabad,2025,2,24.085,0.0,30.25,19.78642857142857
Ahmedabad,2025,3,29.111290322580647,0.0,20.44161290322581,23.40741935483871
Ahmedabad,2025,4,33.544,0.2,24.01233333333333,25.853666666666665
Ahmedabad,2025,5,33.37322580645161,99.84,50.76806451612903,23.74129032258065
Ahmedabad,2025,6,31.24833333333333,255.33,67.77133333333333,18.186333333333334
Ahmedabad,2025,7,28.279032258064515,258.81,84.88451612903226,14.095806451612903
Ahmedabad,2025,8,27.98225806451613,204.01,84.3558064516129,14.843870967741934
Ahmedabad,2025,9,27.20266666666667,166.52,84.68733333333333,16.085
Ahmedabad,2025,10,25.482903225806453,98.74,76.09258064516129,16.43
Ahmedabad,2025,11,21.115,12.37,69.24433333333333,16.068333333333335
Ahmedabad,2025,12,19.78161290322581,0.0,57.20354838709677,16.01290322580645
Ahmedabad,2026,1,19.07225806451613,0.01,47.89483870967742,15.55
Ahmedabad,2026,2,24.6175,0.01,37.481785714285714,17.984285714285715
Ahmedabad,2026,3,29.37935483870968,3.12,30.055806451612906,22.64032258064516
Ahmedabad,2026,4,32.595666666666666,1.4300000000000002,28.783,25.002666666666663
Ahmedabad,2026,5,36.08483870967741,1.64,34.104516129032255,26.575806451612905
Ahmedabad,2026,6,35.72,24.64,45.153666666666666,22.659666666666663
Ahmedabad,2026,7,30.713548387096772,388.39,71.20129032258063,14.547419354838713
Ahmedabad,2026,8,27.50733333333333,212.34,87.67733333333334,13.453214285714283
Amreli,2015,1,20.628709677419355,3.29,37.87548387096775,16.616774193548387
Amreli,2015,2,24.490357142857142,0.17,37.23964285714286,20.286785714285717
Amreli,2015,3,27.62903225806452,10.24,35.36064516129032,22.43967741935484
Amreli,2015,4,31.615333333333336,4.56,44.227,24.598333333333336
Amreli,2015,5,33.77,2.68,45.163870967741936,26.81645161290323
Amreli,2015,6,30.14,290.33,71.33633333333334,18.726333333333333
Amreli,2015,7,28.146451612903224,177.85,78.46612903225805,15.647096774193548
Amreli,2015,8,27.807419354838707,18.05,78.20064516129031,17.103870967741937
Amreli,2015,9,27.980666666666664,149.93,72.81033333333333,19.09133333333333
Amreli,2015,10,28.94451612903226,0.27,57.357741935483865,19.33483870967742
Amreli,2015,11,27.046666666666667,0.05,39.197,16.394333333333332
Amreli,2015,12,22.481290322580644,0.0,22.032258064516128,16.293548387096774
Amreli,2016,1,22.286774193548386,0.0,30.313870967741934,16.86032258064516
Amreli,2016,2,24.380344827586207,0.0,28.51793103448276,19.726551724137927
Amreli,2016,3,29.365483870967743,0.21,32.126451612903224,23.01419354838709
Amreli,2016,4,31.46833333333333,0.0,39.69666666666667,25.770666666666667
Amreli,2016,5,33.744516129032256,0.24,47.362258064516126,25.92
Amreli,2016,6,31.96966666666667,52.6,59.84033333333333,21.407
Amreli,2016,7,28.1858064516129,209.94,78.69870967741934,13.910967741935483
Amreli,2016,8,27.00354838709677,153.61,83.27193548387096,13.98741935483871
Amreli,2016,9,26.433333333333334,163.79999999999998,81.08933333333333,18.08966666666667
Amreli,2016,10,25.4158064516129,66.28,71.59193548387097,17.798709677419353
Amreli,2016,11,23.44066666666667,0.0,45.98133333333333,17.744666666666667
Amreli,2016,12,23.003870967741936,0.0,32.11290322580645,16.61225806451613
Amreli,2017,1,21.58516129032258,0.0,32.00451612903226,16.655483870967743
Amreli,2017,2,24.782857142857143,0.0,27.6375,20.59464285714285
Amreli,2017,3,28.102580645161293,0.0,29.549032258064518,24.050967741935484
Amreli,2017,4,31.30433333333333,0.0,37.139,26.706333333333337
Amreli,2017,5,33.80870967741935,1.21,43.73741935483871,26.606451612903225
Amreli,2017,6,30.869666666666667,117.6,68.39966666666666,20.459666666666667
Amreli,2017,7,27.498387096774195,381.87,82.53999999999999,13.92741935483871
Amreli,2017,8,26.93967741935484,196.02,84.27032258064517,15.626774193548387
Amreli,2017,9,26.694333333333336,72.14,83.07933333333334,17.93166666666667
Amreli,2017,10,26.997096774193547,28.67,63.53387096774193,19.61290322580645
Amreli,2017,11,23.655666666666665,0.0,45.86033333333333,16.834666666666667
Amreli,2017,12,21.25709677419355,7.869999999999999,43.2258064516129,13.287419354838711
Amreli,2018,1,22.531935483870967,0.0,31.173548387096773,16.593870967741935
Amreli,2018,2,25.553571428571427,0.03,30.423571428571428,18.946785714285717
Amreli,2018,3,28.833225806451612,0.0,32.18451612903226,23.72290322580645
Amreli,2018,4,32.339666666666666,0.0,37.03633333333333,25.97733333333333
Amreli,2018,5,33.83032258064516,0.01,45.26935483870968,26.54290322580645
Amreli,2018,6,32.038,40.71,60.541,19.93133333333333
Amreli,2018,7,27.60258064516129,431.01,82.79129032258065,12.245806451612903
Amreli,2018,8,26.447741935483872,89.39,83.99774193548386,14.010967741935485
Amreli,2018,9,26.80133333333333,22.12,74.366,19.07733333333333
Amreli,2018,10,29.36032258064516,2.6,45.15096774193549,19.546774193548387
Amreli,2018,11,26.87,0.0,31.99,17.009333333333334
Amreli,2018,12,21.321290322580648,0.0,28.541612903225804,15.52258064516129
Amreli,2019,1,20.2758064516129,0.02,27.25548387096774,17.411612903225805
Amreli,2019,2,22.837142857142855,0.03,35.01607142857143,19.87642857142857
Amreli,2019,3,27.35032258064516,0.0,32.35677419354838,23.738709677419354
Amreli,2019,4,32.459,0.21,34.318,26.21033333333333
Amreli,2019,5,32.611935483870965,0.6,46.95677419354839,26.80903225806452
Amreli,2019,6,31.438,146.68,63.623666666666665,20.324333333333332
Amreli,2019,7,29.062580645161287,156.57,76.20806451612903,16.570967741935487
Amreli,2019,8,26.788709677419355,322.88,85.85935483870968,14.202903225806452
Amreli,2019,9,26.662333333333333,361.1,90.161,13.755333333333336
Amreli,2019,10,25.470322580645163,40.13,83.72225806451613,17.961612903225806
Amreli,2019,11,23.308666666666667,28.05,80.72566666666667,14.982333333333337
Amreli,2019,12,19.372258064516128,0.8,69.00387096774193,14.307741935483872
Amreli,2020,1,18.160967741935483,0.01,57.67258064516129,16.476129032258065
Amreli,2020,2,23.49241379310345,0.0,33.324137931034485,19.714827586206894
Amreli,2020,3,26.526774193548388,0.45,39.314516129032256,22.983870967741936
Amreli,2020,4,32.802,0.4,34.675333333333334,25.703666666666667
Amreli,2020,5,34.24677419354839,0.1,43.36290322580645,27.05032258064516
Amreli,2020,6,30.019,186.38,73.235,19.011333333333333
Amreli,2020,7,28.238064516129032,264.77,83.59935483870967,17.141290322580645
Amreli,2020,8,26.926129032258064,501.86,89.53225806451613,12.825806451612904
Amreli,2020,9,26.778666666666663,126.06,86.67699999999999,17.622333333333334
Amreli,2020,10,26.00548387096774,25.78,76.53096774193548,19.06032258064516
Amreli,2020,11,21.784333333333333,0.0,62.79833333333333,16.751333333333335
Amreli,2020,12,20.386129032258065,15.64,55.25967741935484,15.100645161290323
Amreli,2021,1,20.55354838709677,0.0,32.73870967741935,16.681935483870966
Amreli,2021,2,24.575,0.0,31.430714285714288,20.00142857142857
Amreli,2021,3,29.343870967741932,0.0,30.298387096774192,24.19451612903226
Amreli,2021,4,31.963,0.14,38.83133333333333,25.044666666666668
Amreli,2021,5,32.36774193548387,60.96,50.58451612903225,23.29548387096774
Amreli,2021,6,31.046,119.64,63.939,19.831666666666667
Amreli,2021,7,28.70258064516129,144.34,76.37354838709678,16.17225806451613
Amreli,2021,8,27.61193548387097,123.25,77.77451612903226,15.70258064516129
Amreli,2021,9,26.754,457.01,87.93966666666667,13.419
Amreli,2021,10,25.29387096774193,5.94,77.55709677419355,19.036129032258064
Amreli,2021,11,23.05,1.57,68.04666666666667,15.583666666666666
Amreli,2021,12,20.20967741935484,14.7,62.94806451612903,13.659354838709678
Amreli,2022,1,19.43290322580645,1.48,48.277096774193545,16.57709677419355
Amreli,2022,2,23.37607142857143,0.0,40.70464285714286,20.58392857142857
Amreli,2022,3,29.783870967741933,0.0,25.701612903225808,23.02548387096774
Amreli,2022,4,33.129,0.42,32.885666666666665,25.421
Amreli,2022,5,33.28677419354839,0.01,48.53935483870968,25.56709677419355
Amreli,2022,6,31.000666666666667,75.12,64.111,20.59433333333333
Amreli,2022,7,27.173548387096773,383.85,85.26935483870967,14.190645161290323
Amreli,2022,8,26.686774193548384,173.82,86.0716129032258,15.75290322580645
Amreli,2022,9,26.375333333333334,188.65,85.56233333333333,18.081333333333337
Amreli,2022,10,25.622258064516128,22.16,70.96870967741934,19.036451612903225
Amreli,2022,11,23.239,0.0,55.28833333333333,17.484666666666666
Amreli,2022,12,22.90290322580645,0.24,40.07774193548387,15.596129032258066
Amreli,2023,1,20.2241935483871,0.08,33.44451612903226,16.491935483870968
Amreli,2023,2,25.06392857142857,0.0,25.90714285714285,21.403214285714284
Amreli,2023,3,27.84225806451613,18.49,38.26,20.338064516129037
Amreli,2023,4,30.84466666666667,13.2,39.02366666666667,24.016
Amreli,2023,5,32.218709677419355,29.32,49.57419354838709,25.91032258064516
Amreli,2023,6,30.202333333333332,268.44,69.42633333333333,18.99633333333333
Amreli,2023,7,27.57483870967742,523.79,87.31451612903226,13.37483870967742
Amreli,2023,8,26.65258064516129,12.07,84.62129032258065,14.499354838709678
Amreli,2023,9,27.387666666666668,83.13,81.64633333333333,17.171333333333333
Amreli,2023,10,27.480967741935483,0.66,62.30903225806451,19.60451612903226
Amreli,2023,11,25.472666666666665,34.2,48.211666666666666,15.437666666666669
Amreli,2023,12,22.44903225806452,0.05,49.81548387096774,13.842258064516129
Amreli,2024,1,21.846451612903227,0.01,34.04290322580645,16.41709677419355
Amreli,2024,2,24.692758620689656,0.0,31.475172413793103,19.63793103448276
Amreli,2024,3,27.803870967741933,1.53,30.51774193548387,23.716451612903228
Amreli,2024,4,32.166666666666664,0.06,35.11033333333333,24.890666666666668
Amreli,2024,5,34.516774193548386,11.18,40.87419354838709,25.687741935483874
Amreli,2024,6,32.51,100.88,59.68033333333334,20.142333333333333
Amreli,2024,7,28.50741935483871,321.49,83.80612903225806,12.457096774193548
Amreli,2024,8,27.32161290322581,242.17,85.58709677419354,12.942580645161293
Amreli,2024,9,26.662666666666667,218.7,86.39,16.948
Amreli,2024,10,26.43870967741936,76.56,82.57548387096774,16.958064516129035
Amreli,2024,11,22.334666666666667,0.0,68.747,16.892333333333333
Amreli,2024,12,18.802258064516128,0.0,55.12935483870968,14.808709677419357
Amreli,2025,1,21.13774193548387,0.0,39.92612903225807,16.740967741935485
Amreli,2025,2,25.494642857142857,0.0,29.78821428571429,20.03428571428572
Amreli,2025,3,29.17225806451613,0.0,26.440967741935484,24.03483870967742
Amreli,2025,4,33.074333333333335,0.48,32.23,26.421333333333333
Amreli,2025,5,31.483870967741936,102.67,62.00225806451613,21.59161290322581
Amreli,2025,6,30.119333333333334,273.13,71.48466666666667,16.180333333333333
Amreli,2025,7,27.684838709677415,136.98,83.25387096774193,13.151290322580644
Amreli,2025,8,27.296451612903223,183.23,83.27451612903225,14.254516129032258
Amreli,2025,9,26.631666666666668,185.53,84.41033333333333,14.912333333333333
Amreli,2025,10,25.46161290322581,163.91,77.77612903225807,16.11225806451613
Amreli,2025,11,21.372333333333334,13.13,71.23,16.55933333333333
Amreli,2025,12,20.35516129032258,0.31,59.99193548387097,16.05
Amreli,2026,1,19.968709677419355,0.35,43.52612903225806,16.130000000000003
Amreli,2026,2,25.360357142857143,0.06,37.60428571428572,18.28607142857143
Amreli,2026,3,29.198709677419355,6.319999999999999,38.60838709677419,23.668387096774197
Amreli,2026,4,31.702,4.36,39.06266666666667,25.545666666666666
Amreli,2026,5,34.19129032258065,0.71,46.01193548387096,26.646451612903224
Amreli,2026,6,33.166666666666664,21.48,55.342333333333336,21.11466666666667
Amreli,2026,7,28.248064516129038,383.38,82.25612903225807,10.906129032258065
Amreli,2026,8,27.253,89.44,81.85433333333334,13.302142857142856
Anand,2015,1,19.916129032258063,6.460000000000001,44.324516129032254,15.975161290322582
Anand,2015,2,24.6975,0.18,30.4325,19.667857142857144
Anand,2015,3,27.90129032258065,18.47,33.52225806451613,22.075161290322583
Anand,2015,4,31.977,18.04,40.09933333333333,24.84133333333333
Anand,2015,5,35.58709677419355,4.77,34.68193548387097,26.955161290322582
Anand,2015,6,31.666666666666668,237.31,64.77566666666667,21.000333333333334
Anand,2015,7,29.10225806451613,285.07,76.80129032258066,15.726129032258063
Anand,2015,8,27.885483870967743,40.6,82.92999999999999,17.694193548387098
Anand,2015,9,28.227666666666668,173.84,75.26866666666666,19.261333333333333
Anand,2015,10,28.44677419354839,1.0,55.57387096774193,19.133225806451613
Anand,2015,11,26.497,0.15,39.35533333333333,16.147666666666666
Anand,2015,12,21.663870967741936,0.0,22.81,16.22
Anand,2016,1,22.357741935483872,0.0,26.41064516129032,16.56096774193548
Anand,2016,2,24.819655172413796,0.0,24.257241379310347,19.553448275862067
Anand,2016,3,29.84193548387097,0.93,25.188064516129035,22.95870967741936
Anand,2016,4,32.565000000000005,0.0,30.137666666666668,25.392666666666667
Anand,2016,5,35.5958064516129,0.3399999999999999,39.064193548387095,26.16032258064516
Anand,2016,6,33.943333333333335,35.62,50.78966666666667,22.726666666666667
Anand,2016,7,29.811290322580643,187.74,72.44516129032259,14.856774193548388
Anand,2016,8,27.56290322580645,249.38,84.78806451612903,14.13258064516129
Anand,2016,9,27.345,112.62,80.86999999999999,19.00733333333333
Anand,2016,10,26.226774193548387,48.66,67.28032258064516,17.61806451612903
Anand,2016,11,23.361,0.0,41.89533333333333,17.578
Anand,2016,12,22.076129032258063,0.0,32.96193548387097,16.51258064516129
Anand,2017,1,21.63064516129032,0.0,31.620645161290323,16.38774193548387
Anand,2017,2,25.020000000000003,0.0,23.233214285714286,20.214285714285715
Anand,2017,3,28.73032258064516,0.0,21.041935483870965,23.955161290322582
Anand,2017,4,32.17166666666667,0.0,30.76233333333333,26.713666666666665
Anand,2017,5,35.64096774193549,2.8000000000000003,34.47709677419355,26.53161290322581
Anand,2017,6,32.58833333333333,136.44,62.00666666666667,21.53633333333333
Anand,2017,7,27.991935483870968,513.11,83.24645161290321,13.196451612903225
Anand,2017,8,27.33451612903226,192.24,87.12161290322581,15.83516129032258
Anand,2017,9,27.44233333333333,63.08,83.60233333333333,17.892999999999997
Anand,2017,10,26.64741935483871,2.82,63.75645161290323,19.156774193548387
Anand,2017,11,23.337333333333333,0.0,45.176,16.413
Anand,2017,12,20.91290322580645,11.83,43.21032258064516,12.94516129032258
Anand,2018,1,22.128387096774198,0.0,29.52935483870968,16.549677419354836
Anand,2018,2,25.805,0.0,24.672500000000003,18.59
Anand,2018,3,29.57935483870968,0.0,22.45709677419355,23.04258064516129
Anand,2018,4,33.172333333333334,0.0,27.453,25.764333333333333
Anand,2018,5,35.39354838709678,0.0,35.98096774193549,26.58967741935484
Anand,2018,6,34.097,40.05,52.650333333333336,21.47433333333333
Anand,2018,7,28.698709677419355,357.51,80.10548387096775,12.81032258064516
Anand,2018,8,27.032258064516128,194.83,85.43903225806451,13.75967741935484
Anand,2018,9,26.848,41.02,78.20133333333334,18.618
Anand,2018,10,28.666129032258063,0.02,46.09935483870967,19.79258064516129
Anand,2018,11,25.71033333333333,0.0,33.27366666666667,16.658333333333335
Anand,2018,12,20.677096774193547,0.0,26.078387096774197,15.362903225806452
Anand,2019,1,19.89290322580645,0.0,23.65935483870968,16.925806451612903
Anand,2019,2,22.889285714285712,0.01,27.714642857142856,19.26142857142857
Anand,2019,3,27.70451612903226,0.0,24.071290322580648,23.57193548387097
Anand,2019,4,33.55766666666667,1.32,25.790666666666667,25.886000000000003
Anand,2019,5,34.47806451612903,0.02,36.50258064516129,27.226129032258065
Anand,2019,6,33.400666666666666,141.97,56.52133333333334,21.65833333333333
Anand,2019,7,29.772258064516127,269.71000000000004,76.79096774193549,16.307096774193546
Anand,2019,8,27.21161290322581,494.08,89.0583870967742,14.172258064516129
Anand,2019,9,27.26533333333333,321.37,90.93166666666666,13.791666666666666
Anand,2019,10,25.634516129032257,38.92,83.36258064516129,17.753870967741936
Anand,2019,11,23.57633333333333,8.370000000000001,81.59033333333333,14.807333333333334
Anand,2019,12,19.044516129032257,0.05,75.59258064516129,13.641612903225806
Anand,2020,1,18.04548387096774,0.0,58.885161290322586,15.813870967741936
Anand,2020,2,22.549310344827585,0.0,38.24896551724138,19.382758620689657
Anand,2020,3,26.39354838709677,5.279999999999999,37.29290322580645,22.37032258064516
Anand,2020,4,33.753,0.01,25.27433333333333,25.988666666666667
Anand,2020,5,35.905806451612904,0.2,33.31096774193548,27.448387096774194
Anand,2020,6,31.212,167.9,68.01299999999999,20.60933333333333
Anand,2020,7,29.376451612903224,183.31,80.11,18.595161290322583
Anand,2020,8,27.960645161290323,588.98,87.91483870967743,13.832258064516129
Anand,2020,9,27.83,123.55,85.91366666666666,17.579333333333334
Anand,2020,10,26.256129032258062,14.32,75.21129032258065,18.901935483870968
Anand,2020,11,21.674666666666667,0.0,67.55133333333333,16.294666666666664
Anand,2020,12,20.91935483870968,10.68,54.65741935483871,14.68516129032258
Anand,2021,1,20.86709677419355,0.01,40.913548387096775,15.567096774193548
Anand,2021,2,24.314642857142854,0.0,28.62107142857143,19.546071428571427
Anand,2021,3,29.71322580645161,0.0,22.91032258064516,23.61
Anand,2021,4,32.86633333333334,0.12,30.558333333333334,25.317666666666664
Anand,2021,5,33.72774193548387,87.2,44.950967741935486,23.79258064516129
Anand,2021,6,30.994666666666667,223.53,68.29333333333334,20.676666666666662
Anand,2021,7,29.316129032258065,129.73,77.26193548387097,16.338064516129034
Anand,2021,8,28.885161290322586,76.78999999999999,73.93129032258064,15.470322580645162
Anand,2021,9,27.712666666666667,376.29,87.141,13.124
Anand,2021,10,25.798387096774192,30.62,77.72258064516129,18.91354838709677
Anand,2021,11,22.757,3.56,68.27666666666667,15.450666666666669
Anand,2021,12,20.490967741935485,15.57,60.97096774193548,12.544516129032258
Anand,2022,1,19.124193548387098,1.08,50.65225806451613,15.864193548387098
Anand,2022,2,23.006428571428568,0.0,35.91678571428572,20.335
Anand,2022,3,30.32,0.01,20.750967741935483,22.46548387096774
Anand,2022,4,33.85766666666667,0.0,24.177000000000003,25.737
Anand,2022,5,35.17935483870968,0.01,39.06161290322581,25.825161290322583
Anand,2022,6,32.812,76.46,56.04366666666667,22.53166666666667
Anand,2022,7,27.96451612903226,468.25,85.38032258064516,14.651612903225804
Anand,2022,8,27.338064516129037,206.36,87.27935483870968,15.698064516129032
Anand,2022,9,27.29733333333333,104.76,86.78999999999999,17.484333333333332
Anand,2022,10,25.20903225806452,54.7,73.85258064516128,18.956451612903223
Anand,2022,11,22.894,0.0,57.772333333333336,17.027666666666665
Anand,2022,12,22.057419354838707,13.42,53.31032258064516,14.983870967741936
Anand,2023,1,19.38741935483871,1.01,42.12,15.84451612903226
Anand,2023,2,24.810357142857143,0.0,22.4825,21.23464285714286
Anand,2023,3,28.300645161290323,14.18,34.18741935483871,20.55032258064516
Anand,2023,4,31.639333333333333,6.050000000000001,30.991666666666667,24.12633333333333
Anand,2023,5,34.17225806451613,18.45,38.49516129032258,26.52774193548387
Anand,2023,6,31.91166666666667,185.57,60.968,19.80433333333333
Anand,2023,7,28.5458064516129,447.69,86.43774193548387,15.496451612903224
Anand,2023,8,27.20258064516129,23.65,85.66096774193548,14.444193548387096
Anand,2023,9,27.718666666666664,222.37,84.01666666666667,16.358
Anand,2023,10,26.438064516129035,0.28,69.00387096774193,19.61225806451613
Anand,2023,11,24.188666666666663,33.82,54.708,14.973
Anand,2023,12,22.12290322580645,2.31,56.00806451612903,13.63
Anand,2024,1,20.92258064516129,0.45,43.03677419354839,15.366774193548387
Anand,2024,2,24.60172413793104,0.0,29.44793103448276,19.029655172413797
Anand,2024,3,27.98483870967742,2.03,24.09193548387097,23.27516129032258
Anand,2024,4,33.043,0.1,27.402,24.048
Anand,2024,5,36.39290322580646,5.52,30.86387096774193,25.71161290322581
Anand,2024,6,34.28433333333333,115.36,52.866,21.116
Anand,2024,7,29.357741935483872,342.03000000000003,82.23290322580644,13.75
Anand,2024,8,27.728387096774195,467.91,87.72451612903225,13.296774193548387
Anand,2024,9,27.150666666666663,317.37,89.17966666666666,15.848666666666666
Anand,2024,10,26.75516129032258,32.36,83.02741935483871,17.13806451612903
Anand,2024,11,21.939,0.0,71.73366666666668,16.113333333333333
Anand,2024,12,18.313870967741934,0.0699999999999999,67.89387096774193,14.403870967741934
Anand,2025,1,20.02290322580645,0.0,50.11935483870968,16.144516129032258
Anand,2025,2,24.2575,0.0,33.79071428571429,19.5275
Anand,2025,3,29.30258064516129,0.0,21.895806451612906,23.77774193548387
Anand,2025,4,33.675,0.28,25.41,26.134
Anand,2025,5,32.7341935483871,110.97,55.16709677419355,22.86354838709677
Anand,2025,6,30.880333333333333,298.22,70.46233333333333,17.386666666666667
Anand,2025,7,27.85709677419355,276.36,86.88451612903226,14.24032258064516
Anand,2025,8,27.52709677419355,196.62,86.63193548387098,14.861612903225806
Anand,2025,9,26.944666666666667,195.27,86.875,15.433666666666666
Anand,2025,10,25.38806451612903,116.41,80.51516129032258,16.496129032258064
Anand,2025,11,20.936333333333334,15.59,74.24666666666667,16.080333333333332
Anand,2025,12,19.608064516129037,0.0,60.49967741935484,15.979032258064516
Anand,2026,1,20.01516129032258,0.0,50.58967741935484,14.884516129032258
Anand,2026,2,25.13,0.22,40.68107142857143,17.51214285714286
Anand,2026,3,29.68193548387097,3.72,28.943870967741937,23.351935483870967
Anand,2026,4,32.844,3.13,29.245,24.829
Anand,2026,5,36.020645161290325,0.76,36.824516129032254,26.653548387096773
Anand,2026,6,34.815333333333335,31.59,50.00966666666667,22.545333333333332
Anand,2026,7,29.93193548387097,449.01,76.06741935483872,12.94483870967742
Anand,2026,8,27.041,334.88,90.678,14.003928571428572
Aravalli,2015,1,18.66774193548387,7.439999999999999,41.15548387096774,15.413870967741936
Aravalli,2015,2,23.478214285714284,0.04,27.043928571428573,19.301428571428573
Aravalli,2015,3,26.675161290322578,19.87,33.027741935483874,22.036129032258064
Aravalli,2015,4,31.488666666666667,19.78,33.85466666666667,24.56033333333333
Aravalli,2015,5,35.10064516129032,6.390000000000001,29.825161290322583,27.136451612903222
Aravalli,2015,6,32.495666666666665,131.32999999999998,55.94666666666667,21.741333333333333
Aravalli,2015,7,29.635161290322586,301.64,71.09612903225806,15.182580645161291
Aravalli,2015,8,27.49387096774193,61.12,83.19354838709677,16.548709677419353
Aravalli,2015,9,28.237666666666662,76.52,69.81533333333333,19.735333333333333
Aravalli,2015,10,28.82741935483871,0.05,43.87064516129032,20.248064516129038
Aravalli,2015,11,26.019,0.0,30.533,16.134
Aravalli,2015,12,20.90258064516129,0.0,19.156451612903226,15.942258064516128
Aravalli,2016,1,21.13387096774193,0.0,27.69967741935484,15.93483870967742
Aravalli,2016,2,23.64275862068965,0.0,21.22827586206897,19.08034482758621
Aravalli,2016,3,28.90548387096774,0.84,23.201290322580647,22.898387096774197
Aravalli,2016,4,31.749333333333333,0.0,25.704,25.73733333333333
Aravalli,2016,5,35.53322580645161,0.43,32.127419354838715,26.529032258064515
Aravalli,2016,6,34.33833333333334,15.06,44.74366666666666,22.612666666666662
Aravalli,2016,7,29.67129032258064,166.2,71.26741935483871,14.878387096774194
Aravalli,2016,8,27.366129032258065,263.44,84.16483870967743,12.859677419354838
Aravalli,2016,9,27.215333333333334,44.93,77.80533333333332,19.549
Aravalli,2016,10,26.203548387096777,51.36,62.70903225806452,18.29032258064516
Aravalli,2016,11,22.96833333333333,0.0,37.697,17.586666666666666
Aravalli,2016,12,21.71903225806452,0.0,29.69516129032258,16.18741935483871
Aravalli,2017,1,20.231612903225805,0.15,31.725806451612904,15.571935483870968
Aravalli,2017,2,23.787142857142857,0.0,22.24142857142857,20.0075
Aravalli,2017,3,27.83516129032258,0.0999999999999999,20.316451612903226,24.14548387096774
Aravalli,2017,4,31.744333333333334,0.0,24.907333333333334,26.61133333333333
Aravalli,2017,5,35.39806451612903,2.94,28.81483870967742,26.416774193548385
Aravalli,2017,6,33.574666666666666,76.32,53.73466666666666,22.360333333333333
Aravalli,2017,7,27.836129032258064,613.83,82.24645161290321,12.506129032258064
Aravalli,2017,8,26.95903225806452,127.71,86.89225806451613,15.22709677419355
Aravalli,2017,9,26.869333333333334,57.83,82.01133333333334,18.063333333333333
Aravalli,2017,10,26.906774193548387,0.06,54.42193548387097,19.594516129032257
Aravalli,2017,11,23.221666666666668,0.0,37.61933333333333,16.168
Aravalli,2017,12,20.50032258064516,7.86,36.55290322580645,12.84516129032258
Aravalli,2018,1,21.12,0.0,24.77774193548387,16.725806451612904
Aravalli,2018,2,24.57107142857143,0.0,23.619642857142857,19.009285714285717
Aravalli,2018,3,28.69322580645161,0.0,19.478387096774195,23.493548387096773
Aravalli,2018,4,32.65266666666667,0.02,21.34,25.737666666666662
Aravalli,2018,5,35.19451612903226,0.02,28.56967741935484,26.598387096774196
Aravalli,2018,6,34.879,37.57,45.037,21.133
Aravalli,2018,7,29.173870967741934,186.32,74.6690322580645,12.749032258064515
Aravalli,2018,8,27.73064516129032,160.54,78.32935483870968,12.248064516129032
Aravalli,2018,9,27.069666666666667,48.73,71.641,16.708666666666666
Aravalli,2018,10,28.43322580645161,0.06,42.715806451612906,20.200000000000003
Aravalli,2018,11,25.239666666666665,0.0,27.57,16.732333333333333
Aravalli,2018,12,19.48548387096774,0.0,25.838387096774195,15.378709677419357
Aravalli,2019,1,18.745806451612903,0.3,23.59451612903226,16.645806451612902
Aravalli,2019,2,21.5725,0.39,26.884285714285717,19.12357142857143
Aravalli,2019,3,26.586451612903225,0.0,22.85483870967742,23.451290322580647
Aravalli,2019,4,32.95766666666667,4.84,21.941666666666663,26.220333333333333
Aravalli,2019,5,33.90354838709678,1.39,32.05741935483871,27.021290322580644
Aravalli,2019,6,34.205333333333336,66.84,48.60933333333333,22.52733333333333
Aravalli,2019,7,30.916129032258063,142.09,66.85741935483871,17.049677419354836
Aravalli,2019,8,27.21483870967742,379.82,86.88516129032259,12.748709677419354
Aravalli,2019,9,27.054666666666662,251.62,89.644,13.495333333333331
Aravalli,2019,10,25.16193548387097,20.55,79.91225806451614,17.86258064516129
Aravalli,2019,11,23.036,11.4,78.26333333333334,14.126333333333331
Aravalli,2019,12,18.105806451612903,0.42,65.98870967741935,13.740645161290322
Aravalli,2020,1,17.113225806451613,0.0,54.54935483870968,15.40741935483871
Aravalli,2020,2,22.04793103448276,0.0,30.28689655172414,19.425172413793103
Aravalli,2020,3,25.706774193548387,8.67,32.12903225806452,22.381612903225808
Aravalli,2020,4,32.99466666666667,0.57,23.288,25.77233333333333
Aravalli,2020,5,35.428064516129034,3.79,28.866451612903223,27.42290322580645
Aravalli,2020,6,31.77766666666667,120.09,62.05833333333333,21.664
Aravalli,2020,7,29.66322580645161,174.19,75.86612903225806,18.725806451612904
Aravalli,2020,8,27.727096774193548,515.03,87.25806451612904,12.606129032258066
Aravalli,2020,9,27.291,121.96,85.90733333333334,18.224
Aravalli,2020,10,26.09290322580645,5.41,68.79612903225807,19.223548387096773
Aravalli,2020,11,21.419,0.07,57.72466666666666,16.185
Aravalli,2020,12,20.043548387096774,2.5700000000000003,49.0116129032258,14.723548387096775
Aravalli,2021,1,20.306774193548385,0.02,35.02903225806452,14.885806451612902
Aravalli,2021,2,23.696785714285717,0.0,23.639642857142857,19.961785714285718
Aravalli,2021,3,29.15290322580645,0.24,20.37967741935484,23.696129032258067
Aravalli,2021,4,32.309,0.05,21.193666666666665,25.419
Aravalli,2021,5,33.53290322580645,48.85,39.79548387096774,23.67
Aravalli,2021,6,31.776666666666664,119.66,60.99633333333333,21.73166666666667
Aravalli,2021,7,29.99870967741936,146.97,70.40225806451612,16.008709677419354
Aravalli,2021,8,29.176129032258064,39.69,69.33806451612904,14.901612903225804
Aravalli,2021,9,27.682,240.71,85.00966666666666,14.247333333333334
Aravalli,2021,10,25.914193548387097,8.56,69.78612903225806,18.78516129032258
Aravalli,2021,11,22.52766666666667,20.9,58.821000000000005,15.002333333333333
Aravalli,2021,12,19.533870967741933,6.57,53.19548387096774,12.959354838709675
Aravalli,2022,1,18.29548387096774,2.31,46.14032258064516,15.935483870967742
Aravalli,2022,2,22.735714285714288,0.0,28.18464285714285,20.236071428571428
Aravalli,2022,3,29.664193548387097,0.26,18.35935483870968,23.12161290322581
Aravalli,2022,4,33.36566666666667,0.0,20.164666666666665,26.26966666666667
Aravalli,2022,5,35.06516129032258,0.05,32.80774193548387,25.12322580645161
Aravalli,2022,6,33.665333333333336,18.91,47.359,22.44066666666667
Aravalli,2022,7,27.964193548387097,379.92,83.44806451612902,14.618709677419355
Aravalli,2022,8,26.96322580645161,328.25,87.4767741935484,14.406451612903227
Aravalli,2022,9,26.918333333333333,78.5,86.11866666666667,17.993
Aravalli,2022,10,24.720322580645163,22.110000000000003,69.39322580645161,19.322903225806453
Aravalli,2022,11,22.586333333333336,0.0,53.205333333333336,17.246333333333332
Aravalli,2022,12,21.09290322580645,3.28,43.50645161290323,15.308709677419357
Aravalli,2023,1,18.55032258064516,5.62,35.41225806451613,15.830967741935485
Aravalli,2023,2,23.954285714285717,0.0,23.3775,21.2625
Aravalli,2023,3,27.23548387096774,22.32,33.92451612903226,21.05516129032258
Aravalli,2023,4,30.76,7.96,27.60333333333333,24.357000000000003
Aravalli,2023,5,33.55032258064516,20.77,35.63193548387097,26.311612903225804
Aravalli,2023,6,30.762,200.7,63.45133333333333,19.540333333333333
Aravalli,2023,7,28.345161290322583,362.95,86.07193548387097,15.57032258064516
Aravalli,2023,8,26.732903225806453,81.16,85.36193548387098,13.470967741935484
Aravalli,2023,9,27.28666666666667,239.47,83.06633333333333,16.532333333333334
Aravalli,2023,10,25.97483870967742,0.13,65.06806451612903,20.12032258064516
Aravalli,2023,11,23.15333333333333,32.76,54.43,14.572333333333336
Aravalli,2023,12,20.31967741935484,2.99,56.28903225806452,13.475483870967745
Aravalli,2024,1,19.9,0.2,39.81645161290322,15.343870967741935
Aravalli,2024,2,23.134827586206896,0.0,29.189310344827582,18.68103448275862
Aravalli,2024,3,26.995483870967742,5.68,23.714193548387097,23.22774193548387
Aravalli,2024,4,32.124,0.16,24.674333333333333,23.480666666666664
Aravalli,2024,5,36.17161290322581,5.71,27.49290322580645,25.38516129032258
Aravalli,2024,6,34.681333333333335,73.28,47.24066666666667,21.96633333333333
Aravalli,2024,7,29.926451612903225,214.94,77.23129032258065,13.497741935483871
Aravalli,2024,8,27.573870967741936,412.46,86.20064516129031,12.488064516129032
Aravalli,2024,9,26.85033333333333,208.94,88.34966666666666,15.528
Aravalli,2024,10,26.261935483870968,18.01,78.43774193548387,17.69516129032258
Aravalli,2024,11,22.47833333333333,0.0,60.31333333333334,16.782333333333334
Aravalli,2024,12,17.976129032258065,0.5700000000000001,55.03935483870968,14.17
Aravalli,2025,1,19.720645161290324,0.0,39.05548387096774,16.396451612903228
Aravalli,2025,2,24.04357142857143,0.0,24.78214285714285,19.61642857142857
Aravalli,2025,3,28.71903225806452,0.0,18.358709677419355,24.13064516129032
Aravalli,2025,4,33.113,0.14,19.908,26.398666666666667
Aravalli,2025,5,32.832903225806454,83.73,50.00387096774193,23.126451612903224
Aravalli,2025,6,30.941666666666663,186.19,65.65533333333333,17.697666666666667
Aravalli,2025,7,27.686451612903223,301.97,85.72774193548386,13.139032258064516
Aravalli,2025,8,27.294838709677418,230.6,86.17129032258065,14.94032258064516
Aravalli,2025,9,26.364666666666665,153.25,86.78933333333333,16.256999999999998
Aravalli,2025,10,24.65225806451613,94.98,76.44548387096773,16.15483870967742
Aravalli,2025,11,20.513,8.01,68.556,15.967
Aravalli,2025,12,19.033870967741933,0.0,58.4183870967742,15.79225806451613
Aravalli,2026,1,18.61,0.02,49.31225806451613,15.254193548387097
Aravalli,2026,2,24.249642857142856,0.06,36.315714285714286,17.55464285714286
Aravalli,2026,3,28.997096774193547,2.71,26.524193548387096,23.241935483870968
Aravalli,2026,4,32.17733333333333,0.29,25.043666666666663,25.511000000000003
Aravalli,2026,5,35.71064516129032,2.54,30.317741935483877,26.89161290322581
Aravalli,2026,6,35.10433333333333,22.05,45.275666666666666,23.01966666666667
Aravalli,2026,7,30.14258064516129,360.62,72.00258064516129,14.533548387096776
Aravalli,2026,8,26.80933333333333,180.46,89.404,12.498571428571427
Banaskantha,2015,1,18.511612903225807,6.44,35.910000000000004,15.555483870967745
Banaskantha,2015,2,22.99142857142857,0.02,26.0575,19.251785714285717
Banaskantha,2015,3,26.39161290322581,16.29,29.675806451612903,21.926451612903225
Banaskantha,2015,4,31.45533333333333,17.67,33.343333333333334,24.43133333333333
Banaskantha,2015,5,34.54419354838709,5.99,32.26225806451613,27.358709677419355
Banaskantha,2015,6,32.539,110.32,54.24133333333334,22.59633333333333
Banaskantha,2015,7,29.94032258064516,278.58,69.18967741935484,15.83
Banaskantha,2015,8,27.36225806451613,107.16,83.65322580645162,17.358387096774194
Banaskantha,2015,9,28.316333333333333,60.61,66.67,20.481
Banaskantha,2015,10,28.62032258064516,0.0,40.66741935483872,20.10258064516129
Banaskantha,2015,11,25.228666666666665,0.0,31.307333333333336,15.834
Banaskantha,2015,12,20.574838709677422,0.0,18.0641935483871,15.619032258064516
Banaskantha,2016,1,20.594193548387096,0.0,26.975161290322585,15.757741935483873
Banaskantha,2016,2,23.205172413793104,0.0,20.28965517241379,19.42620689655173
Banaskantha,2016,3,28.282258064516128,0.49,24.179677419354835,22.815161290322585
Banaskantha,2016,4,31.034333333333333,0.0,27.879666666666665,25.75133333333333
Banaskantha,2016,5,34.844193548387096,1.59,34.62935483870968,26.92258064516129
Banaskantha,2016,6,34.01233333333333,18.59,45.86666666666667,23.838
Banaskantha,2016,7,29.85322580645161,222.48,69.95903225806451,16.647096774193546
Banaskantha,2016,8,27.32354838709677,328.91,84.48516129032258,14.16709677419355
Banaskantha,2016,9,27.004,24.24,77.48366666666668,20.93166666666667
Banaskantha,2016,10,26.14258064516129,54.62,61.09516129032258,18.385806451612904
Banaskantha,2016,11,22.959,0.0,35.886,17.360666666666667
Banaskantha,2016,12,21.49290322580645,0.0,31.960645161290323,16.016451612903225
Banaskantha,2017,1,19.60741935483871,0.79,31.4941935483871,15.29258064516129
Banaskantha,2017,2,23.23107142857143,0.0,21.7675,19.84678571428572
Banaskantha,2017,3,27.27,0.72,21.303870967741933,23.346129032258062
Banaskantha,2017,4,31.118,0.04,26.497,26.098000000000003
Banaskantha,2017,5,34.79322580645161,5.8100000000000005,31.48322580645161,26.521612903225805
Banaskantha,2017,6,33.511,76.31,53.02433333333333,22.113666666666667
Banaskantha,2017,7,27.96677419354839,671.5,81.78451612903227,13.806774193548389
Banaskantha,2017,8,26.885806451612904,129.75,87.26161290322581,16.3141935483871
Banaskantha,2017,9,26.667666666666666,46.440000000000005,81.60300000000001,18.63433333333333
Banaskantha,2017,10,27.20967741935484,0.0,50.78225806451613,20.11032258064516
Banaskantha,2017,11,22.968,0.0,37.157,15.983333333333333
Banaskantha,2017,12,20.254516129032258,7.19,37.70451612903226,13.16741935483871
Banaskantha,2018,1,20.68290322580645,0.0,23.31903225806452,16.60258064516129
Banaskantha,2018,2,24.176428571428573,0.0,23.610357142857143,18.95142857142857
Banaskantha,2018,3,28.124193548387098,0.0,20.74,23.074193548387097
Banaskantha,2018,4,32.171,0.11,23.137666666666668,25.189
Banaskantha,2018,5,34.824516129032254,0.13,29.71032258064516,26.458064516129035
Banaskantha,2018,6,34.388000000000005,64.12,46.574,21.820666666666668
Banaskantha,2018,7,29.656774193548387,184.65,70.98645161290322,14.584193548387097
Banaskantha,2018,8,28.113225806451613,135.93,75.01709677419356,13.673870967741935
Banaskantha,2018,9,27.471666666666668,57.55,66.54266666666666,18.13
Banaskantha,2018,10,28.315806451612904,0.38,39.22741935483871,19.90032258064516
Banaskantha,2018,11,24.796666666666667,0.0,27.091666666666665,16.6
Banaskantha,2018,12,19.298709677419357,0.0,24.378064516129037,15.175806451612903
Banaskantha,2019,1,18.654516129032256,0.98,23.210645161290323,16.255483870967744
Banaskantha,2019,2,20.945,0.61,27.086785714285718,18.8925
Banaskantha,2019,3,26.01290322580645,0.0,24.25548387096774,22.90322580645161
Banaskantha,2019,4,32.266333333333336,7.92,24.28033333333333,25.70633333333333
Banaskantha,2019,5,33.34516129032258,5.93,34.10709677419354,26.71322580645161
Banaskantha,2019,6,34.279,68.94,46.735,22.974666666666668
Banaskantha,2019,7,31.488064516129032,149.36,63.057096774193546,17.97935483870968
Banaskantha,2019,8,27.307096774193543,416.81,86.45870967741935,14.73741935483871
Banaskantha,2019,9,27.139,213.99,88.90433333333334,15.102
Banaskantha,2019,10,25.23516129032258,20.13,77.81612903225808,18.56451612903226
Banaskantha,2019,11,22.95133333333333,14.86,75.743,14.070333333333334
Banaskantha,2019,12,18.093870967741932,0.65,58.62,13.603225806451611
Banaskantha,2020,1,16.74516129032258,0.02,50.200645161290325,15.33548387096774
Banaskantha,2020,2,21.349655172413797,0.0,30.541724137931038,19.11551724137931
Banaskantha,2020,3,25.15935483870968,10.57,32.72677419354839,21.76258064516129
Banaskantha,2020,4,32.443333333333335,1.49,24.768666666666668,25.287666666666667
Banaskantha,2020,5,34.82967741935484,10.36,32.61774193548387,26.9941935483871
Banaskantha,2020,6,32.593666666666664,97.23,56.775666666666666,22.551666666666662
Banaskantha,2020,7,30.427419354838708,160.01,70.78032258064516,19.267096774193547
Banaskantha,2020,8,27.95290322580645,579.41,86.41935483870968,14.14
Banaskantha,2020,9,27.204,165.02,86.16666666666667,18.345666666666663
Banaskantha,2020,10,26.21903225806452,5.09,66.69935483870967,19.210967741935484
Banaskantha,2020,11,21.167666666666666,0.32,54.68766666666667,16.232333333333333
Banaskantha,2020,12,19.765483870967746,1.03,46.30645161290322,14.662580645161292
Banaskantha,2021,1,18.736129032258063,0.01,39.13258064516129,15.116129032258064
Banaskantha,2021,2,23.356428571428573,0.0,25.1875,19.803571428571427
Banaskantha,2021,3,28.655483870967743,0.96,21.92774193548387,23.28032258064516
Banaskantha,2021,4,31.937666666666665,0.05,21.421333333333333,25.54133333333333
Banaskantha,2021,5,33.34483870967742,47.11,39.354838709677416,23.99258064516129
Banaskantha,2021,6,32.42933333333333,99.07,56.268,22.566333333333333
Banaskantha,2021,7,30.605806451612903,164.66,66.89,17.25258064516129
Banaskantha,2021,8,29.304516129032255,40.9,67.20709677419354,17.74258064516129
Banaskantha,2021,9,27.955,232.05,83.113,15.178666666666668
Banaskantha,2021,10,26.266774193548382,4.94,65.07709677419355,19.31967741935484
Banaskantha,2021,11,23.142666666666667,40.09,51.487,14.925666666666666
Banaskantha,2021,12,19.03774193548387,6.5600000000000005,49.656451612903226,13.19
Banaskantha,2022,1,17.541935483870965,2.71,47.47096774193548,15.428064516129032
Banaskantha,2022,2,22.12964285714286,0.0,31.080714285714286,19.9975
Banaskantha,2022,3,28.816129032258065,0.81,19.801290322580645,22.761612903225807
Banaskantha,2022,4,32.86533333333333,0.02,22.673333333333336,25.633333333333333
Banaskantha,2022,5,34.567741935483866,0.02,35.66967741935484,25.08483870967742
Banaskantha,2022,6,33.849333333333334,13.5,46.41066666666666,23.240333333333336
Banaskantha,2022,7,27.99,391.91,83.30741935483871,15.840967741935485
Banaskantha,2022,8,26.89258064516129,397.95,87.77,14.22
Banaskantha,2022,9,26.761333333333333,77.96000000000001,86.46833333333333,19.473
Banaskantha,2022,10,25.057096774193543,14.17,65.94935483870968,19.55483870967742
Banaskantha,2022,11,22.912333333333333,0.0,47.08633333333333,16.951666666666668
Banaskantha,2022,12,20.45741935483871,0.22,40.031612903225806,15.224193548387095
Banaskantha,2023,1,17.669677419354837,11.08,36.37967741935484,15.639032258064516
Banaskantha,2023,2,23.611785714285716,0.0,24.901785714285715,20.717142857142857
Banaskantha,2023,3,26.739032258064515,28.4,34.921290322580646,20.21935483870968
Banaskantha,2023,4,30.18533333333333,19.1,29.79133333333333,24.398666666666667
Banaskantha,2023,5,32.94870967741935,16.29,37.78935483870968,25.59741935483871
Banaskantha,2023,6,30.64466666666667,245.92,64.08366666666667,20.581333333333337
Banaskantha,2023,7,28.39903225806452,343.15000000000003,86.01483870967742,17.128387096774194
Banaskantha,2023,8,26.593225806451613,128.56,85.42645161290322,14.389354838709677
Banaskantha,2023,9,27.340666666666667,235.68,82.18866666666666,18.32033333333333
Banaskantha,2023,10,25.95451612903226,0.16,63.233870967741936,19.710645161290323
Banaskantha,2023,11,23.38833333333333,33.11,50.13533333333333,14.295333333333334
Banaskantha,2023,12,19.78322580645161,5.89,51.52516129032258,13.761612903225808
Banaskantha,2024,1,18.873870967741937,0.04,40.22193548387097,15.13516129032258
Banaskantha,2024,2,22.24758620689655,0.04,30.662068965517243,18.15206896551724
Banaskantha,2024,3,26.260967741935485,7.36,25.343225806451613,22.155161290322575
Banaskantha,2024,4,31.42933333333333,0.12,26.355666666666664,23.367666666666665
Banaskantha,2024,5,35.61709677419354,4.0,28.891935483870967,25.61387096774193
Banaskantha,2024,6,34.57966666666667,66.17,46.62766666666666,22.691333333333333
Banaskantha,2024,7,30.79774193548387,197.5,72.07000000000001,15.685806451612905
Banaskantha,2024,8,27.86064516129032,380.35,84.26064516129033,13.406774193548388
Banaskantha,2024,9,26.845333333333333,190.96,87.96066666666667,17.324333333333335
Banaskantha,2024,10,26.48774193548387,21.07,75.53548387096774,17.905806451612904
Banaskantha,2024,11,23.305666666666664,0.0,51.75066666666667,16.468666666666667
Banaskantha,2024,12,18.14161290322581,1.53,45.65677419354839,14.168387096774197
Banaskantha,2025,1,19.11032258064516,0.0,37.33935483870968,16.12258064516129
Banaskantha,2025,2,23.535714285714285,0.0,24.795,19.150357142857143
Banaskantha,2025,3,28.03935483870968,0.0,18.68290322580645,23.017419354838708
Banaskantha,2025,4,32.65566666666667,0.82,21.659,25.323
Banaskantha,2025,5,33.218709677419355,70.51,45.45741935483871,24.085483870967742
Banaskantha,2025,6,31.577,133.63,60.65166666666666,18.72
Banaskantha,2025,7,27.77709677419355,345.34000000000003,84.97935483870968,13.63
Banaskantha,2025,8,27.30838709677419,274.24,86.03483870967742,15.681290322580644
Banaskantha,2025,9,26.371,141.59,86.35233333333333,17.087666666666667
Banaskantha,2025,10,24.59354838709677,95.9,73.66806451612904,16.326451612903227
Banaskantha,2025,11,21.254,7.6,62.56,15.748
Banaskantha,2025,12,19.98741935483871,0.06,50.24322580645161,15.395806451612902
Banaskantha,2026,1,17.886451612903226,0.14,46.21064516129032,15.089999999999998
Banaskantha,2026,2,23.28857142857143,0.0,36.043214285714285,17.682142857142857
Banaskantha,2026,3,28.182258064516127,3.09,29.427419354838708,21.92
Banaskantha,2026,4,31.44,0.09,27.362666666666662,24.59466666666667
Banaskantha,2026,5,34.95935483870968,6.46,33.21612903225807,26.440645161290323
Banaskantha,2026,6,34.68666666666666,30.32,46.223,23.215333333333334
Banaskantha,2026,7,30.60967741935484,318.02,68.61709677419356,14.808387096774194
Banaskantha,2026,8,27.162,114.42,85.06099999999999,14.372857142857145
Bharuch,2015,1,22.01225806451613,2.82,40.69161290322581,16.37709677419355
Bharuch,2015,2,25.426428571428573,0.13,37.98535714285714,20.052857142857142
Bharuch,2015,3,28.616451612903223,11.91,37.28322580645161,22.64741935483871
Bharuch,2015,4,31.082666666666668,10.2,52.189,24.723666666666663
Bharuch,2015,5,33.84096774193548,1.3,49.86290322580645,26.59032258064516
Bharuch,2015,6,29.920333333333332,461.43,75.18566666666668,19.68133333333333
Bharuch,2015,7,28.05322580645161,207.35,82.54322580645162,16.316129032258065
Bharuch,2015,8,27.72741935483871,67.11,82.09387096774194,17.54290322580645
Bharuch,2015,9,27.685,395.32,79.21499999999999,18.584
Bharuch,2015,10,28.22774193548387,6.970000000000001,63.9483870967742,19.036129032258064
Bharuch,2015,11,27.105666666666664,0.93,46.28933333333334,16.131333333333334
Bharuch,2015,12,23.58,0.0,23.817419354838712,16.386129032258065
Bharuch,2016,1,23.25193548387097,0.0,28.098387096774196,16.913225806451614
Bharuch,2016,2,25.62862068965517,0.0,34.18551724137931,19.80034482758621
Bharuch,2016,3,29.934193548387096,1.26,34.79129032258064,23.14516129032258
Bharuch,2016,4,32.00033333333333,0.01,42.382,25.74633333333333
Bharuch,2016,5,33.57838709677419,1.73,52.90064516129033,25.77774193548387
Bharuch,2016,6,31.841666666666665,82.79,63.638,21.808666666666667
Bharuch,2016,7,27.79387096774193,415.97,84.67709677419354,14.406451612903227
Bharuch,2016,8,26.85322580645161,249.33,87.93387096774192,14.47741935483871
Bharuch,2016,9,26.740666666666662,199.5,85.00966666666666,17.642
Bharuch,2016,10,25.99225806451613,86.31,71.0841935483871,17.708064516129035
Bharuch,2016,11,23.26633333333333,0.0,50.096,17.935
Bharuch,2016,12,23.373548387096776,0.0,30.57032258064516,16.91322580645161
Bharuch,2017,1,22.826129032258063,0.0,33.48225806451613,16.760645161290324
Bharuch,2017,2,26.05892857142857,0.0,26.42178571428571,20.501785714285717
Bharuch,2017,3,28.88,0.0,31.88290322580645,24.07322580645161
Bharuch,2017,4,31.383,0.0,41.534,26.779666666666667
Bharuch,2017,5,33.821290322580644,1.01,49.33935483870968,26.35451612903226
Bharuch,2017,6,30.545333333333332,215.0,73.55266666666667,21.231333333333332
Bharuch,2017,7,27.46032258064516,483.91,86.65870967741935,14.306774193548389
Bharuch,2017,8,27.093870967741932,321.14,87.36645161290323,15.956451612903225
Bharuch,2017,9,27.484,78.86999999999999,84.13799999999999,18.129666666666665
Bharuch,2017,10,27.50225806451613,26.78,66.42322580645161,19.083870967741937
Bharuch,2017,11,24.629,0.0,46.076,16.631333333333334
Bharuch,2017,12,22.417096774193546,18.290000000000003,43.642580645161296,12.98032258064516
Bharuch,2018,1,23.7241935483871,0.0,31.101290322580645,16.586451612903225
Bharuch,2018,2,26.839642857142856,0.0,29.58392857142857,18.693571428571428
Bharuch,2018,3,29.806129032258063,0.01,31.96,22.78548387096774
Bharuch,2018,4,32.31433333333333,0.0,44.449,25.988
Bharuch,2018,5,33.56967741935484,0.0,50.49870967741936,26.111612903225808
Bharuch,2018,6,31.433,128.02,66.78233333333334,20.908666666666665
Bharuch,2018,7,27.32032258064516,679.05,88.15806451612903,11.839354838709676
Bharuch,2018,8,26.605806451612903,191.44,87.21451612903226,14.456774193548387
Bharuch,2018,9,26.654,55.7,80.08933333333334,19.284333333333333
Bharuch,2018,10,28.97322580645161,0.86,49.222903225806455,19.537096774193547
Bharuch,2018,11,27.520666666666667,0.18,30.389333333333333,16.741
Bharuch,2018,12,22.176451612903225,0.0,26.67258064516129,15.45483870967742
Bharuch,2019,1,21.10225806451613,0.0,25.050967741935484,16.95193548387097
Bharuch,2019,2,23.89,0.0,33.31285714285714,19.52
Bharuch,2019,3,27.986451612903227,0.0,32.72064516129032,23.903548387096773
Bharuch,2019,4,32.739,0.76,39.403666666666666,25.98133333333333
Bharuch,2019,5,32.96741935483871,0.05,48.73193548387097,26.94516129032258
Bharuch,2019,6,31.12833333333333,287.09000000000003,68.72399999999999,20.60666666666667
Bharuch,2019,7,28.34225806451613,440.74,85.65741935483871,16.328387096774193
Bharuch,2019,8,26.96032258064516,515.73,89.18677419354839,14.235161290322582
Bharuch,2019,9,27.019333333333336,428.8,91.03366666666668,13.978666666666667
Bharuch,2019,10,26.061935483870965,55.3,83.42032258064516,17.298709677419353
Bharuch,2019,11,24.302333333333333,24.38,78.466,14.473
Bharuch,2019,12,21.728387096774195,0.03,69.08645161290322,13.994516129032258
Bharuch,2020,1,20.351612903225806,0.0,54.20516129032258,16.119032258064514
Bharuch,2020,2,24.82448275862069,0.0,33.34827586206897,19.401724137931037
Bharuch,2020,3,27.25,3.67,42.093870967741935,22.690967741935484
Bharuch,2020,4,33.212666666666664,0.01,36.35933333333333,25.949
Bharuch,2020,5,34.45870967741936,0.95,46.65096774193549,27.116774193548387
Bharuch,2020,6,29.563333333333333,271.51,77.48700000000001,19.82333333333333
Bharuch,2020,7,28.23322580645161,370.5,86.66741935483871,19.101935483870967
Bharuch,2020,8,27.311935483870965,809.78,90.72967741935484,13.297741935483872
Bharuch,2020,9,27.69066666666667,195.86,86.648,17.071666666666665
Bharuch,2020,10,26.771290322580644,23.61,76.10903225806452,18.69935483870968
Bharuch,2020,11,23.49,0.11,63.85433333333333,16.408333333333335
Bharuch,2020,12,22.344838709677425,29.69,58.04451612903226,14.693870967741937
Bharuch,2021,1,23.0841935483871,0.74,39.63225806451613,15.823225806451612
Bharuch,2021,2,25.55178571428572,0.21,31.31714285714286,19.974642857142857
Bharuch,2021,3,29.76806451612903,0.02,31.384516129032257,23.94741935483871
Bharuch,2021,4,32.12466666666667,1.19,44.362,24.891666666666666
Bharuch,2021,5,32.391612903225806,126.1,55.95903225806452,22.886451612903222
Bharuch,2021,6,29.695666666666668,286.51,76.036,20.46433333333333
Bharuch,2021,7,28.41193548387097,183.77,82.52129032258064,16.648387096774194
Bharuch,2021,8,27.266451612903225,201.58,83.8583870967742,15.705806451612904
Bharuch,2021,9,27.034333333333333,628.23,90.04533333333333,13.959666666666667
Bharuch,2021,10,26.101612903225806,43.72,78.44193548387096,18.635806451612904
Bharuch,2021,11,23.666,11.5,73.18433333333334,15.411666666666669
Bharuch,2021,12,21.146774193548385,39.98,68.0374193548387,12.561935483870968
Bharuch,2022,1,20.28516129032258,0.15,53.49483870967742,16.24258064516129
Bharuch,2022,2,23.883928571428573,0.0,43.74357142857143,20.735000000000003
Bharuch,2022,3,30.312258064516133,0.17,27.3283870967742,22.085806451612903
Bharuch,2022,4,33.15833333333333,0.0,38.84433333333333,25.14466666666667
Bharuch,2022,5,33.12419354838709,0.1699999999999999,53.270967741935486,25.300967741935484
Bharuch,2022,6,30.689666666666664,172.87,68.97166666666666,21.17366666666667
Bharuch,2022,7,27.153548387096773,658.89,89.71483870967741,14.13
Bharuch,2022,8,26.90064516129032,309.1,88.18258064516128,17.065161290322582
Bharuch,2022,9,27.212333333333333,231.85,87.241,16.866333333333333
Bharuch,2022,10,25.43935483870968,80.74000000000001,76.63645161290323,18.201290322580647
Bharuch,2022,11,23.174333333333333,0.0,62.65233333333333,17.442999999999998
Bharuch,2022,12,23.40096774193548,7.74,54.92741935483871,14.767096774193549
Bharuch,2023,1,21.55967741935484,0.25,40.10193548387097,15.830645161290322
Bharuch,2023,2,25.935,0.0,22.862142857142857,21.262857142857143
Bharuch,2023,3,28.414516129032258,16.87,39.35354838709677,20.26806451612903
Bharuch,2023,4,31.18433333333333,12.58,41.35266666666666,24.360666666666663
Bharuch,2023,5,32.82677419354839,11.96,49.9741935483871,26.69290322580645
Bharuch,2023,6,30.912666666666667,224.18,67.70066666666666,19.963666666666665
Bharuch,2023,7,27.89548387096774,670.19,88.64451612903225,13.846129032258066
Bharuch,2023,8,27.037419354838708,30.53,85.68354838709678,15.07
Bharuch,2023,9,27.705666666666666,208.73,84.429,16.179666666666666
Bharuch,2023,10,27.173870967741934,0.22,67.59129032258065,19.30322580645161
Bharuch,2023,11,25.541666666666668,43.36,53.18233333333333,14.532
Bharuch,2023,12,23.414193548387097,1.26,56.142580645161296,13.468709677419351
Bharuch,2024,1,22.982903225806453,0.15,37.03709677419355,15.508064516129032
Bharuch,2024,2,25.78586206896552,0.0,33.033793103448275,19.07793103448276
Bharuch,2024,3,28.238064516129032,1.19,33.46612903225807,23.346129032258062
Bharuch,2024,4,32.969,0.25,36.27166666666667,24.581666666666667
Bharuch,2024,5,35.02129032258065,2.28,43.39064516129033,25.46516129032258
Bharuch,2024,6,32.32833333333333,146.28,63.781333333333336,20.248
Bharuch,2024,7,28.18935483870968,597.93,88.12774193548387,12.601612903225806
Bharuch,2024,8,27.403548387096773,402.03,89.02741935483871,13.577741935483871
Bharuch,2024,9,27.011000000000003,393.71,89.10933333333334,15.681666666666668
Bharuch,2024,10,27.037096774193547,79.78,83.50548387096775,17.219354838709677
Bharuch,2024,11,22.462666666666667,0.0,72.26266666666668,16.476666666666667
Bharuch,2024,12,20.69677419354839,0.87,63.03903225806452,14.352580645161291
Bharuch,2025,1,22.514193548387095,0.0,43.611935483870965,16.236451612903224
Bharuch,2025,2,26.348214285714285,0.0,29.8925,19.998214285714287
Bharuch,2025,3,29.853548387096776,0.0,27.76322580645161,23.34354838709677
Bharuch,2025,4,32.97566666666667,0.92,38.82633333333333,25.667
Bharuch,2025,5,31.121935483870967,103.01,66.14645161290322,21.318064516129034
Bharuch,2025,6,29.98333333333333,352.77,75.91066666666667,16.76
Bharuch,2025,7,27.448064516129037,365.06,88.26516129032258,13.36741935483871
Bharuch,2025,8,27.141935483870967,247.45,87.45870967741935,14.78935483870968
Bharuch,2025,9,26.762,250.82,87.56966666666668,14.755333333333333
Bharuch,2025,10,25.815806451612904,141.8,81.44645161290323,15.941290322580643
Bharuch,2025,11,21.79866666666667,13.16,72.00433333333334,16.548
Bharuch,2025,12,21.13967741935484,0.0,55.30774193548387,16.0841935483871
Bharuch,2026,1,22.28322580645161,0.0,46.75032258064516,14.83290322580645
Bharuch,2026,2,26.82857142857143,1.19,38.27357142857143,16.964642857142856
Bharuch,2026,3,29.926129032258064,4.34,35.37419354838709,23.90806451612903
Bharuch,2026,4,32.16,7.27,42.055,24.973000000000003
Bharuch,2026,5,34.413225806451614,0.1,48.10548387096774,26.325806451612905
Bharuch,2026,6,32.644333333333336,67.28,61.635666666666665,22.339
Bharuch,2026,7,28.29741935483871,843.89,86.39225806451613,11.810645161290322
Bharuch,2026,8,26.944666666666667,262.08,89.74166666666666,13.350714285714286
Bhavnagar,2015,1,20.46258064516129,3.99,38.96870967741936,16.37709677419355
Bhavnagar,2015,2,24.71392857142857,0.25,33.113214285714285,20.052857142857142
Bhavnagar,2015,3,28.049354838709675,12.63,32.51225806451613,22.64741935483871
Bhavnagar,2015,4,32.71866666666667,9.920000000000002,36.46333333333334,24.723666666666663
Bhavnagar,2015,5,35.50677419354839,3.71,36.56064516129032,26.59032258064516
Bhavnagar,2015,6,31.369000000000003,282.24,66.21733333333333,19.68133333333333
Bhavnagar,2015,7,29.27354838709677,199.54,74.50096774193547,16.316129032258065
Bhavnagar,2015,8,29.031290322580645,28.130000000000003,73.8816129032258,17.54290322580645
Bhavnagar,2015,9,28.912,181.81,70.04333333333334,18.584
Bhavnagar,2015,10,28.825806451612905,0.31,58.12096774193548,19.036129032258064
Bhavnagar,2015,11,26.435666666666663,0.04,42.14266666666666,16.131333333333334
Bhavnagar,2015,12,21.857741935483872,0.0,22.48322580645161,16.386129032258065
Bhavnagar,2016,1,22.12,0.0,28.786451612903225,16.913225806451614
Bhavnagar,2016,2,24.428965517241377,0.0,25.446206896551725,19.80034482758621
Bhavnagar,2016,3,29.898387096774197,0.67,27.48677419354839,23.14516129032258
Bhavnagar,2016,4,32.63633333333333,0.0,33.01466666666666,25.74633333333333
Bhavnagar,2016,5,35.58806451612903,0.61,37.86032258064516,25.77774193548387
Bhavnagar,2016,6,33.702,31.97,52.25433333333333,21.808666666666667
Bhavnagar,2016,7,29.504193548387097,198.54,73.76096774193549,14.406451612903227
Bhavnagar,2016,8,28.13193548387097,173.18,79.42193548387097,14.47741935483871
Bhavnagar,2016,9,27.719,147.51,75.92233333333334,17.642
Bhavnagar,2016,10,26.361612903225808,58.5,68.09161290322581,17.708064516129035
Bhavnagar,2016,11,23.383,0.0,48.39666666666667,17.935
Bhavnagar,2016,12,22.20290322580645,0.0,37.41193548387097,16.91322580645161
Bhavnagar,2017,1,21.448709677419355,0.0,31.92290322580645,16.760645161290324
Bhavnagar,2017,2,24.855357142857144,0.0,25.09892857142857,20.501785714285717
Bhavnagar,2017,3,28.67096774193548,0.0,24.94483870967742,24.07322580645161
Bhavnagar,2017,4,32.535333333333334,0.0,29.688333333333333,26.779666666666667
Bhavnagar,2017,5,35.63645161290323,1.47,34.12483870967741,26.35451612903226
Bhavnagar,2017,6,32.202,118.29,63.41333333333333,21.231333333333332
Bhavnagar,2017,7,28.19903225806452,420.09,80.79096774193549,14.306774193548389
Bhavnagar,2017,8,27.84451612903226,212.31,82.05129032258066,15.956451612903225
Bhavnagar,2017,9,27.869666666666667,65.78,78.843,18.129666666666665
Bhavnagar,2017,10,27.595161290322583,15.7,61.33,19.083870967741937
Bhavnagar,2017,11,23.283,0.0,49.994,16.631333333333334
Bhavnagar,2017,12,20.42806451612903,9.24,49.28225806451613,12.98032258064516
Bhavnagar,2018,1,22.16516129032258,0.0,30.98967741935484,16.586451612903225
Bhavnagar,2018,2,25.650714285714287,0.01,27.55642857142857,18.693571428571428
Bhavnagar,2018,3,29.511935483870968,0.0,27.053870967741933,22.78548387096774
Bhavnagar,2018,4,33.458,0.0,28.490666666666662,25.988
Bhavnagar,2018,5,35.6983870967742,0.0,34.16258064516129,26.111612903225808
Bhavnagar,2018,6,34.223,33.23,51.39533333333333,20.908666666666665
Bhavnagar,2018,7,28.741935483870968,319.59000000000003,78.39451612903225,11.839354838709676
Bhavnagar,2018,8,27.65032258064516,134.64,79.62258064516129,14.456774193548387
Bhavnagar,2018,9,27.792,30.35,71.098,19.284333333333333
Bhavnagar,2018,10,29.215806451612902,1.09,48.03354838709677,19.537096774193547
Bhavnagar,2018,11,26.474,0.0,32.30166666666666,16.741
Bhavnagar,2018,12,20.828064516129032,0.0,28.894516129032255,15.45483870967742
Bhavnagar,2019,1,20.06451612903226,0.0,26.186774193548384,16.95193548387097
Bhavnagar,2019,2,23.100357142857145,0.0,30.93,19.52
Bhavnagar,2019,3,27.79096774193548,0.0,27.86225806451613,23.903548387096773
Bhavnagar,2019,4,33.563,0.6900000000000001,27.401333333333334,25.98133333333333
Bhavnagar,2019,5,34.3558064516129,0.31,37.148387096774194,26.94516129032258
Bhavnagar,2019,6,32.991,207.36,57.30433333333334,20.60666666666667
Bhavnagar,2019,7,29.89741935483871,183.66,74.05580645161291,16.328387096774193
Bhavnagar,2019,8,27.58935483870968,389.32,84.11129032258064,14.235161290322582
Bhavnagar,2019,9,27.44833333333333,346.59,88.13866666666667,13.978666666666667
Bhavnagar,2019,10,26.307741935483868,42.4,80.53548387096774,17.298709677419353
Bhavnagar,2019,11,24.072,15.12,79.02,14.473
Bhavnagar,2019,12,19.313548387096777,0.03,71.64903225806451,13.994516129032258
Bhavnagar,2020,1,17.864193548387096,0.0,60.11387096774193,16.119032258064514
Bhavnagar,2020,2,22.657586206896557,0.0,38.18551724137932,19.401724137931037
Bhavnagar,2020,3,26.966129032258067,2.26,34.127419354838715,22.690967741935484
Bhavnagar,2020,4,33.867333333333335,0.0,27.81066666666667,25.949
Bhavnagar,2020,5,35.83483870967742,0.2299999999999999,35.09903225806451,27.116774193548387
Bhavnagar,2020,6,30.856,200.31,70.28366666666666,19.82333333333333
Bhavnagar,2020,7,29.311290322580643,196.54,79.7058064516129,19.101935483870967
Bhavnagar,2020,8,27.872258064516128,505.18,86.62096774193549,13.297741935483872
Bhavnagar,2020,9,27.94066666666667,139.47,82.66900000000001,17.071666666666665
Bhavnagar,2020,10,26.904838709677417,31.23,72.75032258064515,18.69935483870968
Bhavnagar,2020,11,21.920666666666666,0.0,64.98933333333333,16.408333333333335
Bhavnagar,2020,12,20.144193548387097,14.12,58.59838709677419,14.693870967741937
Bhavnagar,2021,1,19.53290322580645,0.0,41.38741935483871,15.823225806451612
Bhavnagar,2021,2,24.54642857142857,0.0,31.03142857142857,19.974642857142857
Bhavnagar,2021,3,29.970967741935485,0.0,25.37032258064516,23.94741935483871
Bhavnagar,2021,4,33.25633333333334,0.28,30.217666666666663,24.891666666666666
Bhavnagar,2021,5,33.58548387096774,101.21,45.81806451612903,22.886451612903222
Bhavnagar,2021,6,31.836,190.32,62.335,20.46433333333333
Bhavnagar,2021,7,29.776774193548388,100.08,72.79064516129033,16.648387096774194
Bhavnagar,2021,8,29.067741935483877,86.94,71.71322580645162,15.705806451612904
Bhavnagar,2021,9,27.841,428.36,84.42399999999999,13.959666666666667
Bhavnagar,2021,10,26.376129032258063,9.6,73.8025806451613,18.635806451612904
Bhavnagar,2021,11,23.114,1.54,69.05666666666666,15.411666666666669
Bhavnagar,2021,12,20.15806451612903,14.31,64.14709677419354,12.561935483870968
Bhavnagar,2022,1,18.956451612903223,0.7700000000000001,53.31225806451613,16.24258064516129
Bhavnagar,2022,2,23.479285714285712,0.0,37.847142857142856,20.735000000000003
Bhavnagar,2022,3,30.35741935483871,0.0,22.45709677419355,22.085806451612903
Bhavnagar,2022,4,34.342666666666666,0.04,25.20266666666667,25.14466666666667
Bhavnagar,2022,5,35.281290322580645,0.0,38.523870967741935,25.300967741935484
Bhavnagar,2022,6,32.535333333333334,75.35,57.306,21.17366666666667
Bhavnagar,2022,7,28.07161290322581,358.29,82.79838709677419,14.13
Bhavnagar,2022,8,27.648064516129036,165.16,83.19193548387096,17.065161290322582
Bhavnagar,2022,9,27.438666666666663,151.11999999999998,81.953,16.866333333333333
Bhavnagar,2022,10,26.335483870967742,39.85,68.51193548387097,18.201290322580647
Bhavnagar,2022,11,23.342,0.0,57.897000000000006,17.442999999999998
Bhavnagar,2022,12,21.70290322580645,2.9,50.33483870967741,14.767096774193549
Bhavnagar,2023,1,19.66354838709677,0.43,37.90870967741936,15.830645161290322
Bhavnagar,2023,2,24.929642857142856,0.0,25.180714285714288,21.262857142857143
Bhavnagar,2023,3,28.305806451612906,24.98,36.00258064516129,20.26806451612903
Bhavnagar,2023,4,31.782,14.17,33.45366666666667,24.360666666666663
Bhavnagar,2023,5,33.743870967741934,26.28,42.26516129032258,26.69290322580645
Bhavnagar,2023,6,31.523666666666667,195.01,63.667,19.963666666666665
Bhavnagar,2023,7,28.622258064516128,474.54,83.96709677419355,13.846129032258066
Bhavnagar,2023,8,27.716129032258067,12.93,80.52548387096775,15.07
Bhavnagar,2023,9,28.444000000000003,128.20000000000002,77.83266666666667,16.179666666666666
Bhavnagar,2023,10,27.95709677419355,0.77,61.93096774193548,19.30322580645161
Bhavnagar,2023,11,24.585,33.36,55.32166666666667,14.532
Bhavnagar,2023,12,22.010967741935485,0.69,53.84193548387096,13.468709677419351
Bhavnagar,2024,1,21.396451612903224,0.19,36.07903225806452,15.508064516129032
Bhavnagar,2024,2,24.75379310344828,0.0,29.11344827586207,19.07793103448276
Bhavnagar,2024,3,28.19032258064516,2.53,27.20483870967742,23.346129032258062
Bhavnagar,2024,4,33.017,0.03,30.316333333333333,24.581666666666667
Bhavnagar,2024,5,36.086129032258064,7.069999999999999,33.86419354838709,25.46516129032258
Bhavnagar,2024,6,34.096666666666664,110.14,53.2,20.248
Bhavnagar,2024,7,29.62903225806452,246.88,79.50225806451614,12.601612903225806
Bhavnagar,2024,8,28.34741935483871,290.23,82.00806451612904,13.577741935483871
Bhavnagar,2024,9,27.709333333333333,235.7,82.76166666666667,15.681666666666668
Bhavnagar,2024,10,27.4358064516129,48.75000000000001,78.6258064516129,17.219354838709677
Bhavnagar,2024,11,22.904666666666667,0.0,67.65133333333333,16.476666666666667
Bhavnagar,2024,12,18.416451612903224,0.01,60.14032258064516,14.352580645161291
Bhavnagar,2025,1,20.08451612903226,0.0,47.47741935483871,16.236451612903224
Bhavnagar,2025,2,25.21857142857143,0.0,30.648928571428574,19.998214285714287
Bhavnagar,2025,3,29.633548387096774,0.0,22.75516129032258,23.34354838709677
Bhavnagar,2025,4,34.05166666666666,1.09,25.421333333333333,25.667
Bhavnagar,2025,5,32.476129032258065,104.92,57.240967741935485,21.318064516129034
Bhavnagar,2025,6,31.208,269.74,67.66166666666666,16.76
Bhavnagar,2025,7,28.43387096774193,198.37,81.78935483870967,13.36741935483871
Bhavnagar,2025,8,28.22483870967742,147.18,80.82096774193548,14.78935483870968
Bhavnagar,2025,9,27.59733333333333,167.97,81.07333333333332,14.755333333333333
Bhavnagar,2025,10,26.03419354838709,123.2,76.21548387096773,15.941290322580643
Bhavnagar,2025,11,21.613,20.09,71.54466666666667,16.548
Bhavnagar,2025,12,19.91354838709677,0.1,64.20290322580645,16.0841935483871
Bhavnagar,2026,1,19.316451612903226,0.17,49.953870967741935,14.83290322580645
Bhavnagar,2026,2,25.14428571428571,0.22,39.58928571428572,16.964642857142856
Bhavnagar,2026,3,29.7041935483871,7.97,33.49612903225806,23.90806451612903
Bhavnagar,2026,4,32.76466666666667,7.65,33.255,24.973000000000003
Bhavnagar,2026,5,36.0758064516129,0.22,37.28806451612903,26.325806451612905
Bhavnagar,2026,6,35.149,31.62,47.664,22.339
Bhavnagar,2026,7,29.488387096774197,392.81,77.11999999999999,11.810645161290322
Bhavnagar,2026,8,27.774,137.13,82.40233333333335,13.350714285714286
Botad,2015,1,20.46258064516129,3.99,38.96870967741936,16.462258064516128
Botad,2015,2,24.71392857142857,0.25,33.113214285714285,20.02785714285714
Botad,2015,3,28.049354838709675,12.63,32.51225806451613,22.053870967741933
Botad,2015,4,32.71866666666667,9.920000000000002,36.46333333333334,24.755
Botad,2015,5,35.50677419354839,3.71,36.56064516129032,27.11709677419355
Botad,2015,6,31.369000000000003,282.24,66.21733333333333,20.92866666666667
Botad,2015,7,29.27354838709677,199.54,74.50096774193547,16.796451612903223
Botad,2015,8,29.031290322580645,28.130000000000003,73.8816129032258,18.552258064516128
Botad,2015,9,28.912,181.81,70.04333333333334,19.674333333333333
Botad,2015,10,28.825806451612905,0.31,58.12096774193548,19.330645161290324
Botad,2015,11,26.435666666666663,0.04,42.14266666666666,16.244666666666667
Botad,2015,12,21.857741935483872,0.0,22.48322580645161,16.357096774193547
Botad,2016,1,22.12,0.0,28.786451612903225,16.76258064516129
Botad,2016,2,24.428965517241377,0.0,25.446206896551725,19.49344827586207
Botad,2016,3,29.898387096774197,0.67,27.48677419354839,23.06032258064516
Botad,2016,4,32.63633333333333,0.0,33.01466666666666,25.575333333333333
Botad,2016,5,35.58806451612903,0.61,37.86032258064516,26.34354838709677
Botad,2016,6,33.702,31.97,52.25433333333333,22.87933333333333
Botad,2016,7,29.504193548387097,198.54,73.76096774193549,15.710967741935484
Botad,2016,8,28.13193548387097,173.18,79.42193548387097,14.618387096774194
Botad,2016,9,27.719,147.51,75.92233333333334,19.784
Botad,2016,10,26.361612903225808,58.5,68.09161290322581,18.011612903225807
Botad,2016,11,23.383,0.0,48.39666666666667,17.498333333333335
Botad,2016,12,22.20290322580645,0.0,37.41193548387097,16.50258064516129
Botad,2017,1,21.448709677419355,0.0,31.92290322580645,16.56935483870968
Botad,2017,2,24.855357142857144,0.0,25.09892857142857,20.27607142857143
Botad,2017,3,28.67096774193548,0.0,24.94483870967742,23.904516129032256
Botad,2017,4,32.535333333333334,0.0,29.688333333333333,26.74233333333333
Botad,2017,5,35.63645161290323,1.47,34.12483870967741,26.65838709677419
Botad,2017,6,32.202,118.29,63.41333333333333,21.617666666666665
Botad,2017,7,28.19903225806452,420.09,80.79096774193549,13.064193548387095
Botad,2017,8,27.84451612903226,212.31,82.05129032258066,16.41774193548387
Botad,2017,9,27.869666666666667,65.78,78.843,18.505666666666663
Botad,2017,10,27.595161290322583,15.7,61.33,19.46483870967742
Botad,2017,11,23.283,0.0,49.994,16.442333333333334
Botad,2017,12,20.42806451612903,9.24,49.28225806451613,13.121290322580643
Botad,2018,1,22.16516129032258,0.0,30.98967741935484,16.40774193548387
Botad,2018,2,25.650714285714287,0.01,27.55642857142857,18.738928571428573
Botad,2018,3,29.511935483870968,0.0,27.053870967741933,23.673870967741934
Botad,2018,4,33.458,0.0,28.490666666666662,25.932666666666663
Botad,2018,5,35.6983870967742,0.0,34.16258064516129,26.52387096774193
Botad,2018,6,34.223,33.23,51.39533333333333,21.322
Botad,2018,7,28.741935483870968,319.59000000000003,78.39451612903225,13.416451612903227
Botad,2018,8,27.65032258064516,134.64,79.62258064516129,14.070645161290322
Botad,2018,9,27.792,30.35,71.098,19.24233333333333
Botad,2018,10,29.215806451612902,1.09,48.03354838709677,19.51516129032258
Botad,2018,11,26.474,0.0,32.30166666666666,16.734666666666666
Botad,2018,12,20.828064516129032,0.0,28.894516129032255,15.279032258064516
Botad,2019,1,20.06451612903226,0.0,26.186774193548384,16.98741935483871
Botad,2019,2,23.100357142857145,0.0,30.93,19.61142857142857
Botad,2019,3,27.79096774193548,0.0,27.86225806451613,23.406451612903226
Botad,2019,4,33.563,0.6900000000000001,27.401333333333334,25.997666666666664
Botad,2019,5,34.3558064516129,0.31,37.148387096774194,27.008709677419358
Botad,2019,6,32.991,207.36,57.30433333333334,21.159
Botad,2019,7,29.89741935483871,183.66,74.05580645161291,17.05548387096774
Botad,2019,8,27.58935483870968,389.32,84.11129032258064,14.822258064516127
Botad,2019,9,27.44833333333333,346.59,88.13866666666667,14.151000000000002
Botad,2019,10,26.307741935483868,42.4,80.53548387096774,18.17290322580645
Botad,2019,11,24.072,15.12,79.02,15.006666666666666
Botad,2019,12,19.313548387096777,0.03,71.64903225806451,14.084516129032258
Botad,2020,1,17.864193548387096,0.0,60.11387096774193,16.16741935483871
Botad,2020,2,22.657586206896557,0.0,38.18551724137932,19.388620689655173
Botad,2020,3,26.966129032258067,2.26,34.127419354838715,22.528709677419357
Botad,2020,4,33.867333333333335,0.0,27.81066666666667,25.921333333333333
Botad,2020,5,35.83483870967742,0.2299999999999999,35.09903225806451,27.486129032258063
Botad,2020,6,30.856,200.31,70.28366666666666,21.07
Botad,2020,7,29.311290322580643,196.54,79.7058064516129,18.20290322580645
Botad,2020,8,27.872258064516128,505.18,86.62096774193549,13.79516129032258
Botad,2020,9,27.94066666666667,139.47,82.66900000000001,18.345666666666663
Botad,2020,10,26.904838709677417,31.23,72.75032258064515,19.2041935483871
Botad,2020,11,21.920666666666666,0.0,64.98933333333333,16.512333333333334
Botad,2020,12,20.144193548387097,14.12,58.59838709677419,15.01258064516129
Botad,2021,1,19.53290322580645,0.0,41.38741935483871,16.344193548387096
Botad,2021,2,24.54642857142857,0.0,31.03142857142857,19.646071428571428
Botad,2021,3,29.970967741935485,0.0,25.37032258064516,23.86935483870968
Botad,2021,4,33.25633333333334,0.28,30.217666666666663,25.362
Botad,2021,5,33.58548387096774,101.21,45.81806451612903,23.850967741935484
Botad,2021,6,31.836,190.32,62.335,21.023666666666667
Botad,2021,7,29.776774193548388,100.08,72.79064516129033,16.575483870967744
Botad,2021,8,29.067741935483877,86.94,71.71322580645162,16.324516129032258
Botad,2021,9,27.841,428.36,84.42399999999999,13.433666666666666
Botad,2021,10,26.376129032258063,9.6,73.8025806451613,19.087741935483876
Botad,2021,11,23.114,1.54,69.05666666666666,15.439666666666666
Botad,2021,12,20.15806451612903,14.31,64.14709677419354,13.378387096774194
Botad,2022,1,18.956451612903223,0.7700000000000001,53.31225806451613,16.183225806451613
Botad,2022,2,23.479285714285712,0.0,37.847142857142856,20.403214285714284
Botad,2022,3,30.35741935483871,0.0,22.45709677419355,22.956129032258065
Botad,2022,4,34.342666666666666,0.04,25.20266666666667,25.675666666666665
Botad,2022,5,35.281290322580645,0.0,38.523870967741935,25.585806451612903
Botad,2022,6,32.535333333333334,75.35,57.306,22.020333333333333
Botad,2022,7,28.07161290322581,358.29,82.79838709677419,15.013548387096774
Botad,2022,8,27.648064516129036,165.16,83.19193548387096,15.378064516129031
Botad,2022,9,27.438666666666663,151.11999999999998,81.953,18.75
Botad,2022,10,26.335483870967742,39.85,68.51193548387097,19.080967741935485
Botad,2022,11,23.342,0.0,57.897000000000006,17.090333333333334
Botad,2022,12,21.70290322580645,2.9,50.33483870967741,15.378064516129031
Botad,2023,1,19.66354838709677,0.43,37.90870967741936,16.190645161290323
Botad,2023,2,24.929642857142856,0.0,25.180714285714288,21.117142857142856
Botad,2023,3,28.305806451612906,24.98,36.00258064516129,20.28
Botad,2023,4,31.782,14.17,33.45366666666667,24.031333333333336
Botad,2023,5,33.743870967741934,26.28,42.26516129032258,26.001612903225805
Botad,2023,6,31.523666666666667,195.01,63.667,20.231
Botad,2023,7,28.622258064516128,474.54,83.96709677419355,14.668709677419356
Botad,2023,8,27.716129032258067,12.93,80.52548387096775,14.38258064516129
Botad,2023,9,28.444000000000003,128.20000000000002,77.83266666666667,17.84
Botad,2023,10,27.95709677419355,0.77,61.93096774193548,19.52064516129032
Botad,2023,11,24.585,33.36,55.32166666666667,15.098666666666666
Botad,2023,12,22.010967741935485,0.69,53.84193548387096,13.72967741935484
Botad,2024,1,21.396451612903224,0.19,36.07903225806452,15.941612903225806
Botad,2024,2,24.75379310344828,0.0,29.11344827586207,19.14448275862069
Botad,2024,3,28.19032258064516,2.53,27.20483870967742,23.298709677419357
Botad,2024,4,33.017,0.03,30.316333333333333,24.648666666666667
Botad,2024,5,36.086129032258064,7.069999999999999,33.86419354838709,25.568064516129034
Botad,2024,6,34.096666666666664,110.14,53.2,21.549
Botad,2024,7,29.62903225806452,246.88,79.50225806451614,13.895806451612902
Botad,2024,8,28.34741935483871,290.23,82.00806451612904,12.876451612903226
Botad,2024,9,27.709333333333333,235.7,82.76166666666667,17.118
Botad,2024,10,27.4358064516129,48.75000000000001,78.6258064516129,17.368709677419353
Botad,2024,11,22.904666666666667,0.0,67.65133333333333,16.508
Botad,2024,12,18.416451612903224,0.01,60.14032258064516,14.549032258064516
Botad,2025,1,20.08451612903226,0.0,47.47741935483871,16.432903225806452
Botad,2025,2,25.21857142857143,0.0,30.648928571428574,19.580714285714286
Botad,2025,3,29.633548387096774,0.0,22.75516129032258,23.94903225806452
Botad,2025,4,34.05166666666666,1.09,25.421333333333333,26.455
Botad,2025,5,32.476129032258065,104.92,57.240967741935485,23.246451612903225
Botad,2025,6,31.208,269.74,67.66166666666666,16.991
Botad,2025,7,28.43387096774193,198.37,81.78935483870967,13.826451612903226
Botad,2025,8,28.22483870967742,147.18,80.82096774193548,14.728387096774194
Botad,2025,9,27.59733333333333,167.97,81.07333333333332,16.179666666666666
Botad,2025,10,26.03419354838709,123.2,76.21548387096773,16.32741935483871
Botad,2025,11,21.613,20.09,71.54466666666667,16.160333333333334
Botad,2025,12,19.91354838709677,0.1,64.20290322580645,15.655806451612902
Botad,2026,1,19.316451612903226,0.17,49.953870967741935,15.847741935483873
Botad,2026,2,25.14428571428571,0.22,39.58928571428572,18.19964285714286
Botad,2026,3,29.7041935483871,7.97,33.49612903225806,23.161612903225805
Botad,2026,4,32.76466666666667,7.65,33.255,25.351666666666667
Botad,2026,5,36.0758064516129,0.22,37.28806451612903,26.96935483870968
Botad,2026,6,35.149,31.62,47.664,22.441666666666663
Botad,2026,7,29.488387096774197,392.81,77.11999999999999,13.095806451612903
Botad,2026,8,27.774,137.13,82.40233333333335,13.168928571428571
Chhota Udepur,2015,1,19.91741935483871,13.23,44.1783870967742,15.259354838709678
Chhota Udepur,2015,2,24.470357142857143,0.31,30.964285714285715,19.732142857142858
Chhota Udepur,2015,3,27.42838709677419,22.87,35.622580645161285,21.575806451612905
Chhota Udepur,2015,4,31.311333333333334,17.5,41.095,24.824666666666666
Chhota Udepur,2015,5,34.98967741935484,3.75,35.36870967741935,26.886129032258065
Chhota Udepur,2015,6,30.794666666666668,246.48,67.013,20.369000000000003
Chhota Udepur,2015,7,28.20387096774194,320.77,79.31354838709679,14.351290322580644
Chhota Udepur,2015,8,27.14322580645161,82.47,84.29096774193549,15.186129032258064
Chhota Udepur,2015,9,27.45266666666667,178.36,76.961,18.082666666666668
Chhota Udepur,2015,10,27.916774193548385,2.72,56.64322580645162,18.71
Chhota Udepur,2015,11,26.776,0.3,36.986666666666665,15.216333333333331
Chhota Udepur,2015,12,22.10290322580645,0.0,20.51806451612903,16.138387096774196
Chhota Udepur,2016,1,22.34193548387097,0.02,26.445806451612903,16.529677419354837
Chhota Udepur,2016,2,24.752758620689654,0.0,25.17896551724138,19.321724137931035
Chhota Udepur,2016,3,29.565161290322585,0.62,24.732903225806453,22.590645161290325
Chhota Udepur,2016,4,32.12166666666666,0.0,29.28833333333333,25.482666666666667
Chhota Udepur,2016,5,34.86451612903225,1.05,40.51548387096774,26.075483870967744
Chhota Udepur,2016,6,32.99166666666667,59.65,53.85966666666666,21.781
Chhota Udepur,2016,7,28.396129032258063,226.91,78.49193548387096,12.910645161290324
Chhota Udepur,2016,8,26.67419354838709,279.14,86.97709677419354,12.481935483870968
Chhota Udepur,2016,9,26.486,115.19,83.65433333333334,16.747
Chhota Udepur,2016,10,25.49322580645161,44.24,68.55000000000001,17.710322580645162
Chhota Udepur,2016,11,23.017333333333333,0.0,42.713,17.680333333333333
Chhota Udepur,2016,12,22.29516129032258,0.0,29.31064516129032,16.59225806451613
Chhota Udepur,2017,1,21.57161290322581,0.0,31.286451612903225,16.05290322580645
Chhota Udepur,2017,2,24.94,0.0,23.17678571428572,19.93892857142857
Chhota Udepur,2017,3,28.350967741935484,0.0,20.636451612903222,24.135483870967743
Chhota Udepur,2017,4,31.711,0.04,29.758333333333333,27.108
Chhota Udepur,2017,5,34.95290322580645,4.07,36.01838709677419,26.804193548387094
Chhota Udepur,2017,6,31.50333333333333,147.29,65.65299999999999,20.74633333333333
Chhota Udepur,2017,7,27.23741935483871,482.91,84.76387096774194,12.730967741935483
Chhota Udepur,2017,8,26.717741935483872,193.3,87.21870967741935,14.092258064516129
Chhota Udepur,2017,9,26.875,59.55,84.18666666666667,16.327
Chhota Udepur,2017,10,27.08,4.800000000000001,59.01387096774194,18.679032258064517
Chhota Udepur,2017,11,24.078333333333333,0.0,39.18633333333333,16.005666666666666
Chhota Udepur,2017,12,21.600645161290323,11.33,38.48774193548387,12.998709677419354
Chhota Udepur,2018,1,22.27516129032258,0.0,25.883548387096774,16.377741935483872
Chhota Udepur,2018,2,25.52785714285714,0.0,24.524642857142855,18.394642857142856
Chhota Udepur,2018,3,29.218709677419355,0.08,21.896774193548385,22.19
Chhota Udepur,2018,4,32.70733333333333,0.01,27.113,25.624
Chhota Udepur,2018,5,34.79677419354839,0.0,36.670967741935485,26.576451612903227
Chhota Udepur,2018,6,32.974000000000004,67.73,56.44866666666667,20.869666666666667
Chhota Udepur,2018,7,27.63741935483871,375.46,83.56548387096775,11.77290322580645
Chhota Udepur,2018,8,26.274516129032257,196.17,86.93903225806451,12.162580645161292
Chhota Udepur,2018,9,26.080666666666666,50.64,79.75433333333334,16.874
Chhota Udepur,2018,10,28.093225806451613,0.45,47.582580645161286,19.77032258064516
Chhota Udepur,2018,11,26.006000000000004,0.01,29.914666666666665,16.417333333333332
Chhota Udepur,2018,12,20.572903225806453,0.0,26.12258064516129,15.04225806451613
Chhota Udepur,2019,1,19.728064516129034,0.01,23.54516129032258,16.59967741935484
Chhota Udepur,2019,2,22.65571428571429,0.09,27.09321428571429,18.78607142857143
Chhota Udepur,2019,3,27.36258064516129,0.0,23.386451612903222,23.86354838709677
Chhota Udepur,2019,4,33.06133333333334,3.57,25.616333333333333,26.263666666666666
Chhota Udepur,2019,5,33.94774193548388,0.03,36.74258064516129,27.65225806451613
Chhota Udepur,2019,6,32.713,136.03,57.91566666666667,21.919
Chhota Udepur,2019,7,28.51516129032258,349.21,81.92483870967742,15.526774193548386
Chhota Udepur,2019,8,26.54032258064516,576.22,89.85483870967742,11.741935483870968
Chhota Udepur,2019,9,26.651,308.02,91.466,12.547666666666666
Chhota Udepur,2019,10,25.22193548387097,48.2,82.53516129032259,16.267741935483873
Chhota Udepur,2019,11,23.411,7.28,78.56700000000001,14.526333333333334
Chhota Udepur,2019,12,19.70935483870968,0.18,69.08387096774193,13.06032258064516
Chhota Udepur,2020,1,18.768064516129037,0.0,53.13709677419355,15.20451612903226
Chhota Udepur,2020,2,23.307241379310344,0.0,31.88413793103448,19.181379310344827
Chhota Udepur,2020,3,26.49258064516129,5.89,35.41451612903226,22.00516129032258
Chhota Udepur,2020,4,33.10566666666667,0.03,25.506,25.72833333333333
Chhota Udepur,2020,5,35.336774193548386,0.26,33.36612903225806,27.61709677419355
Chhota Udepur,2020,6,30.186,152.9,70.64733333333334,19.501
Chhota Udepur,2020,7,28.616129032258065,183.85,81.78774193548388,17.6658064516129
Chhota Udepur,2020,8,27.24258064516129,590.85,88.92870967741935,12.203225806451613
Chhota Udepur,2020,9,27.170666666666666,136.84,86.79533333333333,16.246
Chhota Udepur,2020,10,26.091290322580647,10.9,73.15129032258065,18.291935483870965
Chhota Udepur,2020,11,22.577,0.02,60.522666666666666,16.191
Chhota Udepur,2020,12,21.68870967741936,11.95,50.06193548387097,13.86225806451613
Chhota Udepur,2021,1,22.398709677419355,0.41,35.928387096774195,14.525483870967742
Chhota Udepur,2021,2,24.71678571428572,0.0,24.138571428571428,19.162857142857145
Chhota Udepur,2021,3,29.416774193548385,0.03,21.82677419354839,22.59354838709677
Chhota Udepur,2021,4,32.22366666666667,0.1699999999999999,30.78666666666667,24.502
Chhota Udepur,2021,5,32.92258064516129,67.67,46.85548387096774,23.31677419354839
Chhota Udepur,2021,6,29.96466666666667,215.15,71.488,19.38266666666667
Chhota Udepur,2021,7,28.4,166.11,80.15548387096774,14.614193548387098
Chhota Udepur,2021,8,27.54032258064516,103.56,79.86322580645162,13.138709677419357
Chhota Udepur,2021,9,26.956,400.59,88.67066666666666,13.485333333333331
Chhota Udepur,2021,10,25.18290322580645,51.19,78.73,17.850967741935484
Chhota Udepur,2021,11,22.206666666666667,6.81,70.50933333333334,15.196666666666664
Chhota Udepur,2021,12,20.061935483870965,18.86,64.61193548387097,12.283548387096776
Chhota Udepur,2022,1,19.098709677419357,1.32,49.9583870967742,15.323870967741936
Chhota Udepur,2022,2,23.135357142857146,0.0,32.49357142857143,19.868571428571432
Chhota Udepur,2022,3,29.989032258064515,0.39,20.58129032258065,21.97
Chhota Udepur,2022,4,33.313,0.0,23.75,25.588666666666665
Chhota Udepur,2022,5,34.43935483870968,0.53,40.75354838709677,25.62451612903226
Chhota Udepur,2022,6,31.888,85.14,58.75333333333333,21.391
Chhota Udepur,2022,7,27.14258064516129,511.1,87.64451612903225,12.923870967741935
Chhota Udepur,2022,8,26.61387096774193,249.09,88.45645161290322,14.290967741935484
Chhota Udepur,2022,9,26.878666666666668,109.82,87.00566666666667,15.867
Chhota Udepur,2022,10,24.69741935483871,81.17,74.00064516129032,18.21935483870968
Chhota Udepur,2022,11,22.622666666666664,0.0,59.05033333333333,16.844
Chhota Udepur,2022,12,22.030967741935484,18.91,54.704193548387096,14.51967741935484
Chhota Udepur,2023,1,19.931612903225805,1.29,38.7,15.321612903225803
Chhota Udepur,2023,2,24.6975,0.0,19.96142857142857,21.360357142857143
Chhota Udepur,2023,3,27.735806451612905,10.91,33.4741935483871,20.369032258064514
Chhota Udepur,2023,4,31.06033333333333,6.199999999999999,30.998,23.54133333333333
Chhota Udepur,2023,5,33.47870967741935,11.32,39.20032258064517,26.23064516129032
Chhota Udepur,2023,6,31.209666666666667,178.57999999999998,62.10666666666667,19.198666666666668
Chhota Udepur,2023,7,27.84903225806452,417.36,87.60806451612903,13.683548387096774
Chhota Udepur,2023,8,26.66193548387097,40.0,85.60870967741936,13.199354838709676
Chhota Udepur,2023,9,27.1,278.7,84.70133333333334,14.594
Chhota Udepur,2023,10,26.033870967741933,0.01,68.72354838709677,19.40935483870968
Chhota Udepur,2023,11,23.88433333333333,34.95,56.206,14.361333333333333
Chhota Udepur,2023,12,21.86806451612903,3.16,57.26483870967742,13.010967741935485
Chhota Udepur,2024,1,21.484516129032254,0.61,39.21483870967742,14.287419354838711
Chhota Udepur,2024,2,24.53586206896552,0.0,29.32793103448276,18.71310344827586
Chhota Udepur,2024,3,27.801935483870967,0.78,23.173870967741934,22.73225806451613
Chhota Udepur,2024,4,32.64966666666667,1.92,26.287333333333333,22.903
Chhota Udepur,2024,5,35.83032258064516,7.0,31.294516129032257,24.963548387096772
Chhota Udepur,2024,6,33.478,122.35,55.367,20.263666666666666
Chhota Udepur,2024,7,28.36967741935484,429.09,85.19129032258064,12.571290322580644
Chhota Udepur,2024,8,26.96258064516129,523.23,89.49806451612903,13.113225806451611
Chhota Udepur,2024,9,26.545,403.57,90.05300000000001,13.925666666666666
Chhota Udepur,2024,10,26.38290322580645,40.44,81.9767741935484,16.899677419354838
Chhota Udepur,2024,11,21.977666666666668,0.0,67.84733333333334,15.812666666666669
Chhota Udepur,2024,12,19.600967741935484,0.96,58.97774193548387,13.897096774193548
Chhota Udepur,2025,1,21.22322580645161,0.0,42.75645161290323,15.864193548387098
Chhota Udepur,2025,2,25.1625,0.0,26.1125,19.455
Chhota Udepur,2025,3,29.259032258064515,0.0,19.337419354838712,23.32258064516129
Chhota Udepur,2025,4,33.167,0.05,25.242,25.794
Chhota Udepur,2025,5,31.37709677419355,117.45,60.01129032258064,21.594516129032257
Chhota Udepur,2025,6,30.108,266.96,72.01366666666667,16.837
Chhota Udepur,2025,7,27.18064516129032,279.56,87.46387096774194,12.275806451612905
Chhota Udepur,2025,8,26.94225806451613,212.52,86.97774193548386,13.290645161290325
Chhota Udepur,2025,9,26.19,234.73,88.09899999999999,14.432666666666668
Chhota Udepur,2025,10,25.04032258064516,129.70999999999998,80.29225806451613,15.854193548387098
Chhota Udepur,2025,11,20.848666666666663,10.88,71.53500000000001,15.972666666666669
Chhota Udepur,2025,12,19.70967741935484,0.0,56.62903225806452,16.109354838709677
Chhota Udepur,2026,1,20.81290322580645,0.09,46.06709677419354,14.326129032258065
Chhota Udepur,2026,2,25.605357142857144,1.08,36.36071428571429,16.761785714285715
Chhota Udepur,2026,3,29.35483870967742,2.04,27.35,23.84
Chhota Udepur,2026,4,32.371,2.43,29.061333333333334,25.029
Chhota Udepur,2026,5,35.483225806451614,1.44,36.74903225806452,26.425161290322578
Chhota Udepur,2026,6,33.597,44.03,53.866,21.250666666666667
Chhota Udepur,2026,7,28.86193548387097,420.21,79.69419354838709,13.07967741935484
Chhota Udepur,2026,8,26.206,353.9,92.051,11.758571428571427
Dahod,2015,1,18.17129032258064,26.09,48.53709677419355,15.259354838709678
Dahod,2015,2,23.133928571428573,0.67,31.37357142857143,19.732142857142858
Dahod,2015,3,25.88,30.27,37.993870967741934,21.575806451612905
Dahod,2015,4,30.519333333333336,14.85,36.281333333333336,24.824666666666666
Dahod,2015,5,34.50032258064516,2.22,29.766451612903225,26.886129032258065
Dahod,2015,6,30.26533333333333,189.68,64.89733333333334,20.369000000000003
Dahod,2015,7,27.441290322580645,358.04,79.45870967741935,14.351290322580644
Dahod,2015,8,26.108064516129037,172.38,86.6383870967742,15.186129032258064
Dahod,2015,9,26.03,80.82000000000001,78.82300000000001,18.082666666666668
Dahod,2015,10,26.75709677419355,2.06,54.58774193548387,18.71
Dahod,2015,11,25.38533333333333,0.04,37.72233333333334,15.216333333333331
Dahod,2015,12,20.962903225806453,0.06,20.533870967741933,16.138387096774196
Dahod,2016,1,21.11,0.57,28.023225806451613,16.529677419354837
Dahod,2016,2,23.595172413793104,0.0,23.037586206896552,19.321724137931035
Dahod,2016,3,28.503870967741936,0.72,23.29774193548387,22.590645161290325
Dahod,2016,4,31.386000000000003,0.0,25.38,25.482666666666667
Dahod,2016,5,34.33290322580645,5.32,35.95645161290323,26.075483870967744
Dahod,2016,6,32.32666666666667,88.98,52.98466666666666,21.781
Dahod,2016,7,27.29225806451613,262.35,81.31193548387097,12.910645161290324
Dahod,2016,8,25.68193548387097,396.42,88.86483870967741,12.481935483870968
Dahod,2016,9,25.500666666666667,91.47,85.208,16.747
Dahod,2016,10,24.090967741935486,49.97,71.14258064516129,17.710322580645162
Dahod,2016,11,20.956,0.0,50.097,17.680333333333333
Dahod,2016,12,20.25709677419355,0.0,37.344193548387096,16.59225806451613
Dahod,2017,1,20.218709677419355,0.15,33.35612903225806,16.05290322580645
Dahod,2017,2,23.858571428571427,0.0,23.29714285714286,19.93892857142857
Dahod,2017,3,27.238387096774197,0.13,19.916129032258063,24.135483870967743
Dahod,2017,4,31.03333333333333,0.72,25.630333333333333,27.108
Dahod,2017,5,34.34322580645161,9.04,32.14741935483871,26.804193548387094
Dahod,2017,6,31.034666666666663,124.7,63.714666666666666,20.74633333333333
Dahod,2017,7,26.646774193548385,424.62,83.56516129032258,12.730967741935483
Dahod,2017,8,25.932580645161288,185.11,87.27516129032257,14.092258064516129
Dahod,2017,9,25.86733333333333,80.83,84.85300000000001,16.327
Dahod,2017,10,25.39516129032258,3.15,60.60548387096774,18.679032258064517
Dahod,2017,11,21.945666666666668,0.0,47.05833333333333,16.005666666666666
Dahod,2017,12,20.298387096774192,7.279999999999999,39.11322580645161,12.998709677419354
Dahod,2018,1,20.89516129032258,0.0,25.631612903225808,16.377741935483872
Dahod,2018,2,24.26392857142857,0.0,24.245,18.394642857142856
Dahod,2018,3,28.06935483870968,0.26,20.134516129032257,22.19
Dahod,2018,4,31.986,0.24,22.078333333333333,25.624
Dahod,2018,5,34.240645161290324,0.04,30.97225806451613,26.576451612903227
Dahod,2018,6,32.409666666666666,119.25,55.02466666666667,20.869666666666667
Dahod,2018,7,26.871935483870967,285.5,83.7341935483871,11.77290322580645
Dahod,2018,8,25.580645161290324,202.71,87.05064516129033,12.162580645161292
Dahod,2018,9,24.981,68.69,80.83233333333332,16.874
Dahod,2018,10,26.094516129032257,1.65,53.40032258064517,19.77032258064516
Dahod,2018,11,24.102,0.0,36.022000000000006,16.417333333333332
Dahod,2018,12,19.25741935483871,0.0,27.81903225806452,15.04225806451613
Dahod,2019,1,18.565806451612904,0.25,24.01935483870968,16.59967741935484
Dahod,2019,2,21.446428571428573,0.38,27.16821428571429,18.78607142857143
Dahod,2019,3,26.206774193548387,0.0,22.510645161290324,23.86354838709677
Dahod,2019,4,32.03666666666667,11.35,23.37933333333333,26.263666666666666
Dahod,2019,5,33.27193548387097,0.8400000000000001,32.9183870967742,27.65225806451613
Dahod,2019,6,32.47366666666667,149.15,54.98566666666667,21.919
Dahod,2019,7,27.64741935483871,290.63,82.57516129032258,15.526774193548386
Dahod,2019,8,25.78290322580645,461.3,90.2683870967742,11.741935483870968
Dahod,2019,9,25.785666666666668,295.63,92.04666666666668,12.547666666666666
Dahod,2019,10,24.173870967741934,47.38,81.6,16.267741935483873
Dahod,2019,11,22.2,4.64,79.36133333333333,14.526333333333334
Dahod,2019,12,17.69,0.63,71.89967741935483,13.06032258064516
Dahod,2020,1,16.73677419354839,0.08,60.83548387096774,15.20451612903226
Dahod,2020,2,21.474137931034484,0.0,36.30793103448276,19.181379310344827
Dahod,2020,3,25.276451612903227,9.7,34.188709677419354,22.00516129032258
Dahod,2020,4,32.062666666666665,0.37,23.76966666666667,25.72833333333333
Dahod,2020,5,34.689032258064515,1.52,28.091290322580647,27.61709677419355
Dahod,2020,6,29.526666666666664,155.61,69.38833333333334,19.501
Dahod,2020,7,28.057741935483868,163.29,80.7441935483871,17.6658064516129
Dahod,2020,8,26.583225806451612,482.08,87.90451612903226,12.203225806451613
Dahod,2020,9,26.244666666666667,173.24,87.417,16.246
Dahod,2020,10,25.046774193548387,18.55,72.60645161290323,18.291935483870965
Dahod,2020,11,20.921666666666667,0.39,63.397333333333336,16.191
Dahod,2020,12,19.48322580645161,9.18,56.05096774193548,13.86225806451613
Dahod,2021,1,20.90322580645161,1.42,42.21645161290323,14.525483870967742
Dahod,2021,2,23.53142857142857,0.0,23.29714285714286,19.162857142857145
Dahod,2021,3,28.524193548387096,0.43,20.125806451612902,22.59354838709677
Dahod,2021,4,31.395666666666667,0.0,24.807,24.502
Dahod,2021,5,32.30935483870968,44.62,43.22032258064516,23.31677419354839
Dahod,2021,6,29.648000000000003,147.74,68.568,19.38266666666667
Dahod,2021,7,27.923548387096773,208.56,78.45032258064516,14.614193548387098
Dahod,2021,8,26.31032258064516,139.86,83.48387096774194,13.138709677419357
Dahod,2021,9,26.15266666666667,352.98,89.14366666666666,13.485333333333331
Dahod,2021,10,24.156129032258065,55.2,78.73677419354838,17.850967741935484
Dahod,2021,11,20.610333333333333,18.71,71.29166666666667,15.196666666666664
Dahod,2021,12,18.317419354838712,15.08,66.08258064516129,12.283548387096776
Dahod,2022,1,17.10967741935484,4.52,57.69935483870968,15.323870967741936
Dahod,2022,2,21.79357142857143,0.0,33.184642857142855,19.868571428571432
Dahod,2022,3,29.01774193548387,2.79,20.626774193548385,21.97
Dahod,2022,4,32.66066666666667,0.0,19.346666666666668,25.588666666666665
Dahod,2022,5,33.965483870967745,4.17,36.40032258064517,25.62451612903226
Dahod,2022,6,31.31733333333333,65.8,56.58466666666666,21.391
Dahod,2022,7,26.66935483870968,388.85,85.98516129032258,12.923870967741935
Dahod,2022,8,25.83709677419355,344.69,88.75387096774193,14.290967741935484
Dahod,2022,9,26.17866666666667,116.43,86.97833333333332,15.867
Dahod,2022,10,23.46451612903226,104.19,74.51935483870967,18.21935483870968
Dahod,2022,11,20.841666666666665,0.0,62.558,16.844
Dahod,2022,12,20.12258064516129,7.859999999999999,58.96677419354839,14.51967741935484
Dahod,2023,1,18.274838709677415,2.9800000000000004,42.607741935483865,15.321612903225803
Dahod,2023,2,23.33392857142857,0.0,21.376785714285717,21.360357142857143
Dahod,2023,3,26.43193548387097,15.15,33.149354838709684,20.369032258064514
Dahod,2023,4,29.962666666666667,10.26,28.324666666666666,23.54133333333333
Dahod,2023,5,32.57709677419355,13.79,36.68322580645162,26.23064516129032
Dahod,2023,6,30.273666666666667,170.92000000000002,61.94466666666666,19.198666666666668
Dahod,2023,7,27.35322580645161,324.7,86.52580645161291,13.683548387096774
Dahod,2023,8,25.824193548387097,85.92,86.06645161290322,13.199354838709676
Dahod,2023,9,26.022,384.98,86.32966666666667,14.594
Dahod,2023,10,24.430967741935483,0.02,70.93483870967742,19.40935483870968
Dahod,2023,11,21.877666666666663,39.47,62.45366666666667,14.361333333333333
Dahod,2023,12,19.95451612903226,5.16,62.10096774193549,13.010967741935485
Dahod,2024,1,19.684193548387096,1.35,45.92161290322581,14.287419354838711
Dahod,2024,2,23.021034482758623,0.02,30.92896551724138,18.71310344827586
Dahod,2024,3,26.853870967741937,0.54,22.29612903225806,22.73225806451613
Dahod,2024,4,31.42633333333333,11.07,26.126666666666665,22.903
Dahod,2024,5,35.19096774193549,8.48,28.844516129032257,24.963548387096772
Dahod,2024,6,32.649,128.97,55.41066666666666,20.263666666666666
Dahod,2024,7,27.886129032258065,349.6,83.97419354838709,12.571290322580644
Dahod,2024,8,26.18387096774193,395.21,89.65064516129033,13.113225806451611
Dahod,2024,9,25.823,292.21000000000004,90.41866666666668,13.925666666666666
Dahod,2024,10,25.40064516129032,37.79,80.3483870967742,16.899677419354838
Dahod,2024,11,20.962,0.0,66.566,15.812666666666669
Dahod,2024,12,18.03451612903226,3.7,60.61870967741935,13.897096774193548
Dahod,2025,1,19.15774193548387,0.0,50.92870967741936,15.864193548387098
Dahod,2025,2,23.861071428571428,0.0,27.45142857142857,19.455
Dahod,2025,3,28.238387096774197,0.0,18.620645161290323,23.32258064516129
Dahod,2025,4,32.36566666666667,0.24,21.248,25.794
Dahod,2025,5,30.67322580645161,118.42,57.7641935483871,21.594516129032257
Dahod,2025,6,29.433666666666667,224.32,70.06,16.837
Dahod,2025,7,26.48354838709677,259.14,86.86580645161291,12.275806451612905
Dahod,2025,8,26.22935483870968,273.21,87.6525806451613,13.290645161290325
Dahod,2025,9,25.205,265.04,89.45866666666667,14.432666666666668
Dahod,2025,10,23.916451612903224,118.37,80.58032258064516,15.854193548387098
Dahod,2025,11,19.73033333333333,4.18,71.38566666666667,15.972666666666669
Dahod,2025,12,18.06225806451613,0.0,60.24225806451613,16.109354838709677
Dahod,2026,1,18.51451612903226,0.75,55.72935483870968,14.326129032258065
Dahod,2026,2,23.678571428571427,5.679999999999999,42.167142857142856,16.761785714285715
Dahod,2026,3,28.35,1.86,26.05322580645161,23.84
Dahod,2026,4,31.541,1.35,26.110666666666663,25.029
Dahod,2026,5,34.96709677419355,5.46,32.736451612903224,26.425161290322578
Dahod,2026,6,32.24466666666667,92.77,56.89333333333333,21.250666666666667
Dahod,2026,7,27.96032258064516,334.32,80.75161290322582,13.07967741935484
Dahod,2026,8,25.577,320.75,92.016,11.758571428571427
Dang,2015,1,20.991612903225807,5.529999999999999,44.29322580645161,16.71709677419355
Dang,2015,2,24.64,1.2000000000000002,35.176071428571426,20.295714285714286
Dang,2015,3,27.08935483870968,26.65,40.148387096774194,22.356129032258064
Dang,2015,4,29.654666666666667,8.53,49.07066666666666,24.88566666666667
Dang,2015,5,32.22870967741935,1.72,49.6783870967742,26.16516129032258
Dang,2015,6,28.201,428.69,76.00966666666666,17.975
Dang,2015,7,26.212903225806453,201.09,85.36645161290323,14.827096774193548
Dang,2015,8,25.69,89.7,86.17354838709677,14.610645161290323
Dang,2015,9,25.356,431.42,84.31033333333333,16.708333333333332
Dang,2015,10,26.48258064516129,23.07,67.33709677419354,18.000967741935483
Dang,2015,11,25.169,3.6,54.309333333333335,16.189333333333334
Dang,2015,12,23.140967741935484,0.0,26.366451612903223,16.655806451612904
Dang,2016,1,22.57258064516129,0.0,27.868387096774192,17.18967741935484
Dang,2016,2,24.987241379310344,0.0,34.02172413793103,20.12034482758621
Dang,2016,3,28.928709677419352,2.28,31.995806451612903,23.13258064516129
Dang,2016,4,30.57733333333333,0.04,42.29966666666667,25.903666666666663
Dang,2016,5,31.82225806451613,9.79,52.70741935483871,25.701612903225808
Dang,2016,6,29.825333333333333,95.5,66.92066666666668,19.437
Dang,2016,7,25.7758064516129,503.92,88.58451612903225,10.412903225806453
Dang,2016,8,25.07032258064516,321.24,90.17129032258065,12.166129032258064
Dang,2016,9,24.891,222.2,88.50466666666667,13.685
Dang,2016,10,23.94322580645161,87.74,73.96129032258065,17.76322580645161
Dang,2016,11,22.051666666666662,0.0,50.32666666666667,18.299333333333333
Dang,2016,12,22.426451612903225,0.0,32.288387096774194,17.263870967741934
Dang,2017,1,22.174516129032256,0.0,32.44709677419355,16.940645161290323
Dang,2017,2,25.522142857142857,0.0,26.350357142857145,20.77392857142857
Dang,2017,3,27.791290322580643,0.0,30.12258064516129,24.220645161290324
Dang,2017,4,30.099666666666668,0.0,37.903666666666666,27.017666666666667
Dang,2017,5,32.119354838709675,1.53,47.564193548387095,26.06451612903226
Dang,2017,6,28.582666666666668,223.06,76.73733333333332,17.708333333333332
Dang,2017,7,25.760967741935485,499.64,88.69548387096773,11.870322580645162
Dang,2017,8,25.39967741935484,273.36,88.89645161290322,13.453870967741937
Dang,2017,9,25.754666666666665,102.04,86.60733333333333,16.998666666666665
Dang,2017,10,26.01129032258065,53.03,67.06903225806451,18.38225806451613
Dang,2017,11,23.331666666666667,0.0,49.74366666666666,17.26833333333333
Dang,2017,12,21.88741935483871,19.99,44.9883870967742,14.04548387096774
Dang,2018,1,22.9541935483871,0.0,30.53290322580645,16.944193548387098
Dang,2018,2,25.6775,0.0,28.881785714285712,19.40607142857143
Dang,2018,3,28.836129032258064,0.05,28.76290322580645,22.478064516129034
Dang,2018,4,30.887,0.03,38.53566666666666,25.91633333333333
Dang,2018,5,31.943870967741937,0.0,48.266129032258064,25.940967741935484
Dang,2018,6,29.19333333333333,161.12,71.54299999999999,18.241
Dang,2018,7,25.538387096774198,598.39,89.74516129032257,9.958387096774192
Dang,2018,8,24.913225806451614,186.09,88.99645161290321,11.713225806451613
Dang,2018,9,24.818,59.97,82.95533333333333,17.942999999999998
Dang,2018,10,27.27258064516129,4.03,50.711612903225806,19.57322580645161
Dang,2018,11,26.341666666666665,1.37,31.954,17.516333333333332
Dang,2018,12,21.48354838709677,0.0,27.87032258064516,16.24064516129032
Dang,2019,1,20.615161290322582,0.0,24.506451612903227,17.654838709677417
Dang,2019,2,23.14428571428571,0.0,33.21821428571429,20.07
Dang,2019,3,26.95741935483871,0.0,31.96903225806452,24.412580645161288
Dang,2019,4,31.34133333333333,7.689999999999999,35.75566666666667,26.020666666666667
Dang,2019,5,31.148064516129036,0.01,49.23548387096774,27.7241935483871
Dang,2019,6,29.804,224.56,66.92466666666667,19.615
Dang,2019,7,26.381290322580647,583.97,88.82129032258065,12.758387096774191
Dang,2019,8,25.22193548387097,477.57,91.13806451612902,12.01258064516129
Dang,2019,9,25.369,406.68,92.16033333333333,12.506333333333334
Dang,2019,10,24.45935483870968,76.44,85.03129032258065,16.30032258064516
Dang,2019,11,22.993,37.01,78.41933333333333,15.894333333333332
Dang,2019,12,21.19483870967742,0.06,69.70258064516129,13.911612903225809
Dang,2020,1,19.981290322580644,0.0,54.292258064516126,16.406129032258065
Dang,2020,2,24.108275862068965,0.0,33.35206896551724,19.692068965517244
Dang,2020,3,26.105483870967745,5.29,41.4841935483871,23.00225806451613
Dang,2020,4,31.585,0.06,35.593,25.950666666666667
Dang,2020,5,32.66193548387097,3.85,47.53741935483871,26.92774193548387
Dang,2020,6,27.654,270.75,79.29566666666666,17.924333333333333
Dang,2020,7,26.54064516129032,408.85,88.15677419354839,16.46548387096774
Dang,2020,8,25.631290322580647,751.56,92.39258064516127,10.48483870967742
Dang,2020,9,25.889333333333333,208.25,89.32566666666666,15.357333333333337
Dang,2020,10,25.51935483870968,27.96,77.8458064516129,17.416451612903224
Dang,2020,11,22.980666666666664,0.8200000000000001,64.661,16.935333333333332
Dang,2020,12,21.95741935483871,26.5,58.43645161290323,14.847741935483873
Dang,2021,1,23.33516129032258,5.23,42.92193548387097,15.91516129032258
Dang,2021,2,24.767142857142854,1.41,30.29,19.55107142857143
Dang,2021,3,29.03032258064516,0.15,26.815806451612904,23.223548387096773
Dang,2021,4,30.586,8.76,41.42366666666667,24.565
Dang,2021,5,30.47451612903226,104.59,57.7383870967742,21.526129032258066
Dang,2021,6,27.777,253.59,79.50233333333334,17.558
Dang,2021,7,26.601290322580645,206.22,85.41709677419354,14.33774193548387
Dang,2021,8,25.363225806451613,226.31,87.39,12.538709677419355
Dang,2021,9,25.34133333333333,499.51,91.473,11.656333333333333
Dang,2021,10,24.47225806451613,48.39,79.87064516129031,18.24967741935484
Dang,2021,11,23.12,20.0,73.72133333333333,15.409333333333333
Dang,2021,12,20.42129032258064,48.41,68.93290322580646,13.853870967741935
Dang,2022,1,19.631612903225808,0.41,55.03419354838709,16.307096774193546
Dang,2022,2,23.328214285714285,0.0,38.18857142857143,20.927857142857142
Dang,2022,3,29.376129032258063,1.79,26.148387096774197,21.606774193548382
Dang,2022,4,31.743666666666662,0.0,34.632666666666665,24.897666666666662
Dang,2022,5,31.34032258064516,0.91,54.148387096774194,24.74
Dang,2022,6,28.950666666666667,171.13,70.40033333333332,19.566
Dang,2022,7,25.36096774193548,760.13,91.8683870967742,11.077741935483871
Dang,2022,8,25.168064516129032,371.43,90.29806451612905,13.879677419354838
Dang,2022,9,25.47833333333333,284.66,89.94200000000001,13.612
Dang,2022,10,23.81032258064516,97.38,79.8167741935484,17.70258064516129
Dang,2022,11,21.583666666666662,0.0,65.79,17.756666666666668
Dang,2022,12,22.506129032258062,9.52,57.847096774193545,15.538709677419355
Dang,2023,1,21.07935483870968,0.29,41.37483870967741,16.84193548387097
Dang,2023,2,25.113214285714285,0.0,20.596071428571427,21.673571428571428
Dang,2023,3,26.94903225806452,12.72,40.19516129032258,20.116774193548387
Dang,2023,4,29.766666666666666,12.260000000000002,39.949,23.476
Dang,2023,5,31.061290322580643,5.95,51.09354838709677,25.843870967741932
Dang,2023,6,29.453666666666667,188.91,66.741,19.121666666666663
Dang,2023,7,26.13032258064516,577.85,89.94,10.610322580645162
Dang,2023,8,25.356129032258064,47.38,87.63032258064516,13.403548387096771
Dang,2023,9,25.887666666666668,244.15,87.36,13.746333333333332
Dang,2023,10,25.32322580645161,1.2200000000000002,70.89193548387097,19.22290322580645
Dang,2023,11,24.183666666666667,42.76,57.275333333333336,15.398333333333332
Dang,2023,12,22.62741935483871,1.05,56.05451612903226,14.87548387096774
Dang,2024,1,22.68516129032258,0.43,36.22548387096774,16.53548387096774
Dang,2024,2,25.04344827586207,0.14,33.8551724137931,19.91793103448276
Dang,2024,3,27.491935483870968,0.14,32.784193548387094,23.353548387096776
Dang,2024,4,31.806,1.12,35.33733333333334,24.030666666666665
Dang,2024,5,33.284193548387094,6.77,44.52967741935484,24.738064516129032
Dang,2024,6,29.956000000000003,153.29,69.31433333333332,17.880666666666666
Dang,2024,7,26.36870967741936,588.53,89.62870967741935,10.225806451612904
Dang,2024,8,25.75,411.81,90.52451612903224,11.586129032258064
Dang,2024,9,25.204,374.19,91.30066666666669,12.869333333333334
Dang,2024,10,25.666129032258063,88.16,83.54225806451613,17.340645161290322
Dang,2024,11,21.511000000000003,0.0,70.88833333333334,16.617666666666665
Dang,2024,12,20.85903225806452,6.0,61.84064516129032,14.72258064516129
Dang,2025,1,22.65935483870968,0.0,40.99516129032258,16.613870967741935
Dang,2025,2,25.831071428571427,0.0,28.58178571428571,20.214642857142856
Dang,2025,3,28.933225806451613,0.0,25.891935483870967,23.32903225806452
Dang,2025,4,31.639333333333333,0.79,35.10766666666667,24.92233333333333
Dang,2025,5,29.40322580645161,106.84,65.99870967741936,19.585806451612903
Dang,2025,6,28.045333333333332,308.32,78.75133333333333,14.819333333333333
Dang,2025,7,25.83,331.26,89.18677419354839,10.856451612903228
Dang,2025,8,25.513870967741937,239.27,88.77677419354839,11.718387096774192
Dang,2025,9,24.95633333333333,276.33,90.06733333333334,11.185666666666666
Dang,2025,10,24.677419354838708,112.45,81.50806451612904,16.561935483870965
Dang,2025,11,21.26,5.58,68.27366666666667,17.115333333333336
Dang,2025,12,20.984516129032254,0.0,48.2941935483871,16.700322580645164
Dang,2026,1,22.43935483870968,0.02,43.90548387096774,14.981935483870968
Dang,2026,2,26.14428571428571,0.83,36.67357142857143,17.554642857142856
Dang,2026,3,28.77709677419355,0.91,34.00741935483871,23.78451612903226
Dang,2026,4,30.723666666666663,8.72,41.034,24.709333333333333
Dang,2026,5,32.65354838709678,0.2,49.48903225806452,25.25548387096774
Dang,2026,6,30.585,69.18,65.06866666666666,20.673
Dang,2026,7,26.41935483870968,862.38,89.27677419354839,9.537741935483872
Dang,2026,8,25.033,330.31,93.22566666666668,11.324285714285711
Devbhumi Dwarka,2015,1,20.24741935483871,3.46,42.04096774193548,16.42838709677419
Devbhumi Dwarka,2015,2,23.658214285714283,1.2,48.50892857142857,19.8825
Devbhumi Dwarka,2015,3,26.526451612903227,10.16,45.825161290322576,21.86709677419355
Devbhumi Dwarka,2015,4,30.636666666666667,1.52,51.743,24.758666666666667
Devbhumi Dwarka,2015,5,32.18225806451613,3.1,56.016129032258064,27.15
Devbhumi Dwarka,2015,6,30.501,256.90000000000003,70.59066666666666,21.509
Devbhumi Dwarka,2015,7,28.528387096774196,294.0,77.89903225806451,15.75258064516129
Devbhumi Dwarka,2015,8,27.81,7.77,79.52548387096775,17.079032258064515
Devbhumi Dwarka,2015,9,28.102666666666668,91.85,72.63233333333332,20.052666666666667
Devbhumi Dwarka,2015,10,29.578387096774197,0.0,54.107741935483865,19.32161290322581
Devbhumi Dwarka,2015,11,26.752333333333336,0.0,38.959,16.146666666666665
Devbhumi Dwarka,2015,12,21.578064516129032,0.0,28.247096774193547,16.168064516129032
Devbhumi Dwarka,2016,1,21.48741935483871,0.0,45.46774193548387,16.649032258064516
Devbhumi Dwarka,2016,2,23.32862068965517,0.0,39.062413793103445,19.511034482758618
Devbhumi Dwarka,2016,3,27.912580645161288,0.8600000000000001,48.483548387096775,23.03774193548387
Devbhumi Dwarka,2016,4,29.66633333333333,0.0,53.45733333333333,25.62633333333333
Devbhumi Dwarka,2016,5,32.20548387096774,0.38,57.60225806451613,26.41
Devbhumi Dwarka,2016,6,31.386333333333333,65.29,64.03533333333333,22.491666666666667
Devbhumi Dwarka,2016,7,28.78258064516129,159.99,76.70290322580645,14.83290322580645
Devbhumi Dwarka,2016,8,27.28032258064516,189.35,83.0316129032258,14.146774193548389
Devbhumi Dwarka,2016,9,27.358,43.09,76.05533333333332,19.634
Devbhumi Dwarka,2016,10,26.66709677419355,43.39,68.79774193548387,18.13258064516129
Devbhumi Dwarka,2016,11,24.67233333333333,0.0,43.40733333333333,17.37933333333333
Devbhumi Dwarka,2016,12,23.34225806451613,0.0,38.97161290322581,16.345806451612905
Devbhumi Dwarka,2017,1,20.865806451612904,0.03,38.22709677419355,16.478387096774192
Devbhumi Dwarka,2017,2,23.8975,0.0,36.34035714285714,20.10071428571429
Devbhumi Dwarka,2017,3,26.583870967741937,0.0,47.83483870967742,23.676129032258064
Devbhumi Dwarka,2017,4,29.832,0.0,50.54733333333333,26.467
Devbhumi Dwarka,2017,5,32.16516129032258,2.91,55.6,26.516774193548382
Devbhumi Dwarka,2017,6,31.292,145.46,67.09333333333333,20.299
Devbhumi Dwarka,2017,7,27.68064516129032,363.1,83.01612903225806,12.753548387096776
Devbhumi Dwarka,2017,8,27.193870967741937,175.85,83.80903225806452,16.205161290322582
Devbhumi Dwarka,2017,9,26.928,43.12,80.70966666666666,18.48933333333333
Devbhumi Dwarka,2017,10,27.87322580645161,2.46,64.49709677419355,19.626451612903224
Devbhumi Dwarka,2017,11,24.04233333333333,0.0,44.937000000000005,16.470666666666666
Devbhumi Dwarka,2017,12,21.638709677419357,1.79,41.25709677419355,13.573548387096771
Devbhumi Dwarka,2018,1,21.677419354838708,0.0,41.55516129032258,16.36
Devbhumi Dwarka,2018,2,24.37142857142857,0.0,43.56964285714286,18.600357142857145
Devbhumi Dwarka,2018,3,27.41548387096774,0.0,47.70741935483871,23.50258064516129
Devbhumi Dwarka,2018,4,30.629,0.15,52.353,25.66633333333333
Devbhumi Dwarka,2018,5,32.388064516129035,0.0,55.351290322580645,26.217741935483872
Devbhumi Dwarka,2018,6,31.985333333333333,22.96,61.563,21.471
Devbhumi Dwarka,2018,7,28.444193548387094,292.85,78.92548387096774,13.779677419354838
Devbhumi Dwarka,2018,8,27.146129032258063,96.21,80.87741935483871,13.666451612903224
Devbhumi Dwarka,2018,9,27.09433333333333,20.39,73.76166666666667,19.237
Devbhumi Dwarka,2018,10,29.33516129032258,0.6,48.703870967741935,19.498064516129038
Devbhumi Dwarka,2018,11,26.796666666666667,0.0,37.33633333333333,16.789666666666665
Devbhumi Dwarka,2018,12,20.894516129032255,0.0,30.511935483870968,15.223870967741936
Devbhumi Dwarka,2019,1,19.93387096774193,1.53,38.33193548387096,16.79032258064516
Devbhumi Dwarka,2019,2,21.876785714285717,0.06,44.96178571428572,19.454285714285717
Devbhumi Dwarka,2019,3,26.17032258064516,0.0,45.622903225806446,23.22774193548387
Devbhumi Dwarka,2019,4,30.607000000000003,0.13,50.61,25.881
Devbhumi Dwarka,2019,5,31.175161290322578,0.15,56.95709677419355,26.78935483870968
Devbhumi Dwarka,2019,6,31.279666666666667,78.07000000000001,66.27799999999999,21.756
Devbhumi Dwarka,2019,7,30.01903225806452,160.18,71.47290322580645,17.36193548387097
Devbhumi Dwarka,2019,8,27.48709677419355,318.4,83.46645161290323,14.85741935483871
Devbhumi Dwarka,2019,9,27.259,432.42,88.55866666666667,14.459
Devbhumi Dwarka,2019,10,26.02806451612903,31.51,79.70548387096774,18.358709677419355
Devbhumi Dwarka,2019,11,23.545666666666666,13.96,75.92733333333334,15.230666666666668
Devbhumi Dwarka,2019,12,19.032258064516128,3.91,65.62967741935483,14.096451612903229
Devbhumi Dwarka,2020,1,17.82161290322581,0.38,58.230322580645165,16.31258064516129
Devbhumi Dwarka,2020,2,22.80275862068965,0.0,40.37827586206897,19.41103448275862
Devbhumi Dwarka,2020,3,25.606129032258064,0.44,48.4758064516129,22.516129032258064
Devbhumi Dwarka,2020,4,30.85,12.14,51.414,25.705666666666666
Devbhumi Dwarka,2020,5,32.43451612903226,0.02,55.79806451612903,27.28516129032258
Devbhumi Dwarka,2020,6,30.795333333333332,136.23,70.98833333333333,20.383666666666667
Devbhumi Dwarka,2020,7,28.62322580645161,511.97,83.80548387096773,17.949354838709677
Devbhumi Dwarka,2020,8,27.463548387096772,608.59,89.30903225806452,13.430645161290323
Devbhumi Dwarka,2020,9,27.143,87.88,84.91933333333333,18.4
Devbhumi Dwarka,2020,10,26.5258064516129,37.07,75.50193548387097,19.278387096774196
Devbhumi Dwarka,2020,11,21.848000000000003,0.0,62.09933333333333,16.642666666666667
Devbhumi Dwarka,2020,12,20.002903225806453,2.16,55.05129032258064,15.379032258064516
Devbhumi Dwarka,2021,1,18.63387096774193,0.0,41.351290322580645,16.508064516129032
Devbhumi Dwarka,2021,2,23.58428571428572,0.0,45.43,19.635
Devbhumi Dwarka,2021,3,27.963870967741936,0.0,48.58838709677419,23.64935483870968
Devbhumi Dwarka,2021,4,30.564666666666668,0.21,51.66233333333333,25.15033333333333
Devbhumi Dwarka,2021,5,32.00838709677419,14.78,54.84612903225806,24.058709677419355
Devbhumi Dwarka,2021,6,31.17366666666667,84.91,64.10633333333334,21.143666666666668
Devbhumi Dwarka,2021,7,28.82870967741936,208.02,76.98451612903226,16.06
Devbhumi Dwarka,2021,8,27.99935483870968,42.34,75.97096774193548,16.635483870967743
Devbhumi Dwarka,2021,9,27.154666666666667,605.9399999999999,87.891,13.208666666666666
Devbhumi Dwarka,2021,10,25.71677419354839,7.64,76.33709677419354,19.3341935483871
Devbhumi Dwarka,2021,11,22.87333333333333,5.06,65.70566666666667,15.439
Devbhumi Dwarka,2021,12,19.73258064516129,2.03,62.05612903225806,13.648709677419356
Devbhumi Dwarka,2022,1,18.917096774193546,9.69,53.93193548387097,16.183870967741935
Devbhumi Dwarka,2022,2,22.422500000000003,0.0,53.28964285714286,20.2375
Devbhumi Dwarka,2022,3,28.114838709677414,0.0,42.73741935483871,22.77290322580645
Devbhumi Dwarka,2022,4,31.333,0.05,49.91066666666666,25.395666666666667
Devbhumi Dwarka,2022,5,31.96483870967742,0.0,57.524193548387096,25.37483870967742
Devbhumi Dwarka,2022,6,31.25933333333333,65.03999999999999,64.723,22.00133333333333
Devbhumi Dwarka,2022,7,27.437419354838703,509.15,86.53193548387097,14.75741935483871
Devbhumi Dwarka,2022,8,26.856129032258064,227.2,86.7658064516129,15.275483870967742
Devbhumi Dwarka,2022,9,26.720666666666663,148.63,84.00066666666666,18.530666666666665
Devbhumi Dwarka,2022,10,26.353548387096776,13.58,69.68354838709678,19.58516129032258
Devbhumi Dwarka,2022,11,23.697333333333333,0.12,54.34866666666667,17.145666666666667
Devbhumi Dwarka,2022,12,22.06935483870968,0.0,43.13741935483871,15.45451612903226
Devbhumi Dwarka,2023,1,19.37258064516129,0.05,38.124516129032266,16.21
Devbhumi Dwarka,2023,2,23.866785714285715,0.0,42.81821428571429,20.9925
Devbhumi Dwarka,2023,3,27.216129032258067,10.29,46.08483870967741,20.33935483870968
Devbhumi Dwarka,2023,4,29.285,9.77,53.00966666666667,23.825
Devbhumi Dwarka,2023,5,31.586129032258064,13.34,56.39290322580646,26.044516129032257
Devbhumi Dwarka,2023,6,29.894,349.01,73.59566666666666,19.948666666666668
Devbhumi Dwarka,2023,7,27.92258064516129,484.37,86.92709677419354,15.214193548387096
Devbhumi Dwarka,2023,8,27.03258064516129,5.2,83.12290322580645,14.61225806451613
Devbhumi Dwarka,2023,9,27.91466666666667,81.6,79.15333333333334,18.11
Devbhumi Dwarka,2023,10,27.66064516129032,0.48,64.4358064516129,19.541935483870965
Devbhumi Dwarka,2023,11,25.872,13.759999999999998,45.12466666666667,15.065
Devbhumi Dwarka,2023,12,22.358709677419355,0.0,43.505483870967744,13.821612903225809
Devbhumi Dwarka,2024,1,21.09,0.01,41.196129032258064,15.993548387096777
Devbhumi Dwarka,2024,2,23.823103448275862,0.06,41.27862068965517,19.09
Devbhumi Dwarka,2024,3,26.22258064516129,3.31,45.36870967741935,23.09
Devbhumi Dwarka,2024,4,30.383333333333333,2.15,49.98566666666667,24.186666666666667
Devbhumi Dwarka,2024,5,32.90806451612903,2.31,52.91645161290323,25.366129032258065
Devbhumi Dwarka,2024,6,32.34766666666666,84.18,61.82866666666666,21.39933333333333
Devbhumi Dwarka,2024,7,28.864193548387096,685.3,84.85129032258064,13.956451612903225
Devbhumi Dwarka,2024,8,27.37483870967742,577.87,87.10451612903225,12.959032258064516
Devbhumi Dwarka,2024,9,27.012666666666668,97.36,85.21733333333333,17.298000000000002
Devbhumi Dwarka,2024,10,27.137096774193548,64.06,79.35612903225807,17.390645161290323
Devbhumi Dwarka,2024,11,23.309666666666665,0.0,62.38966666666667,16.473666666666666
Devbhumi Dwarka,2024,12,18.260322580645163,0.0,53.51,14.668064516129032
Devbhumi Dwarka,2025,1,20.101290322580645,0.0,45.1541935483871,16.42838709677419
Devbhumi Dwarka,2025,2,24.1325,0.0,43.94857142857143,19.52285714285714
Devbhumi Dwarka,2025,3,27.84225806451613,0.05,41.89032258064516,23.86935483870968
Devbhumi Dwarka,2025,4,31.264666666666667,0.0,49.084,26.302666666666667
Devbhumi Dwarka,2025,5,32.23903225806451,37.38,59.77,23.100967741935484
Devbhumi Dwarka,2025,6,30.311333333333334,319.86,72.51366666666667,17.10033333333333
Devbhumi Dwarka,2025,7,27.82774193548387,210.72,85.28903225806452,13.925806451612903
Devbhumi Dwarka,2025,8,27.370645161290323,322.94,84.77645161290323,14.590645161290322
Devbhumi Dwarka,2025,9,26.930666666666664,144.02,83.73033333333333,16.233999999999998
Devbhumi Dwarka,2025,10,25.794838709677418,70.42999999999999,74.54645161290323,16.295483870967743
Devbhumi Dwarka,2025,11,22.136666666666667,24.270000000000003,64.96633333333334,16.13
Devbhumi Dwarka,2025,12,21.20741935483871,2.41,56.45967741935484,15.605806451612905
Devbhumi Dwarka,2026,1,18.823870967741936,0.27,47.75096774193548,16.01
Devbhumi Dwarka,2026,2,24.46821428571429,0.0,44.23678571428572,18.151785714285715
Devbhumi Dwarka,2026,3,27.71161290322581,8.959999999999999,55.65709677419355,22.80935483870968
Devbhumi Dwarka,2026,4,29.993,2.5,52.974,25.19333333333333
Devbhumi Dwarka,2026,5,32.608709677419355,0.04,56.47193548387097,26.743548387096773
Devbhumi Dwarka,2026,6,32.743,5.12,58.067,22.285
Devbhumi Dwarka,2026,7,29.335483870967742,172.43,75.94935483870967,13.098064516129034
Devbhumi Dwarka,2026,8,28.57333333333333,48.57,73.91933333333333,12.223571428571429
Gandhinagar,2015,1,19.45290322580645,7.17,39.66903225806452,15.92225806451613
Gandhinagar,2015,2,24.137857142857143,0.15,28.650714285714287,19.914285714285715
Gandhinagar,2015,3,27.40419354838709,20.47,32.13580645161291,22.35903225806452
Gandhinagar,2015,4,32.23166666666667,19.84,36.222,24.668666666666663
Gandhinagar,2015,5,35.27870967741936,5.9,34.99774193548387,27.353548387096776
Gandhinagar,2015,6,32.71366666666667,162.05,58.009,22.01633333333333
Gandhinagar,2015,7,30.21935483870968,299.94,70.4016129032258,15.583870967741934
Gandhinagar,2015,8,28.263870967741937,42.71,81.14709677419354,16.700000000000003
Gandhinagar,2015,9,29.018,99.6,68.66666666666667,20.11733333333333
Gandhinagar,2015,10,29.44709677419355,0.08,46.846774193548384,20.621290322580645
Gandhinagar,2015,11,26.422,0.01,33.79266666666667,16.281
Gandhinagar,2015,12,21.303870967741933,0.0,19.343225806451613,16.234193548387097
Gandhinagar,2016,1,21.581612903225807,0.0,26.967741935483872,16.429354838709678
Gandhinagar,2016,2,24.00241379310345,0.0,22.321379310344824,19.52068965517241
Gandhinagar,2016,3,29.38,1.02,24.741935483870968,23.266129032258064
Gandhinagar,2016,4,32.22633333333333,0.0,30.290000000000003,26.21333333333333
Gandhinagar,2016,5,35.89161290322581,0.43,35.64064516129032,26.87935483870968
Gandhinagar,2016,6,34.587999999999994,18.23,46.934666666666665,23.03166666666667
Gandhinagar,2016,7,30.5058064516129,151.59,68.58612903225807,15.563548387096777
Gandhinagar,2016,8,28.24774193548387,255.83,81.13709677419355,14.067741935483872
Gandhinagar,2016,9,28.127333333333336,75.77,74.798,19.884
Gandhinagar,2016,10,26.79774193548387,49.05,62.53322580645161,18.480967741935483
Gandhinagar,2016,11,23.48166666666667,0.0,38.24,17.825333333333333
Gandhinagar,2016,12,22.118387096774192,0.0,31.398387096774197,16.55838709677419
Gandhinagar,2017,1,20.83935483870968,0.05,30.801290322580645,16.02258064516129
Gandhinagar,2017,2,24.30857142857143,0.0,22.708214285714288,20.34892857142857
Gandhinagar,2017,3,28.26903225806452,0.02,21.85935483870968,24.12451612903226
Gandhinagar,2017,4,32.209,0.0,27.889,26.196
Gandhinagar,2017,5,35.75677419354839,2.7,31.925161290322578,26.740967741935485
Gandhinagar,2017,6,33.66066666666667,96.9,55.98366666666666,22.737666666666662
Gandhinagar,2017,7,28.38225806451613,540.83,81.04387096774194,12.582258064516129
Gandhinagar,2017,8,27.601290322580645,144.8,85.8367741935484,15.336129032258064
Gandhinagar,2017,9,27.585,65.99,81.24666666666667,18.552
Gandhinagar,2017,10,27.24870967741936,0.37,57.80741935483871,20.31
Gandhinagar,2017,11,23.324333333333332,0.0,41.854,16.287666666666667
Gandhinagar,2017,12,20.618387096774192,9.24,40.88870967741936,13.24709677419355
Gandhinagar,2018,1,21.42,0.0,26.725483870967743,16.991612903225807
Gandhinagar,2018,2,25.141428571428573,0.0,24.48642857142857,19.371785714285718
Gandhinagar,2018,3,29.06709677419355,0.0,22.353548387096776,23.566451612903226
Gandhinagar,2018,4,32.946333333333335,0.01,26.302666666666667,25.474666666666668
Gandhinagar,2018,5,35.567096774193544,0.01,32.85,26.58225806451613
Gandhinagar,2018,6,35.35566666666667,22.62,45.69466666666666,21.80033333333333
Gandhinagar,2018,7,29.850967741935484,224.81,72.97806451612904,13.375806451612902
Gandhinagar,2018,8,28.225483870967743,186.55,77.72935483870968,12.941612903225806
Gandhinagar,2018,9,27.732333333333333,43.05,70.86833333333334,17.88566666666667
Gandhinagar,2018,10,29.18967741935484,0.04,42.34548387096774,20.48161290322581
Gandhinagar,2018,11,25.69066666666667,0.0,29.31433333333333,16.953
Gandhinagar,2018,12,20.12451612903226,0.0,25.377096774193543,15.52
Gandhinagar,2019,1,19.353548387096776,0.09,23.615483870967743,16.885806451612904
Gandhinagar,2019,2,22.30178571428572,0.08,28.457857142857144,19.441785714285714
Gandhinagar,2019,3,27.19161290322581,0.0,24.445483870967745,23.18516129032258
Gandhinagar,2019,4,33.328,3.3,25.10233333333333,25.990333333333336
Gandhinagar,2019,5,34.255806451612905,0.41,36.42741935483871,27.16
Gandhinagar,2019,6,34.376999999999995,89.12,50.281333333333336,22.619333333333334
Gandhinagar,2019,7,31.37322580645161,165.49,66.47548387096775,16.74967741935484
Gandhinagar,2019,8,27.740967741935485,399.66,86.08774193548388,14.321935483870968
Gandhinagar,2019,9,27.615333333333336,286.0,89.11633333333333,14.452666666666666
Gandhinagar,2019,10,25.70903225806452,26.28,81.47290322580645,18.56032258064516
Gandhinagar,2019,11,23.543333333333333,7.03,79.74,14.507
Gandhinagar,2019,12,18.614193548387096,0.1,68.73387096774194,13.960645161290325
Gandhinagar,2020,1,17.491290322580646,0.0,54.89548387096775,15.917741935483871
Gandhinagar,2020,2,22.17793103448276,0.0,34.23275862068966,19.62793103448276
Gandhinagar,2020,3,26.12258064516129,7.53,34.19516129032258,22.345483870967744
Gandhinagar,2020,4,33.51166666666667,0.21,25.919,25.96333333333333
Gandhinagar,2020,5,35.715161290322584,1.1,33.619032258064514,27.29032258064516
Gandhinagar,2020,6,32.13333333333333,147.77,63.14333333333333,21.69033333333333
Gandhinagar,2020,7,30.12741935483871,179.53,75.95774193548387,18.84354838709677
Gandhinagar,2020,8,28.283870967741933,515.78,86.35580645161289,13.299032258064516
Gandhinagar,2020,9,27.933,113.88,84.92666666666668,18.512666666666668
Gandhinagar,2020,10,26.56064516129032,10.37,71.39709677419354,19.67096774193548
Gandhinagar,2020,11,21.419666666666668,0.04,62.22233333333334,16.470333333333333
Gandhinagar,2020,12,20.26258064516129,4.64,51.03032258064516,14.941612903225806
Gandhinagar,2021,1,19.575806451612905,0.0,39.81612903225806,15.371935483870969
Gandhinagar,2021,2,23.83428571428572,0.0,28.59607142857143,20.170714285714286
Gandhinagar,2021,3,29.44225806451613,0.09,23.841290322580647,23.796774193548387
Gandhinagar,2021,4,32.763,0.15,26.393,25.629
Gandhinagar,2021,5,33.98806451612903,70.66,42.39129032258065,24.02741935483871
Gandhinagar,2021,6,32.14266666666666,165.34,61.612,21.680666666666664
Gandhinagar,2021,7,30.44,122.65,70.07322580645162,16.356129032258064
Gandhinagar,2021,8,30.10903225806452,44.88,66.11903225806452,16.316774193548387
Gandhinagar,2021,9,28.247333333333334,273.84,84.051,14.592
Gandhinagar,2021,10,26.47774193548387,12.17,70.98548387096774,19.626129032258063
Gandhinagar,2021,11,23.471666666666668,8.47,56.906,15.134333333333332
Gandhinagar,2021,12,20.35967741935484,8.52,52.593870967741935,13.223225806451614
Gandhinagar,2022,1,18.83290322580645,1.78,46.73967741935484,16.103548387096772
Gandhinagar,2022,2,23.176428571428573,0.0,31.174285714285716,20.63178571428572
Gandhinagar,2022,3,29.93903225806452,0.13,20.35903225806452,23.121935483870967
Gandhinagar,2022,4,33.830333333333336,0.0,24.46,26.154
Gandhinagar,2022,5,35.40774193548387,0.0,35.74967741935484,25.38032258064516
Gandhinagar,2022,6,33.91133333333333,36.9,50.035,23.241
Gandhinagar,2022,7,28.51935483870968,394.33,82.28387096774195,14.806774193548389
Gandhinagar,2022,8,27.66290322580645,235.07,85.45354838709677,14.473548387096775
Gandhinagar,2022,9,27.424666666666667,81.23,84.84833333333333,18.658666666666665
Gandhinagar,2022,10,25.83258064516129,31.76,67.39451612903225,19.846129032258062
Gandhinagar,2022,11,23.456000000000003,0.0,49.92333333333333,17.493
Gandhinagar,2022,12,21.53419354838709,5.72,44.86709677419355,15.458387096774192
Gandhinagar,2023,1,18.95354838709677,2.93,37.185483870967744,16.161612903225805
Gandhinagar,2023,2,24.30535714285714,0.0,24.535,21.445714285714285
Gandhinagar,2023,3,28.09741935483871,16.69,33.39354838709678,20.87709677419355
Gandhinagar,2023,4,31.387666666666668,6.91,30.388666666666666,24.069000000000003
Gandhinagar,2023,5,34.14354838709678,24.01,38.01290322580645,25.77741935483871
Gandhinagar,2023,6,31.809666666666665,181.43,60.57666666666667,20.401333333333334
Gandhinagar,2023,7,28.77290322580645,391.02,85.39935483870968,15.99
Gandhinagar,2023,8,27.45483870967742,33.69,83.44483870967741,13.186774193548388
Gandhinagar,2023,9,28.221666666666668,226.93,80.41900000000001,17.488
Gandhinagar,2023,10,26.768387096774195,0.3399999999999999,64.9132258064516,20.384516129032257
Gandhinagar,2023,11,23.98966666666667,32.01,52.04,14.814666666666666
Gandhinagar,2023,12,21.191612903225806,2.63,53.58354838709677,14.045806451612904
Gandhinagar,2024,1,20.136451612903222,0.4,41.08451612903225,15.71516129032258
Gandhinagar,2024,2,23.85034482758621,0.0,29.47068965517241,18.95068965517241
Gandhinagar,2024,3,27.436129032258066,3.2,24.720967741935485,23.100967741935484
Gandhinagar,2024,4,32.653,0.02,26.758666666666667,23.845666666666663
Gandhinagar,2024,5,36.362258064516126,6.2,30.427096774193547,25.66354838709677
Gandhinagar,2024,6,34.926,93.55,48.95166666666667,22.467666666666663
Gandhinagar,2024,7,30.418064516129032,227.47,76.47096774193548,14.381935483870969
Gandhinagar,2024,8,28.291935483870965,432.32,84.18516129032257,13.161290322580646
Gandhinagar,2024,9,27.373,214.76,87.36166666666666,16.124333333333333
Gandhinagar,2024,10,26.73709677419355,20.36,80.76032258064517,18.016774193548382
Gandhinagar,2024,11,22.52533333333333,0.0,64.58533333333334,16.904666666666667
Gandhinagar,2024,12,17.941290322580645,0.18,58.07935483870968,14.456451612903225
Gandhinagar,2025,1,19.59258064516129,0.0,43.85290322580645,16.581935483870968
Gandhinagar,2025,2,24.085,0.0,30.25,19.78642857142857
Gandhinagar,2025,3,29.111290322580647,0.0,20.44161290322581,23.40741935483871
Gandhinagar,2025,4,33.544,0.2,24.01233333333333,25.853666666666665
Gandhinagar,2025,5,33.37322580645161,99.84,50.76806451612903,23.74129032258065
Gandhinagar,2025,6,31.24833333333333,255.33,67.77133333333333,18.186333333333334
Gandhinagar,2025,7,28.279032258064515,258.81,84.88451612903226,14.095806451612903
Gandhinagar,2025,8,27.98225806451613,204.01,84.3558064516129,14.843870967741934
Gandhinagar,2025,9,27.20266666666667,166.52,84.68733333333333,16.085
Gandhinagar,2025,10,25.482903225806453,98.74,76.09258064516129,16.43
Gandhinagar,2025,11,21.115,12.37,69.24433333333333,16.068333333333335
Gandhinagar,2025,12,19.78161290322581,0.0,57.20354838709677,16.01290322580645
Gandhinagar,2026,1,19.07225806451613,0.01,47.89483870967742,15.55
Gandhinagar,2026,2,24.6175,0.01,37.481785714285714,17.984285714285715
Gandhinagar,2026,3,29.37935483870968,3.12,30.055806451612906,22.64032258064516
Gandhinagar,2026,4,32.595666666666666,1.4300000000000002,28.783,25.002666666666663
Gandhinagar,2026,5,36.08483870967741,1.64,34.104516129032255,26.575806451612905
Gandhinagar,2026,6,35.72,24.64,45.153666666666666,22.659666666666663
Gandhinagar,2026,7,30.713548387096772,388.39,71.20129032258063,14.547419354838713
Gandhinagar,2026,8,27.50733333333333,212.34,87.67733333333334,13.453214285714283
Gir Somnath,2015,1,21.47322580645161,7.32,46.653225806451616,16.970967741935485
Gir Somnath,2015,2,24.16321428571429,0.42,51.13821428571429,20.380714285714284
Gir Somnath,2015,3,26.66354838709677,11.64,48.611935483870965,22.791290322580643
Gir Somnath,2015,4,29.458,5.7,59.76566666666667,24.732000000000003
Gir Somnath,2015,5,31.02387096774193,2.48,62.35677419354838,25.94161290322581
Gir Somnath,2015,6,29.477666666666668,268.52,76.37166666666667,17.93433333333333
Gir Somnath,2015,7,27.85032258064516,205.65,81.27354838709678,16.21451612903226
Gir Somnath,2015,8,27.1658064516129,15.17,82.84193548387097,18.698709677419355
Gir Somnath,2015,9,27.604,112.44,76.34633333333333,19.590666666666667
Gir Somnath,2015,10,29.42064516129032,0.2799999999999999,59.58451612903226,18.581612903225807
Gir Somnath,2015,11,27.39333333333333,0.07,48.175,16.445666666666668
Gir Somnath,2015,12,23.615483870967743,0.0,32.78806451612903,16.48258064516129
Gir Somnath,2016,1,22.835483870967742,0.0,42.86064516129032,17.344838709677422
Gir Somnath,2016,2,24.20344827586207,0.0,42.44758620689655,19.985517241379316
Gir Somnath,2016,3,27.90290322580645,0.4599999999999999,49.77935483870968,23.201290322580647
Gir Somnath,2016,4,29.19233333333333,0.0,56.616,25.739
Gir Somnath,2016,5,31.086451612903225,0.16,64.55580645161291,25.85741935483871
Gir Somnath,2016,6,30.238666666666667,85.94,70.78633333333333,20.436
Gir Somnath,2016,7,27.69129032258065,237.73,82.59806451612903,13.796129032258063
Gir Somnath,2016,8,26.684838709677415,174.06,85.88935483870968,13.936774193548388
Gir Somnath,2016,9,26.29233333333333,139.09,83.56366666666666,18.19633333333333
Gir Somnath,2016,10,25.651935483870968,64.82000000000001,75.01741935483871,17.687096774193545
Gir Somnath,2016,11,24.471,0.0,50.64966666666667,17.929
Gir Somnath,2016,12,23.692580645161293,0.0,43.20967741935484,16.918387096774193
Gir Somnath,2017,1,22.00354838709677,0.0,42.80935483870967,17.281290322580645
Gir Somnath,2017,2,24.638214285714287,0.0,40.17357142857143,20.975357142857145
Gir Somnath,2017,3,26.718387096774197,0.0,46.96935483870968,24.11774193548387
Gir Somnath,2017,4,29.139333333333337,0.0,53.833,26.485333333333337
Gir Somnath,2017,5,31.0258064516129,1.39,61.51967741935484,26.126451612903224
Gir Somnath,2017,6,30.125666666666667,138.52,73.70766666666667,21.234
Gir Somnath,2017,7,27.427419354838708,351.28,84.2925806451613,14.482903225806451
Gir Somnath,2017,8,26.686774193548384,217.66,86.37903225806451,16.633870967741935
Gir Somnath,2017,9,26.54133333333333,69.86,84.73,18.81566666666667
Gir Somnath,2017,10,27.114516129032257,19.56,69.06612903225808,19.313548387096777
Gir Somnath,2017,11,24.517666666666667,0.0,50.70066666666666,17.353
Gir Somnath,2017,12,22.09709677419355,7.140000000000001,49.92774193548387,13.702580645161287
Gir Somnath,2018,1,22.541612903225804,0.0,44.88612903225807,16.746774193548386
Gir Somnath,2018,2,25.045357142857146,0.01,43.86071428571428,19.143571428571427
Gir Somnath,2018,3,27.24,0.0,49.23645161290322,23.687096774193545
Gir Somnath,2018,4,29.787,0.01,56.876333333333335,26.035666666666668
Gir Somnath,2018,5,30.84935483870968,0.17,63.72064516129032,25.67129032258064
Gir Somnath,2018,6,30.38,32.91,70.57233333333333,19.749666666666663
Gir Somnath,2018,7,27.434193548387096,571.55,85.1325806451613,10.909032258064515
Gir Somnath,2018,8,26.161290322580644,85.1,86.95806451612903,14.551290322580645
Gir Somnath,2018,9,25.954,19.83,81.65133333333333,20.618666666666662
Gir Somnath,2018,10,28.390645161290323,1.45,58.843870967741935,19.64483870967742
Gir Somnath,2018,11,27.02433333333333,0.0,44.44466666666666,17.350666666666665
Gir Somnath,2018,12,22.4941935483871,0.0,38.10838709677419,15.911935483870968
Gir Somnath,2019,1,21.206129032258065,0.96,39.72161290322581,17.708387096774196
Gir Somnath,2019,2,22.666785714285712,0.11,48.29178571428572,20.57357142857143
Gir Somnath,2019,3,26.159032258064517,0.0,47.47161290322581,24.253225806451614
Gir Somnath,2019,4,29.846666666666668,0.12,52.977,26.20533333333333
Gir Somnath,2019,5,30.000967741935483,0.41,63.56322580645161,26.70903225806452
Gir Somnath,2019,6,29.866333333333333,130.26,73.982,20.505333333333333
Gir Somnath,2019,7,28.734193548387097,143.44,78.96,16.468387096774194
Gir Somnath,2019,8,26.82161290322581,227.16,86.41774193548386,15.396129032258065
Gir Somnath,2019,9,26.924,363.46,89.11233333333332,14.139
Gir Somnath,2019,10,26.25741935483871,27.59,82.43387096774192,18.28451612903226
Gir Somnath,2019,11,24.211333333333336,36.58,78.565,15.985666666666669
Gir Somnath,2019,12,20.747096774193547,2.5700000000000003,69.42290322580645,14.366451612903226
Gir Somnath,2020,1,19.375806451612902,0.08,60.53741935483871,17.144193548387097
Gir Somnath,2020,2,23.434137931034485,0.0,45.13275862068965,20.11448275862069
Gir Somnath,2020,3,25.338064516129037,0.28,52.97451612903226,23.574516129032254
Gir Somnath,2020,4,30.069000000000003,2.81,54.39333333333333,25.912333333333333
Gir Somnath,2020,5,31.12161290322581,0.21,62.64741935483871,26.93548387096774
Gir Somnath,2020,6,29.76633333333333,178.67000000000002,76.111,21.298
Gir Somnath,2020,7,28.15225806451613,392.59,85.44290322580645,17.192258064516132
Gir Somnath,2020,8,27.076451612903227,549.84,89.47709677419354,12.843870967741935
Gir Somnath,2020,9,26.977,116.28,86.02766666666666,18.145666666666667
Gir Somnath,2020,10,26.5,17.35,77.8341935483871,18.66516129032258
Gir Somnath,2020,11,22.758666666666667,0.0,65.03233333333334,17.076
Gir Somnath,2020,12,21.32935483870968,18.25,58.97451612903226,15.59967741935484
Gir Somnath,2021,1,20.95935483870968,0.0,43.10322580645161,17.333225806451615
Gir Somnath,2021,2,24.05,0.0,47.35035714285714,19.992142857142856
Gir Somnath,2021,3,27.883548387096774,0.0,48.215806451612906,24.182580645161288
Gir Somnath,2021,4,29.639333333333333,0.06,56.75666666666667,25.115333333333336
Gir Somnath,2021,5,30.64322580645161,41.86,62.3841935483871,23.626451612903224
Gir Somnath,2021,6,30.17233333333333,74.93,69.554,21.444333333333336
Gir Somnath,2021,7,28.328064516129032,205.25,79.79516129032258,15.764193548387096
Gir Somnath,2021,8,27.18870967741936,105.69,81.13806451612903,16.738387096774193
Gir Somnath,2021,9,26.767,511.79,88.22433333333333,14.868
Gir Somnath,2021,10,25.740322580645163,10.85,78.38000000000001,19.69451612903226
Gir Somnath,2021,11,23.805333333333333,3.01,70.76966666666667,15.334666666666667
Gir Somnath,2021,12,20.99967741935484,14.4,66.60483870967742,14.23741935483871
Gir Somnath,2022,1,20.101612903225806,6.64,56.700967741935486,16.830967741935485
Gir Somnath,2022,2,22.611785714285716,0.0,56.38428571428572,20.978214285714284
Gir Somnath,2022,3,28.074838709677422,0.0,42.99,22.79096774193548
Gir Somnath,2022,4,30.59133333333333,0.75,51.65166666666666,24.899
Gir Somnath,2022,5,30.57677419354839,0.03,64.84290322580645,24.633548387096774
Gir Somnath,2022,6,29.761333333333333,77.81,72.51533333333333,21.265
Gir Somnath,2022,7,27.228387096774195,483.34,85.8916129032258,14.59741935483871
Gir Somnath,2022,8,26.567419354838712,228.25,87.42645161290322,16.414193548387097
Gir Somnath,2022,9,26.502666666666663,203.99,85.97066666666666,18.46066666666667
Gir Somnath,2022,10,26.04387096774193,13.99,73.79741935483871,19.595483870967744
Gir Somnath,2022,11,23.886666666666667,0.03,59.678,17.538999999999998
Gir Somnath,2022,12,23.36967741935484,0.0,48.60709677419354,15.77290322580645
Gir Somnath,2023,1,20.73709677419355,0.01,43.73451612903226,17.146129032258063
Gir Somnath,2023,2,24.763214285714287,0.0,40.15714285714286,21.2025
Gir Somnath,2023,3,26.87548387096774,14.04,50.24580645161291,21.34903225806452
Gir Somnath,2023,4,28.86833333333333,9.97,55.11666666666667,25.066
Gir Somnath,2023,5,30.46677419354839,20.99,62.2541935483871,26.388387096774192
Gir Somnath,2023,6,29.220333333333333,381.43,77.37566666666666,18.660666666666668
Gir Somnath,2023,7,27.523225806451613,608.5,88.23709677419355,12.887096774193548
Gir Somnath,2023,8,26.50709677419355,13.02,86.89903225806451,16.594516129032257
Gir Somnath,2023,9,27.135,66.51,84.972,19.173
Gir Somnath,2023,10,27.175161290322578,0.3999999999999999,70.41096774193548,19.418387096774197
Gir Somnath,2023,11,26.231333333333332,27.4,54.41066666666666,15.694666666666668
Gir Somnath,2023,12,23.450322580645164,0.02,53.20193548387097,14.154516129032258
Gir Somnath,2024,1,22.57354838709677,0.0,43.74870967741936,16.70387096774194
Gir Somnath,2024,2,24.492758620689653,0.02,44.13344827586207,19.99
Gir Somnath,2024,3,26.63096774193548,2.22,45.57225806451613,23.980967741935483
Gir Somnath,2024,4,30.085,0.09,50.81933333333333,25.324666666666666
Gir Somnath,2024,5,31.86032258064516,6.07,57.71064516129032,25.625806451612902
Gir Somnath,2024,6,31.111,101.45,68.55633333333334,21.08233333333333
Gir Somnath,2024,7,28.194193548387094,449.25,86.80967741935484,11.15967741935484
Gir Somnath,2024,8,27.118387096774192,313.74,87.99580645161289,15.321935483870968
Gir Somnath,2024,9,26.691666666666663,161.65,87.01266666666668,17.378333333333334
Gir Somnath,2024,10,26.85032258064516,75.69,83.06709677419354,17.286774193548386
Gir Somnath,2024,11,23.309,0.0,70.00866666666666,16.573666666666664
Gir Somnath,2024,12,19.743548387096773,0.0,60.270967741935486,15.02032258064516
Gir Somnath,2025,1,21.390967741935484,0.0,50.37645161290323,16.739354838709676
Gir Somnath,2025,2,24.746785714285718,0.0,44.44892857142857,20.3175
Gir Somnath,2025,3,27.99451612903226,0.01,42.11838709677419,23.65290322580645
Gir Somnath,2025,4,30.663,0.18,51.397333333333336,25.742
Gir Somnath,2025,5,30.30516129032258,81.07,70.33774193548386,22.01322580645161
Gir Somnath,2025,6,29.377,265.81,77.36466666666666,16.049666666666667
Gir Somnath,2025,7,27.544516129032257,139.94,85.01741935483871,14.203870967741937
Gir Somnath,2025,8,26.98193548387097,260.48,85.49516129032257,15.14483870967742
Gir Somnath,2025,9,26.558,183.82,85.72800000000001,15.982
Gir Somnath,2025,10,25.936129032258066,201.39,79.26645161290324,15.663870967741936
Gir Somnath,2025,11,22.468666666666664,8.9,71.83033333333333,17.08533333333333
Gir Somnath,2025,12,21.357741935483872,0.76,64.5316129032258,16.13
Gir Somnath,2026,1,20.274193548387096,1.08,53.263548387096776,16.075806451612905
Gir Somnath,2026,2,24.416785714285712,0.0,51.574642857142855,18.491785714285715
Gir Somnath,2026,3,27.86774193548387,6.62,53.97870967741935,23.86967741935484
Gir Somnath,2026,4,29.541,5.62,55.69666666666667,25.564
Gir Somnath,2026,5,31.437419354838703,1.66,62.54806451612903,26.06870967741936
Gir Somnath,2026,6,31.357333333333333,13.07,66.09433333333332,22.045
Gir Somnath,2026,7,28.135161290322586,358.88,84.47612903225807,11.404516129032258
Gir Somnath,2026,8,27.392,65.35,82.065,14.3125
Jamnagar,2015,1,20.31870967741936,3.08,51.0441935483871,16.42838709677419
Jamnagar,2015,2,23.080714285714286,1.74,56.06035714285714,19.8825
Jamnagar,2015,3,25.72870967741936,8.8,52.59741935483871,21.86709677419355
Jamnagar,2015,4,29.442,0.5900000000000001,60.333333333333336,24.758666666666667
Jamnagar,2015,5,30.937741935483874,3.01,65.81258064516129,27.15
Jamnagar,2015,6,30.788666666666664,203.7,72.01066666666667,21.509
Jamnagar,2015,7,28.934838709677415,340.63,78.64129032258064,15.75258064516129
Jamnagar,2015,8,28.096451612903227,5.1,80.92129032258065,17.079032258064515
Jamnagar,2015,9,28.426666666666662,71.61,74.24833333333332,20.052666666666667
Jamnagar,2015,10,29.50258064516129,0.0,58.53225806451613,19.32161290322581
Jamnagar,2015,11,26.381,0.0,47.589000000000006,16.146666666666665
Jamnagar,2015,12,21.63,0.0,39.94870967741936,16.168064516129032
Jamnagar,2016,1,21.47258064516129,0.0,53.28903225806452,16.649032258064516
Jamnagar,2016,2,22.965172413793105,0.0,46.28103448275862,19.511034482758618
Jamnagar,2016,3,26.934516129032257,1.35,55.12935483870968,23.03774193548387
Jamnagar,2016,4,28.68733333333333,0.0,62.28966666666667,25.62633333333333
Jamnagar,2016,5,31.06645161290323,1.76,66.63935483870968,26.41
Jamnagar,2016,6,31.009666666666664,41.13,69.08999999999999,22.491666666666667
Jamnagar,2016,7,29.33935483870968,111.34,76.50161290322582,14.83290322580645
Jamnagar,2016,8,27.95290322580645,169.61,81.81903225806451,14.146774193548389
Jamnagar,2016,9,28.075666666666667,23.49,74.69066666666666,19.634
Jamnagar,2016,10,27.59225806451613,34.54,68.22129032258064,18.13258064516129
Jamnagar,2016,11,25.29733333333333,0.0,50.034,17.37933333333333
Jamnagar,2016,12,23.574516129032254,0.0,48.88967741935484,16.345806451612905
Jamnagar,2017,1,20.92225806451613,0.14,46.36064516129032,16.478387096774192
Jamnagar,2017,2,23.43892857142857,0.01,43.67,20.10071428571429
Jamnagar,2017,3,25.78032258064516,0.0,55.22451612903226,23.676129032258064
Jamnagar,2017,4,28.753,0.0,59.60266666666666,26.467
Jamnagar,2017,5,30.905806451612904,3.07,65.25096774193548,26.516774193548382
Jamnagar,2017,6,31.23733333333333,107.91,70.30333333333333,20.299
Jamnagar,2017,7,28.373870967741937,379.72,82.09387096774194,12.753548387096776
Jamnagar,2017,8,27.73548387096774,155.67000000000002,83.60677419354839,16.205161290322582
Jamnagar,2017,9,27.533,32.25,79.84433333333332,18.48933333333333
Jamnagar,2017,10,28.483870967741936,0.55,65.9258064516129,19.626451612903224
Jamnagar,2017,11,24.683666666666667,0.0,51.42533333333333,16.470666666666666
Jamnagar,2017,12,21.754516129032258,1.34,49.85870967741935,13.573548387096771
Jamnagar,2018,1,21.48709677419355,0.0,49.31967741935484,16.36
Jamnagar,2018,2,23.80857142857143,0.0,51.155,18.600357142857145
Jamnagar,2018,3,26.748387096774195,0.0,55.32838709677419,23.50258064516129
Jamnagar,2018,4,29.426666666666662,0.69,61.587,25.66633333333333
Jamnagar,2018,5,31.073870967741936,0.0,65.33645161290323,26.217741935483872
Jamnagar,2018,6,31.334333333333333,18.35,67.685,21.471
Jamnagar,2018,7,29.19161290322581,170.43,77.72774193548386,13.779677419354838
Jamnagar,2018,8,27.82903225806452,110.3,79.59548387096774,13.666451612903224
Jamnagar,2018,9,27.606,14.28,74.06333333333333,19.237
Jamnagar,2018,10,29.31258064516129,0.21,54.08967741935484,19.498064516129038
Jamnagar,2018,11,26.836,0.0,46.02733333333333,16.789666666666665
Jamnagar,2018,12,21.40806451612903,0.0,40.87806451612904,15.223870967741936
Jamnagar,2019,1,20.095483870967744,3.3400000000000003,47.24193548387097,16.79032258064516
Jamnagar,2019,2,21.353214285714284,0.09,52.519642857142856,19.454285714285717
Jamnagar,2019,3,25.33935483870968,0.0,52.869032258064514,23.22774193548387
Jamnagar,2019,4,29.32633333333333,0.19,59.98133333333333,25.881
Jamnagar,2019,5,30.07677419354839,0.2,66.2058064516129,26.78935483870968
Jamnagar,2019,6,31.03933333333333,44.66,70.54433333333333,21.756
Jamnagar,2019,7,30.333870967741937,133.38,73.16387096774193,17.36193548387097
Jamnagar,2019,8,28.06032258064516,335.05,83.21967741935484,14.85741935483871
Jamnagar,2019,9,28.246,328.43,85.53633333333333,14.459
Jamnagar,2019,10,27.381612903225808,27.36,75.76709677419355,18.358709677419355
Jamnagar,2019,11,24.66466666666667,13.89,73.29299999999999,15.230666666666668
Jamnagar,2019,12,19.861612903225808,1.63,67.1783870967742,14.096451612903229
Jamnagar,2020,1,18.123548387096776,0.78,61.99774193548387,16.31258064516129
Jamnagar,2020,2,22.020000000000003,0.0,49.90172413793104,19.41103448275862
Jamnagar,2020,3,24.725483870967743,1.41,56.12096774193548,22.516129032258064
Jamnagar,2020,4,29.51533333333333,5.21,60.42766666666667,25.705666666666666
Jamnagar,2020,5,31.065161290322585,0.0,65.94,27.28516129032258
Jamnagar,2020,6,31.140666666666668,95.98,72.56966666666668,20.383666666666667
Jamnagar,2020,7,29.508709677419358,425.63,82.08225806451614,17.949354838709677
Jamnagar,2020,8,28.424838709677417,599.95,87.1641935483871,13.430645161290323
Jamnagar,2020,9,28.148333333333333,72.33,81.91266666666667,18.4
Jamnagar,2020,10,27.78419354838709,54.02,71.59096774193549,19.278387096774196
Jamnagar,2020,11,23.186333333333334,0.0,61.548,16.642666666666667
Jamnagar,2020,12,20.436129032258066,0.7100000000000001,60.42258064516129,15.379032258064516
Jamnagar,2021,1,18.46967741935484,0.0,51.76290322580645,16.508064516129032
Jamnagar,2021,2,22.689285714285717,0.0,56.43678571428571,19.635
Jamnagar,2021,3,26.866774193548387,0.0,57.87645161290323,23.64935483870968
Jamnagar,2021,4,29.613666666666667,0.81,59.85066666666667,25.15033333333333
Jamnagar,2021,5,31.186774193548384,15.34,62.92580645161291,24.058709677419355
Jamnagar,2021,6,31.022,70.93,68.027,21.143666666666668
Jamnagar,2021,7,29.41,193.12,77.22290322580645,16.06
Jamnagar,2021,8,28.434838709677415,20.74,75.97096774193548,16.635483870967743
Jamnagar,2021,9,28.017666666666667,509.38,85.848,13.208666666666666
Jamnagar,2021,10,27.05935483870968,3.33,72.17290322580645,19.3341935483871
Jamnagar,2021,11,24.122,10.17,64.70700000000001,15.439
Jamnagar,2021,12,20.383548387096774,1.78,65.31193548387097,13.648709677419356
Jamnagar,2022,1,19.220645161290324,5.090000000000001,58.836129032258064,16.183870967741935
Jamnagar,2022,2,22.054285714285715,0.0,60.81464285714286,20.2375
Jamnagar,2022,3,27.033870967741933,0.0,52.58935483870968,22.77290322580645
Jamnagar,2022,4,30.037333333333333,0.04,60.31933333333333,25.395666666666667
Jamnagar,2022,5,30.800645161290323,0.0,66.70161290322581,25.37483870967742
Jamnagar,2022,6,30.957,50.93,69.55133333333333,22.00133333333333
Jamnagar,2022,7,28.300967741935484,478.65,84.98290322580644,14.75741935483871
Jamnagar,2022,8,27.60451612903226,194.61,85.09548387096774,15.275483870967742
Jamnagar,2022,9,27.624,137.19,81.76866666666666,18.530666666666665
Jamnagar,2022,10,27.637096774193548,5.779999999999999,66.9025806451613,19.58516129032258
Jamnagar,2022,11,24.986,0.54,56.629,17.145666666666667
Jamnagar,2022,12,22.1883870967742,0.0,51.160645161290326,15.45451612903226
Jamnagar,2023,1,19.23193548387097,0.15,47.81741935483871,16.21
Jamnagar,2023,2,23.12214285714285,0.0,53.03000000000001,20.9925
Jamnagar,2023,3,26.544193548387096,17.04,54.10096774193549,20.33935483870968
Jamnagar,2023,4,28.407666666666668,11.27,61.17466666666667,23.825
Jamnagar,2023,5,30.668387096774197,16.93,64.92709677419354,26.044516129032257
Jamnagar,2023,6,30.08133333333333,378.49,75.84966666666666,19.948666666666668
Jamnagar,2023,7,28.70483870967742,314.0,85.40322580645162,15.214193548387096
Jamnagar,2023,8,27.541935483870965,4.3100000000000005,82.9341935483871,14.61225806451613
Jamnagar,2023,9,28.362666666666662,77.75,79.38733333333333,18.11
Jamnagar,2023,10,28.241612903225807,0.34,66.61096774193548,19.541935483870965
Jamnagar,2023,11,26.026,10.659999999999998,52.629333333333335,15.065
Jamnagar,2023,12,22.423870967741934,0.0,51.74064516129032,13.821612903225809
Jamnagar,2024,1,20.92774193548387,0.02,50.12129032258064,15.993548387096777
Jamnagar,2024,2,23.41344827586207,0.04,49.284137931034486,19.09
Jamnagar,2024,3,25.488709677419354,4.36,52.76516129032258,23.09
Jamnagar,2024,4,29.314666666666664,7.300000000000001,58.51233333333333,24.186666666666667
Jamnagar,2024,5,31.70870967741936,2.25,61.99322580645161,25.366129032258065
Jamnagar,2024,6,31.897666666666662,73.09,67.253,21.39933333333333
Jamnagar,2024,7,29.593870967741932,482.97,83.75161290322582,13.956451612903225
Jamnagar,2024,8,28.056129032258063,582.4,86.10290322580646,12.959032258064516
Jamnagar,2024,9,27.734,63.62,83.59533333333334,17.298000000000002
Jamnagar,2024,10,28.267096774193547,45.1,76.07354838709678,17.390645161290323
Jamnagar,2024,11,25.289,0.0,58.64,16.473666666666666
Jamnagar,2024,12,19.15935483870968,0.0,57.33419354838709,14.668064516129032
Jamnagar,2025,1,19.80032258064516,0.0,53.43645161290323,16.42838709677419
Jamnagar,2025,2,23.3125,0.0,53.299642857142864,19.52285714285714
Jamnagar,2025,3,27.00258064516129,0.19,49.755806451612905,23.86935483870968
Jamnagar,2025,4,29.964,0.0,59.253,26.302666666666667
Jamnagar,2025,5,31.403548387096773,25.58,66.94516129032259,23.100967741935484
Jamnagar,2025,6,30.273333333333333,278.27000000000004,75.58833333333334,17.10033333333333
Jamnagar,2025,7,28.455483870967743,199.38,84.57645161290323,13.925806451612903
Jamnagar,2025,8,28.05290322580645,219.63,83.48870967741935,14.590645161290322
Jamnagar,2025,9,27.63833333333333,180.79,82.14899999999999,16.233999999999998
Jamnagar,2025,10,26.93967741935484,50.31,71.76193548387097,16.295483870967743
Jamnagar,2025,11,23.573,16.84,64.09599999999999,16.13
Jamnagar,2025,12,21.865483870967743,2.3,60.48967741935484,15.605806451612905
Jamnagar,2026,1,18.97451612903226,0.12,54.18354838709678,16.01
Jamnagar,2026,2,23.66642857142857,0.0,52.58607142857143,18.151785714285715
Jamnagar,2026,3,26.771612903225805,10.74,63.3258064516129,22.80935483870968
Jamnagar,2026,4,29.006,2.62,61.085,25.19333333333333
Jamnagar,2026,5,31.30290322580645,0.0,65.96064516129032,26.743548387096773
Jamnagar,2026,6,31.909333333333333,2.63,65.44633333333333,22.285
Jamnagar,2026,7,29.831935483870968,125.6,76.1116129032258,13.098064516129034
Jamnagar,2026,8,28.62033333333333,68.77,76.63166666666666,12.223571428571429
Junagadh,2015,1,20.67225806451613,4.05,38.6441935483871,16.517419354838708
Junagadh,2015,2,24.141785714285717,0.36,43.10928571428571,20.162142857142857
Junagadh,2015,3,27.11193548387097,10.89,40.57129032258064,22.174516129032256
Junagadh,2015,4,30.922666666666668,3.34,49.72866666666667,24.69633333333333
Junagadh,2015,5,32.586129032258064,2.7100000000000004,52.62580645161291,26.97290322580645
Junagadh,2015,6,29.99833333333333,281.89,72.48566666666667,19.041
Junagadh,2015,7,27.97290322580645,212.95,79.74838709677418,15.038387096774194
Junagadh,2015,8,27.381612903225808,12.61,80.93258064516128,16.305806451612902
Junagadh,2015,9,27.829,118.81,73.70700000000001,19.334
Junagadh,2015,10,29.761935483870968,0.06,52.65096774193549,19.372258064516128
Junagadh,2015,11,27.348000000000003,0.02,38.019666666666666,16.444333333333333
Junagadh,2015,12,22.5641935483871,0.0,22.82064516129032,16.364516129032257
Junagadh,2016,1,22.146774193548385,0.0,35.79870967741935,16.803870967741933
Junagadh,2016,2,24.073793103448278,0.0,32.76965517241379,19.718275862068968
Junagadh,2016,3,28.68935483870968,0.2,40.207741935483874,23.187096774193545
Junagadh,2016,4,30.38266666666667,0.0,47.654,25.533666666666665
Junagadh,2016,5,32.57064516129032,0.06,54.90967741935484,26.09193548387097
Junagadh,2016,6,31.24333333333333,73.7,64.297,20.767
Junagadh,2016,7,27.92064516129032,214.44,80.51451612903226,13.568387096774194
Junagadh,2016,8,26.71967741935484,177.22,85.29612903225807,13.139032258064516
Junagadh,2016,9,26.27233333333333,117.15,82.24600000000001,18.49833333333333
Junagadh,2016,10,25.48741935483871,64.48,72.93935483870968,17.98548387096774
Junagadh,2016,11,24.09466666666667,0.0,42.87133333333334,17.762333333333334
Junagadh,2016,12,23.45258064516129,0.0,33.324516129032254,16.65774193548387
Junagadh,2017,1,21.44322580645161,0.0,33.71935483870968,16.547096774193548
Junagadh,2017,2,24.528214285714284,0.0,31.82857142857143,20.631071428571428
Junagadh,2017,3,27.34709677419355,0.0,37.81354838709677,24.01935483870968
Junagadh,2017,4,30.268666666666665,0.0,45.205333333333336,26.668666666666663
Junagadh,2017,5,32.60806451612903,2.18,51.77645161290322,26.578064516129032
Junagadh,2017,6,30.601666666666667,145.3,70.316,20.282333333333334
Junagadh,2017,7,27.28967741935484,409.58,84.30612903225806,13.337419354838708
Junagadh,2017,8,26.701290322580647,195.8,85.89709677419354,15.452903225806452
Junagadh,2017,9,26.395333333333333,64.72,84.41366666666666,18.040666666666667
Junagadh,2017,10,27.01903225806452,15.01,65.50612903225807,19.885161290322586
Junagadh,2017,11,24.05133333333333,0.0,42.580666666666666,16.91166666666667
Junagadh,2017,12,21.69903225806452,4.52,41.22870967741935,13.534193548387098
Junagadh,2018,1,22.287096774193547,0.0,35.10677419354838,16.74516129032258
Junagadh,2018,2,25.095,0.03,35.9475,18.98428571428571
Junagadh,2018,3,28.043548387096774,0.0,40.163225806451614,23.813225806451616
Junagadh,2018,4,31.256000000000004,0.01,46.43966666666667,25.98966666666667
Junagadh,2018,5,32.615483870967736,0.02,53.33516129032258,26.61064516129032
Junagadh,2018,6,31.43433333333333,35.760000000000005,63.925,20.064666666666668
Junagadh,2018,7,27.491612903225807,477.66,83.98967741935483,11.92741935483871
Junagadh,2018,8,26.19677419354839,89.92,85.8241935483871,13.105806451612905
Junagadh,2018,9,26.21433333333333,21.25,78.057,19.563666666666663
Junagadh,2018,10,29.00709677419355,2.12,49.23612903225806,19.825806451612905
Junagadh,2018,11,26.953666666666667,0.0,33.287,17.045666666666666
Junagadh,2018,12,21.471290322580646,0.0,27.74741935483871,15.54483870967742
Junagadh,2019,1,20.340967741935486,0.3,30.72483870967742,17.42096774193548
Junagadh,2019,2,22.4825,0.1,40.10071428571428,20.03964285714286
Junagadh,2019,3,26.800967741935484,0.0,38.95,23.635483870967743
Junagadh,2019,4,31.396666666666665,0.16,42.85533333333333,26.284
Junagadh,2019,5,31.450645161290325,0.47,54.45741935483871,27.0
Junagadh,2019,6,30.901333333333334,112.36,67.30166666666666,20.496
Junagadh,2019,7,29.01903225806452,166.06,76.51322580645162,16.398064516129033
Junagadh,2019,8,26.73354838709677,304.23,86.47838709677418,14.814516129032258
Junagadh,2019,9,26.696666666666665,404.4500000000001,90.441,13.010333333333334
Junagadh,2019,10,25.501612903225805,36.35,83.43096774193549,18.315483870967743
Junagadh,2019,11,23.159666666666663,26.3,79.65033333333334,15.251666666666669
Junagadh,2019,12,19.317419354838712,2.5700000000000003,66.98387096774194,14.386451612903226
Junagadh,2020,1,18.181290322580644,0.06,57.02967741935484,16.707741935483874
Junagadh,2020,2,23.483793103448274,0.0,34.9451724137931,19.816896551724135
Junagadh,2020,3,25.984193548387097,0.11,44.682903225806456,23.093870967741932
Junagadh,2020,4,31.74533333333333,4.62,43.42966666666667,26.029333333333334
Junagadh,2020,5,32.968387096774194,0.05,51.63322580645162,27.266129032258064
Junagadh,2020,6,30.066666666666663,174.81,73.85666666666665,19.754
Junagadh,2020,7,28.073870967741936,381.19,85.27806451612904,16.476774193548387
Junagadh,2020,8,26.868387096774192,586.47,90.62258064516128,12.260967741935485
Junagadh,2020,9,26.642666666666667,112.75,87.29633333333332,17.814666666666668
Junagadh,2020,10,25.891290322580645,25.469999999999995,78.04,19.155806451612904
Junagadh,2020,11,21.66333333333333,0.0,62.440333333333335,16.893666666666668
Junagadh,2020,12,20.42838709677419,9.57,53.54064516129032,15.623225806451613
Junagadh,2021,1,20.163870967741936,0.0,33.48741935483871,16.993548387096773
Junagadh,2021,2,24.153214285714284,0.0,37.52428571428572,20.05892857142857
Junagadh,2021,3,28.573870967741936,0.0,39.06064516129032,24.19193548387097
Junagadh,2021,4,30.97,0.09,46.96566666666667,25.241666666666667
Junagadh,2021,5,31.81935483870968,31.65,54.35064516129032,23.732903225806453
Junagadh,2021,6,30.747333333333334,88.37,65.638,20.44833333333333
Junagadh,2021,7,28.37161290322581,210.42,78.69677419354838,15.45483870967742
Junagadh,2021,8,27.210645161290323,102.86,80.23903225806451,16.15451612903226
Junagadh,2021,9,26.608,539.39,89.26466666666667,13.025333333333332
Junagadh,2021,10,25.090967741935486,10.57,78.85548387096775,19.162258064516127
Junagadh,2021,11,22.955,1.82,67.197,15.532
Junagadh,2021,12,20.151612903225807,8.809999999999999,61.24967741935484,13.837419354838708
Junagadh,2022,1,19.440645161290323,5.04,49.29935483870968,16.600322580645162
Junagadh,2022,2,22.92892857142857,0.0,46.89821428571429,20.679285714285715
Junagadh,2022,3,29.016451612903225,0.0,32.99483870967742,23.09967741935484
Junagadh,2022,4,31.976,0.43,42.339666666666666,25.476
Junagadh,2022,5,32.11451612903225,0.0,55.7858064516129,25.515806451612903
Junagadh,2022,6,30.597666666666665,74.4,67.17666666666666,21.128
Junagadh,2022,7,27.026451612903223,474.68,86.73838709677419,13.556129032258063
Junagadh,2022,8,26.44483870967742,220.72,87.84903225806453,15.463548387096774
Junagadh,2022,9,26.20133333333333,191.76,86.63666666666667,18.618666666666662
Junagadh,2022,10,25.557741935483868,14.28,72.46806451612902,19.45709677419355
Junagadh,2022,11,23.351333333333333,0.02,53.77933333333333,17.55933333333333
Junagadh,2022,12,22.99935483870968,0.0,38.54483870967742,15.724516129032258
Junagadh,2023,1,20.119032258064514,0.02,33.98935483870968,16.61741935483871
Junagadh,2023,2,24.714642857142856,0.0,31.807142857142857,21.322142857142858
Junagadh,2023,3,27.541290322580643,12.17,41.635161290322586,20.68516129032258
Junagadh,2023,4,29.961666666666662,11.32,46.49766666666667,24.164
Junagadh,2023,5,31.58258064516129,23.72,54.473225806451616,26.01967741935484
Junagadh,2023,6,29.629666666666665,336.36,73.67533333333334,18.683666666666667
Junagadh,2023,7,27.41193548387097,605.99,88.74064516129032,12.529677419354838
Junagadh,2023,8,26.4941935483871,9.99,85.86903225806452,14.251290322580646
Junagadh,2023,9,27.23,76.07,82.79366666666667,18.077
Junagadh,2023,10,27.32774193548387,0.74,64.06741935483872,19.79516129032258
Junagadh,2023,11,25.98733333333333,29.49,45.533,15.577
Junagadh,2023,12,22.63032258064516,0.0,46.54483870967742,14.163870967741936
Junagadh,2024,1,21.798709677419357,0.0,35.953548387096774,16.341935483870966
Junagadh,2024,2,24.37620689655172,0.01,35.58620689655172,19.692413793103448
Junagadh,2024,3,27.12483870967742,1.61,36.69161290322581,23.56709677419355
Junagadh,2024,4,31.29133333333333,0.25,42.038,25.084666666666667
Junagadh,2024,5,33.501935483870966,8.209999999999999,47.83032258064516,25.740645161290324
Junagadh,2024,6,32.028666666666666,90.65,62.572,20.785666666666668
Junagadh,2024,7,28.294516129032257,503.38,86.00709677419354,11.523548387096774
Junagadh,2024,8,27.02516129032258,356.16,87.88774193548387,12.85225806451613
Junagadh,2024,9,26.5,163.78,87.536,17.506333333333334
Junagadh,2024,10,26.37709677419355,82.69,83.12774193548387,16.82935483870968
Junagadh,2024,11,22.255,0.0,67.82533333333333,16.944666666666667
Junagadh,2024,12,18.485806451612905,0.0,54.30032258064516,14.95032258064516
Junagadh,2025,1,20.95387096774193,0.0,41.15064516129033,16.7958064516129
Junagadh,2025,2,24.941785714285714,0.0,35.72428571428571,20.044642857142858
Junagadh,2025,3,28.608387096774194,0.01,33.09193548387096,24.041612903225804
Junagadh,2025,4,32.058,0.08,41.019666666666666,26.23633333333333
Junagadh,2025,5,31.429354838709678,74.56,63.309677419354834,22.53322580645161
Junagadh,2025,6,29.88566666666667,303.02,73.64766666666667,15.789
Junagadh,2025,7,27.451612903225808,155.91,85.31548387096775,12.93032258064516
Junagadh,2025,8,26.92258064516129,270.02,85.79677419354839,13.44516129032258
Junagadh,2025,9,26.415666666666667,172.86,85.917,14.856
Junagadh,2025,10,25.3141935483871,149.84,78.33322580645161,15.86774193548387
Junagadh,2025,11,21.550666666666665,14.27,69.06400000000001,16.647333333333332
Junagadh,2025,12,20.926129032258064,0.93,57.45483870967742,16.025806451612905
Junagadh,2026,1,19.837741935483876,0.7,42.29354838709677,16.34548387096774
Junagadh,2026,2,24.9075,0.0,40.785714285714285,18.374285714285715
Junagadh,2026,3,28.493870967741938,5.83,46.95225806451613,23.30548387096774
Junagadh,2026,4,30.692666666666664,3.26,46.756,25.44833333333333
Junagadh,2026,5,32.98290322580645,0.73,53.36967741935484,26.734516129032254
Junagadh,2026,6,32.48733333333333,11.72,58.951,21.37633333333333
Junagadh,2026,7,28.153548387096773,330.36,83.14483870967742,11.161290322580646
Junagadh,2026,8,27.562666666666665,60.06,79.05933333333333,11.691785714285714
Kheda,2015,1,19.916129032258063,6.460000000000001,44.324516129032254,15.975161290322582
Kheda,2015,2,24.6975,0.18,30.4325,19.667857142857144
Kheda,2015,3,27.90129032258065,18.47,33.52225806451613,22.075161290322583
Kheda,2015,4,31.977,18.04,40.09933333333333,24.84133333333333
Kheda,2015,5,35.58709677419355,4.77,34.68193548387097,26.955161290322582
Kheda,2015,6,31.666666666666668,237.31,64.77566666666667,21.000333333333334
Kheda,2015,7,29.10225806451613,285.07,76.80129032258066,15.726129032258063
Kheda,2015,8,27.885483870967743,40.6,82.92999999999999,17.694193548387098
Kheda,2015,9,28.227666666666668,173.84,75.26866666666666,19.261333333333333
Kheda,2015,10,28.44677419354839,1.0,55.57387096774193,19.133225806451613
Kheda,2015,11,26.497,0.15,39.35533333333333,16.147666666666666
Kheda,2015,12,21.663870967741936,0.0,22.81,16.22
Kheda,2016,1,22.357741935483872,0.0,26.41064516129032,16.56096774193548
Kheda,2016,2,24.819655172413796,0.0,24.257241379310347,19.553448275862067
Kheda,2016,3,29.84193548387097,0.93,25.188064516129035,22.95870967741936
Kheda,2016,4,32.565000000000005,0.0,30.137666666666668,25.392666666666667
Kheda,2016,5,35.5958064516129,0.3399999999999999,39.064193548387095,26.16032258064516
Kheda,2016,6,33.943333333333335,35.62,50.78966666666667,22.726666666666667
Kheda,2016,7,29.811290322580643,187.74,72.44516129032259,14.856774193548388
Kheda,2016,8,27.56290322580645,249.38,84.78806451612903,14.13258064516129
Kheda,2016,9,27.345,112.62,80.86999999999999,19.00733333333333
Kheda,2016,10,26.226774193548387,48.66,67.28032258064516,17.61806451612903
Kheda,2016,11,23.361,0.0,41.89533333333333,17.578
Kheda,2016,12,22.076129032258063,0.0,32.96193548387097,16.51258064516129
Kheda,2017,1,21.63064516129032,0.0,31.620645161290323,16.38774193548387
Kheda,2017,2,25.020000000000003,0.0,23.233214285714286,20.214285714285715
Kheda,2017,3,28.73032258064516,0.0,21.041935483870965,23.955161290322582
Kheda,2017,4,32.17166666666667,0.0,30.76233333333333,26.713666666666665
Kheda,2017,5,35.64096774193549,2.8000000000000003,34.47709677419355,26.53161290322581
Kheda,2017,6,32.58833333333333,136.44,62.00666666666667,21.53633333333333
Kheda,2017,7,27.991935483870968,513.11,83.24645161290321,13.196451612903225
Kheda,2017,8,27.33451612903226,192.24,87.12161290322581,15.83516129032258
Kheda,2017,9,27.44233333333333,63.08,83.60233333333333,17.892999999999997
Kheda,2017,10,26.64741935483871,2.82,63.75645161290323,19.156774193548387
Kheda,2017,11,23.337333333333333,0.0,45.176,16.413
Kheda,2017,12,20.91290322580645,11.83,43.21032258064516,12.94516129032258
Kheda,2018,1,22.128387096774198,0.0,29.52935483870968,16.549677419354836
Kheda,2018,2,25.805,0.0,24.672500000000003,18.59
Kheda,2018,3,29.57935483870968,0.0,22.45709677419355,23.04258064516129
Kheda,2018,4,33.172333333333334,0.0,27.453,25.764333333333333
Kheda,2018,5,35.39354838709678,0.0,35.98096774193549,26.58967741935484
Kheda,2018,6,34.097,40.05,52.650333333333336,21.47433333333333
Kheda,2018,7,28.698709677419355,357.51,80.10548387096775,12.81032258064516
Kheda,2018,8,27.032258064516128,194.83,85.43903225806451,13.75967741935484
Kheda,2018,9,26.848,41.02,78.20133333333334,18.618
Kheda,2018,10,28.666129032258063,0.02,46.09935483870967,19.79258064516129
Kheda,2018,11,25.71033333333333,0.0,33.27366666666667,16.658333333333335
Kheda,2018,12,20.677096774193547,0.0,26.078387096774197,15.362903225806452
Kheda,2019,1,19.89290322580645,0.0,23.65935483870968,16.925806451612903
Kheda,2019,2,22.889285714285712,0.01,27.714642857142856,19.26142857142857
Kheda,2019,3,27.70451612903226,0.0,24.071290322580648,23.57193548387097
Kheda,2019,4,33.55766666666667,1.32,25.790666666666667,25.886000000000003
Kheda,2019,5,34.47806451612903,0.02,36.50258064516129,27.226129032258065
Kheda,2019,6,33.400666666666666,141.97,56.52133333333334,21.65833333333333
Kheda,2019,7,29.772258064516127,269.71000000000004,76.79096774193549,16.307096774193546
Kheda,2019,8,27.21161290322581,494.08,89.0583870967742,14.172258064516129
Kheda,2019,9,27.26533333333333,321.37,90.93166666666666,13.791666666666666
Kheda,2019,10,25.634516129032257,38.92,83.36258064516129,17.753870967741936
Kheda,2019,11,23.57633333333333,8.370000000000001,81.59033333333333,14.807333333333334
Kheda,2019,12,19.044516129032257,0.05,75.59258064516129,13.641612903225806
Kheda,2020,1,18.04548387096774,0.0,58.885161290322586,15.813870967741936
Kheda,2020,2,22.549310344827585,0.0,38.24896551724138,19.382758620689657
Kheda,2020,3,26.39354838709677,5.279999999999999,37.29290322580645,22.37032258064516
Kheda,2020,4,33.753,0.01,25.27433333333333,25.988666666666667
Kheda,2020,5,35.905806451612904,0.2,33.31096774193548,27.448387096774194
Kheda,2020,6,31.212,167.9,68.01299999999999,20.60933333333333
Kheda,2020,7,29.376451612903224,183.31,80.11,18.595161290322583
Kheda,2020,8,27.960645161290323,588.98,87.91483870967743,13.832258064516129
Kheda,2020,9,27.83,123.55,85.91366666666666,17.579333333333334
Kheda,2020,10,26.256129032258062,14.32,75.21129032258065,18.901935483870968
Kheda,2020,11,21.674666666666667,0.0,67.55133333333333,16.294666666666664
Kheda,2020,12,20.91935483870968,10.68,54.65741935483871,14.68516129032258
Kheda,2021,1,20.86709677419355,0.01,40.913548387096775,15.567096774193548
Kheda,2021,2,24.314642857142854,0.0,28.62107142857143,19.546071428571427
Kheda,2021,3,29.71322580645161,0.0,22.91032258064516,23.61
Kheda,2021,4,32.86633333333334,0.12,30.558333333333334,25.317666666666664
Kheda,2021,5,33.72774193548387,87.2,44.950967741935486,23.79258064516129
Kheda,2021,6,30.994666666666667,223.53,68.29333333333334,20.676666666666662
Kheda,2021,7,29.316129032258065,129.73,77.26193548387097,16.338064516129034
Kheda,2021,8,28.885161290322586,76.78999999999999,73.93129032258064,15.470322580645162
Kheda,2021,9,27.712666666666667,376.29,87.141,13.124
Kheda,2021,10,25.798387096774192,30.62,77.72258064516129,18.91354838709677
Kheda,2021,11,22.757,3.56,68.27666666666667,15.450666666666669
Kheda,2021,12,20.490967741935485,15.57,60.97096774193548,12.544516129032258
Kheda,2022,1,19.124193548387098,1.08,50.65225806451613,15.864193548387098
Kheda,2022,2,23.006428571428568,0.0,35.91678571428572,20.335
Kheda,2022,3,30.32,0.01,20.750967741935483,22.46548387096774
Kheda,2022,4,33.85766666666667,0.0,24.177000000000003,25.737
Kheda,2022,5,35.17935483870968,0.01,39.06161290322581,25.825161290322583
Kheda,2022,6,32.812,76.46,56.04366666666667,22.53166666666667
Kheda,2022,7,27.96451612903226,468.25,85.38032258064516,14.651612903225804
Kheda,2022,8,27.338064516129037,206.36,87.27935483870968,15.698064516129032
Kheda,2022,9,27.29733333333333,104.76,86.78999999999999,17.484333333333332
Kheda,2022,10,25.20903225806452,54.7,73.85258064516128,18.956451612903223
Kheda,2022,11,22.894,0.0,57.772333333333336,17.027666666666665
Kheda,2022,12,22.057419354838707,13.42,53.31032258064516,14.983870967741936
Kheda,2023,1,19.38741935483871,1.01,42.12,15.84451612903226
Kheda,2023,2,24.810357142857143,0.0,22.4825,21.23464285714286
Kheda,2023,3,28.300645161290323,14.18,34.18741935483871,20.55032258064516
Kheda,2023,4,31.639333333333333,6.050000000000001,30.991666666666667,24.12633333333333
Kheda,2023,5,34.17225806451613,18.45,38.49516129032258,26.52774193548387
Kheda,2023,6,31.91166666666667,185.57,60.968,19.80433333333333
Kheda,2023,7,28.5458064516129,447.69,86.43774193548387,15.496451612903224
Kheda,2023,8,27.20258064516129,23.65,85.66096774193548,14.444193548387096
Kheda,2023,9,27.718666666666664,222.37,84.01666666666667,16.358
Kheda,2023,10,26.438064516129035,0.28,69.00387096774193,19.61225806451613
Kheda,2023,11,24.188666666666663,33.82,54.708,14.973
Kheda,2023,12,22.12290322580645,2.31,56.00806451612903,13.63
Kheda,2024,1,20.92258064516129,0.45,43.03677419354839,15.366774193548387
Kheda,2024,2,24.60172413793104,0.0,29.44793103448276,19.029655172413797
Kheda,2024,3,27.98483870967742,2.03,24.09193548387097,23.27516129032258
Kheda,2024,4,33.043,0.1,27.402,24.048
Kheda,2024,5,36.39290322580646,5.52,30.86387096774193,25.71161290322581
Kheda,2024,6,34.28433333333333,115.36,52.866,21.116
Kheda,2024,7,29.357741935483872,342.03000000000003,82.23290322580644,13.75
Kheda,2024,8,27.728387096774195,467.91,87.72451612903225,13.296774193548387
Kheda,2024,9,27.150666666666663,317.37,89.17966666666666,15.848666666666666
Kheda,2024,10,26.75516129032258,32.36,83.02741935483871,17.13806451612903
Kheda,2024,11,21.939,0.0,71.73366666666668,16.113333333333333
Kheda,2024,12,18.313870967741934,0.0699999999999999,67.89387096774193,14.403870967741934
Kheda,2025,1,20.02290322580645,0.0,50.11935483870968,16.144516129032258
Kheda,2025,2,24.2575,0.0,33.79071428571429,19.5275
Kheda,2025,3,29.30258064516129,0.0,21.895806451612906,23.77774193548387
Kheda,2025,4,33.675,0.28,25.41,26.134
Kheda,2025,5,32.7341935483871,110.97,55.16709677419355,22.86354838709677
Kheda,2025,6,30.880333333333333,298.22,70.46233333333333,17.386666666666667
Kheda,2025,7,27.85709677419355,276.36,86.88451612903226,14.24032258064516
Kheda,2025,8,27.52709677419355,196.62,86.63193548387098,14.861612903225806
Kheda,2025,9,26.944666666666667,195.27,86.875,15.433666666666666
Kheda,2025,10,25.38806451612903,116.41,80.51516129032258,16.496129032258064
Kheda,2025,11,20.936333333333334,15.59,74.24666666666667,16.080333333333332
Kheda,2025,12,19.608064516129037,0.0,60.49967741935484,15.979032258064516
Kheda,2026,1,20.01516129032258,0.0,50.58967741935484,14.884516129032258
Kheda,2026,2,25.13,0.22,40.68107142857143,17.51214285714286
Kheda,2026,3,29.68193548387097,3.72,28.943870967741937,23.351935483870967
Kheda,2026,4,32.844,3.13,29.245,24.829
Kheda,2026,5,36.020645161290325,0.76,36.824516129032254,26.653548387096773
Kheda,2026,6,34.815333333333335,31.59,50.00966666666667,22.545333333333332
Kheda,2026,7,29.93193548387097,449.01,76.06741935483872,12.94483870967742
Kheda,2026,8,27.041,334.88,90.678,14.003928571428572
Kutch,2015,1,19.37258064516129,1.15,44.27322580645161,15.514838709677418
Kutch,2015,2,22.627857142857145,2.71,52.402142857142856,18.835714285714285
Kutch,2015,3,25.503870967741936,4.15,47.86612903225806,21.21
Kutch,2015,4,29.413,0.12,58.283,23.547666666666665
Kutch,2015,5,30.821290322580648,0.8200000000000001,64.67967741935483,25.726451612903222
Kutch,2015,6,30.94066666666667,66.64,68.87166666666667,22.645333333333333
Kutch,2015,7,29.190645161290323,435.23,74.63580645161291,15.988387096774192
Kutch,2015,8,27.61064516129032,1.65,81.41064516129032,18.236129032258063
Kutch,2015,9,28.138,34.47,71.95633333333333,21.45833333333333
Kutch,2015,10,28.572903225806453,0.0,57.15709677419355,20.36
Kutch,2015,11,25.72533333333333,0.0,37.412,15.776
Kutch,2015,12,20.57,0.0,30.51516129032258,15.601612903225806
Kutch,2016,1,20.81451612903226,0.0,50.29451612903226,15.72225806451613
Kutch,2016,2,22.2996551724138,0.0,40.1,18.95655172413793
Kutch,2016,3,26.93548387096774,1.11,51.47516129032258,22.12032258064516
Kutch,2016,4,28.557,0.0,60.134,24.770666666666667
Kutch,2016,5,30.87903225806452,5.08,66.19999999999999,25.638709677419357
Kutch,2016,6,31.01033333333333,12.62,67.24933333333334,23.376
Kutch,2016,7,29.46161290322581,56.85,73.83870967741936,16.603225806451615
Kutch,2016,8,27.904516129032256,179.18,79.95129032258065,16.4
Kutch,2016,9,27.782666666666668,7.07,73.251,21.773
Kutch,2016,10,27.108709677419355,21.78,68.04129032258065,19.53774193548387
Kutch,2016,11,24.674,0.0,44.844,17.334666666666667
Kutch,2016,12,22.925483870967746,0.0,43.052580645161285,15.748387096774191
Kutch,2017,1,19.81,0.16,38.7141935483871,15.514516129032256
Kutch,2017,2,22.8575,0.18,36.27821428571429,18.75
Kutch,2017,3,25.759032258064515,0.0,52.321935483870966,22.187096774193545
Kutch,2017,4,28.552333333333333,0.0,59.30833333333333,24.795
Kutch,2017,5,30.761612903225807,0.29,65.0241935483871,25.390645161290323
Kutch,2017,6,31.180333333333333,56.06,68.45433333333334,20.988
Kutch,2017,7,28.32064516129033,278.28000000000003,80.2683870967742,14.285806451612904
Kutch,2017,8,27.687419354838703,141.44,81.96387096774194,18.35032258064516
Kutch,2017,9,27.145,19.48,78.83866666666667,21.042666666666666
Kutch,2017,10,27.83516129032258,0.0,65.06870967741936,20.436129032258066
Kutch,2017,11,23.942666666666664,0.0,46.531333333333336,16.415333333333333
Kutch,2017,12,21.10032258064516,0.1,37.70161290322581,14.073225806451612
Kutch,2018,1,20.773225806451613,0.0,44.00032258064516,15.73709677419355
Kutch,2018,2,23.360714285714288,0.0,47.46214285714286,17.85535714285714
Kutch,2018,3,26.49322580645161,0.0,53.54516129032258,22.64516129032258
Kutch,2018,4,29.412666666666667,1.8,59.26266666666667,23.950666666666667
Kutch,2018,5,31.061290322580643,0.0,64.26129032258065,24.74967741935484
Kutch,2018,6,31.105666666666664,4.17,67.12166666666667,21.980666666666664
Kutch,2018,7,29.55161290322581,61.52,72.93032258064517,16.06032258064516
Kutch,2018,8,27.95935483870968,65.16,75.91290322580646,14.503225806451614
Kutch,2018,9,27.805,5.94,69.63266666666667,19.243666666666662
Kutch,2018,10,29.271612903225805,0.02,49.78258064516129,18.88064516129032
Kutch,2018,11,26.209333333333333,0.0,40.66066666666666,15.728333333333332
Kutch,2018,12,20.266451612903225,0.0,33.70580645161291,14.406451612903227
Kutch,2019,1,19.35258064516129,4.18,41.59032258064516,15.210967741935484
Kutch,2019,2,20.821785714285717,0.08,46.38428571428572,18.486071428571428
Kutch,2019,3,25.240645161290324,0.01,49.292258064516126,21.73064516129032
Kutch,2019,4,29.412333333333333,0.26,57.69633333333333,25.024
Kutch,2019,5,29.926774193548383,0.49,65.7216129032258,25.70225806451613
Kutch,2019,6,31.098000000000003,20.83,68.39366666666666,22.94533333333333
Kutch,2019,7,30.306774193548385,119.45,71.30806451612904,18.01483870967742
Kutch,2019,8,27.61935483870968,311.26,84.20516129032258,16.380967741935486
Kutch,2019,9,28.005333333333333,240.41,85.24533333333333,17.413333333333334
Kutch,2019,10,27.013870967741934,11.52,74.26225806451613,18.57870967741936
Kutch,2019,11,23.533666666666665,19.17,68.773,14.748
Kutch,2019,12,18.54387096774193,0.83,58.70193548387097,14.297741935483872
Kutch,2020,1,16.942903225806454,1.09,56.00645161290323,15.84483870967742
Kutch,2020,2,21.58551724137931,0.0,43.64724137931034,18.63379310344828
Kutch,2020,3,24.660967741935483,2.64,51.27548387096774,21.50354838709677
Kutch,2020,4,29.828666666666667,0.74,56.51833333333333,24.86866666666667
Kutch,2020,5,31.021612903225805,0.1699999999999999,64.74806451612903,26.26
Kutch,2020,6,31.015666666666668,69.92,71.886,22.543666666666663
Kutch,2020,7,29.194193548387094,373.32,82.5741935483871,19.08870967741936
Kutch,2020,8,28.37322580645161,568.4399999999999,86.58870967741936,15.413548387096776
Kutch,2020,9,27.765,67.5,82.27533333333334,20.48733333333333
Kutch,2020,10,26.858387096774194,51.19,71.61193548387097,19.81709677419355
Kutch,2020,11,22.00433333333333,0.0,58.284666666666666,17.008
Kutch,2020,12,19.01774193548387,0.06,54.01290322580645,15.712580645161289
Kutch,2021,1,16.93516129032258,0.0,45.29483870967742,16.29967741935484
Kutch,2021,2,22.56642857142857,0.0,52.525357142857146,19.641785714285717
Kutch,2021,3,26.96741935483871,0.0,55.61129032258064,23.19193548387097
Kutch,2021,4,29.57033333333333,1.43,57.49433333333333,24.997666666666664
Kutch,2021,5,30.98774193548387,14.98,62.08483870967742,23.983870967741936
Kutch,2021,6,30.933666666666667,29.9,66.23333333333333,22.146666666666665
Kutch,2021,7,29.02967741935484,194.34,77.96483870967741,16.293225806451613
Kutch,2021,8,28.11354838709677,7.970000000000001,75.13774193548387,18.40258064516129
Kutch,2021,9,27.941,380.08,84.602,16.157
Kutch,2021,10,26.21032258064516,1.96,70.95935483870969,19.97741935483871
Kutch,2021,11,23.287333333333333,15.29,58.69566666666666,15.507666666666667
Kutch,2021,12,19.13774193548387,2.06,59.36354838709677,14.005483870967742
Kutch,2022,1,18.083548387096776,3.17,56.68645161290323,15.922580645161291
Kutch,2022,2,21.828214285714285,0.0,56.57357142857143,19.68607142857143
Kutch,2022,3,27.21903225806452,0.0,48.66645161290323,22.656129032258065
Kutch,2022,4,30.035666666666664,0.0999999999999999,59.50333333333333,24.95533333333333
Kutch,2022,5,30.661290322580644,0.0,66.4141935483871,24.960645161290323
Kutch,2022,6,30.834333333333333,24.43,68.12066666666666,22.653
Kutch,2022,7,27.966129032258067,497.64,85.72193548387096,15.536129032258064
Kutch,2022,8,27.26451612903226,364.15,85.73225806451612,15.860967741935484
Kutch,2022,9,27.04433333333333,130.84,83.21066666666667,20.162666666666667
Kutch,2022,10,26.72258064516129,0.64,68.40483870967742,20.28935483870968
Kutch,2022,11,24.05133333333333,0.57,58.525333333333336,17.075333333333333
Kutch,2022,12,20.220322580645163,0.0,49.97709677419355,15.204193548387096
Kutch,2023,1,17.943225806451615,0.07,39.8841935483871,16.130322580645164
Kutch,2023,2,22.952857142857145,0.0,51.66178571428571,19.86285714285714
Kutch,2023,3,26.371290322580645,15.35,52.12322580645161,20.52709677419355
Kutch,2023,4,28.156,8.03,59.72366666666667,23.395333333333333
Kutch,2023,5,30.56935483870968,10.48,63.77225806451613,25.03516129032258
Kutch,2023,6,29.70533333333333,328.06,77.28033333333333,20.04733333333333
Kutch,2023,7,28.495483870967742,308.28,85.29612903225807,17.84741935483871
Kutch,2023,8,27.11032258064516,2.4,83.08290322580646,15.677096774193547
Kutch,2023,9,27.999666666666663,96.69,79.00933333333333,19.47533333333333
Kutch,2023,10,27.325161290322583,0.01,69.53,19.801290322580645
Kutch,2023,11,24.45133333333333,3.94,53.338,14.8
Kutch,2023,12,21.47870967741936,0.0,40.91741935483872,14.56258064516129
Kutch,2024,1,20.090967741935486,0.05,44.57838709677419,15.711612903225806
Kutch,2024,2,22.77068965517241,0.05,43.81068965517241,18.30206896551724
Kutch,2024,3,25.22225806451613,3.37,48.28741935483871,22.223548387096773
Kutch,2024,4,29.29866666666667,5.76,55.44466666666666,22.526333333333334
Kutch,2024,5,31.651290322580643,1.25,60.534838709677416,25.19483870967742
Kutch,2024,6,31.803,73.97,66.108,22.00766666666667
Kutch,2024,7,29.595806451612905,427.17,83.01774193548388,14.74516129032258
Kutch,2024,8,27.73258064516129,601.46,86.46548387096773,14.506129032258064
Kutch,2024,9,27.305666666666664,18.05,83.923,19.47233333333333
Kutch,2024,10,27.93032258064516,38.22,75.29451612903226,18.29290322580645
Kutch,2024,11,24.965,0.0,56.90466666666667,16.885
Kutch,2024,12,17.5458064516129,0.0,49.385161290322586,14.637096774193548
Kutch,2025,1,18.865483870967743,0.0,45.52161290322581,16.026451612903227
Kutch,2025,2,23.14785714285714,0.0,48.38928571428572,18.332857142857144
Kutch,2025,3,26.99483870967742,0.41,44.37129032258064,23.08258064516129
Kutch,2025,4,30.183666666666667,0.0,56.181333333333335,25.538666666666664
Kutch,2025,5,31.328387096774197,14.22,65.67096774193548,23.406451612903226
Kutch,2025,6,30.45266666666667,168.34,71.97466666666668,18.743666666666662
Kutch,2025,7,28.44741935483871,168.71,82.71322580645162,15.013548387096774
Kutch,2025,8,28.063548387096777,176.65,81.0525806451613,16.646129032258063
Kutch,2025,9,27.311666666666667,164.78,81.51366666666667,18.276
Kutch,2025,10,26.385483870967743,37.22,70.72193548387096,17.13193548387097
Kutch,2025,11,22.945666666666668,12.21,59.309666666666665,16.479
Kutch,2025,12,20.69741935483871,1.37,57.3841935483871,15.3
Kutch,2026,1,17.79548387096774,0.0,47.6983870967742,16.634838709677418
Kutch,2026,2,23.393571428571427,0.0,46.45928571428571,19.05857142857143
Kutch,2026,3,26.57774193548387,10.51,61.15516129032258,21.984193548387097
Kutch,2026,4,28.77733333333333,4.0,59.641,24.626
Kutch,2026,5,31.046451612903223,0.0,65.90645161290323,26.376451612903224
Kutch,2026,6,31.49333333333333,0.19,65.699,22.829
Kutch,2026,7,30.023225806451613,56.05,72.26064516129033,16.211935483870967
Kutch,2026,8,28.35,108.05,76.38933333333333,14.608214285714284
Mahisagar,2015,1,19.096129032258062,14.0,44.66967741935484,15.413870967741936
Mahisagar,2015,2,23.885357142857146,0.26,29.89071428571429,19.301428571428573
Mahisagar,2015,3,26.88741935483871,23.29,35.660645161290326,22.036129032258064
Mahisagar,2015,4,31.271,18.72,37.102,24.56033333333333
Mahisagar,2015,5,35.21322580645161,4.34,30.205161290322582,27.136451612903222
Mahisagar,2015,6,31.400666666666663,176.54,62.776,21.741333333333333
Mahisagar,2015,7,28.78903225806452,324.94,75.67451612903226,15.182580645161291
Mahisagar,2015,8,27.21322580645161,92.68,84.06290322580645,16.548709677419353
Mahisagar,2015,9,27.600666666666665,107.34,74.68599999999999,19.735333333333333
Mahisagar,2015,10,28.19161290322581,0.99,50.86709677419355,20.248064516129038
Mahisagar,2015,11,26.363,0.05,33.901,16.134
Mahisagar,2015,12,21.325806451612905,0.01,20.03967741935484,15.942258064516128
Mahisagar,2016,1,21.63290322580645,0.05,27.44322580645161,15.93483870967742
Mahisagar,2016,2,24.072068965517243,0.0,23.070344827586204,19.08034482758621
Mahisagar,2016,3,29.20967741935484,0.67,23.320322580645165,22.898387096774197
Mahisagar,2016,4,32.078,0.0,25.864666666666665,25.73733333333333
Mahisagar,2016,5,35.37451612903225,1.25,34.91225806451613,26.529032258064515
Mahisagar,2016,6,33.684999999999995,44.59,48.97466666666666,22.612666666666662
Mahisagar,2016,7,28.74258064516129,204.56,76.46709677419355,14.878387096774194
Mahisagar,2016,8,26.856129032258064,304.11,86.20290322580645,12.859677419354838
Mahisagar,2016,9,26.622,83.08,82.278,19.549
Mahisagar,2016,10,25.443870967741937,44.26,67.82387096774194,18.29032258064516
Mahisagar,2016,11,22.543,0.0,43.48433333333333,17.586666666666666
Mahisagar,2016,12,21.648064516129036,0.0,31.45225806451613,16.18741935483871
Mahisagar,2017,1,20.807096774193543,0.09,32.104838709677416,15.571935483870968
Mahisagar,2017,2,24.267142857142854,0.0,23.22642857142857,20.0075
Mahisagar,2017,3,27.95225806451613,0.04,19.754516129032258,24.14548387096774
Mahisagar,2017,4,31.72833333333333,0.07,26.711666666666662,26.61133333333333
Mahisagar,2017,5,35.21483870967742,4.38,31.76774193548387,26.416774193548385
Mahisagar,2017,6,32.333333333333336,112.11,60.589000000000006,22.360333333333333
Mahisagar,2017,7,27.42032258064516,495.8,83.63000000000001,12.506129032258064
Mahisagar,2017,8,26.807096774193543,159.87,86.70516129032258,15.22709677419355
Mahisagar,2017,9,26.78666666666667,63.91,83.63833333333334,18.063333333333333
Mahisagar,2017,10,26.49903225806452,1.41,58.65032258064516,19.594516129032257
Mahisagar,2017,11,23.216666666666665,0.0,41.595666666666666,16.168
Mahisagar,2017,12,20.883225806451613,8.969999999999999,38.053225806451614,12.84516129032258
Mahisagar,2018,1,21.64322580645161,0.0,25.231935483870966,16.725806451612904
Mahisagar,2018,2,24.85892857142857,0.0,23.94,19.009285714285717
Mahisagar,2018,3,28.856129032258064,0.05,20.14741935483871,23.493548387096773
Mahisagar,2018,4,32.717,0.04,22.984666666666666,25.737666666666662
Mahisagar,2018,5,35.052580645161285,0.01,31.600967741935484,26.598387096774196
Mahisagar,2018,6,33.79333333333333,61.51,51.55533333333334,21.133
Mahisagar,2018,7,28.044516129032257,290.0,81.09,12.749032258064515
Mahisagar,2018,8,26.59032258064516,196.34,85.05225806451612,12.248064516129032
Mahisagar,2018,9,26.052333333333333,55.02,78.78866666666666,16.708666666666666
Mahisagar,2018,10,27.671612903225807,0.43,48.832580645161286,20.200000000000003
Mahisagar,2018,11,25.26066666666667,0.0,31.218,16.732333333333333
Mahisagar,2018,12,19.86774193548387,0.0,26.730967741935483,15.378709677419357
Mahisagar,2019,1,19.093870967741932,0.16,23.981612903225805,16.645806451612902
Mahisagar,2019,2,22.0225,0.11,26.802142857142854,19.12357142857143
Mahisagar,2019,3,26.905806451612904,0.0,22.489032258064515,23.451290322580647
Mahisagar,2019,4,32.97666666666667,6.4,22.726,26.220333333333333
Mahisagar,2019,5,34.04677419354839,0.64,33.258709677419354,27.021290322580644
Mahisagar,2019,6,33.391333333333336,108.95,53.903666666666666,22.52733333333333
Mahisagar,2019,7,29.13903225806452,260.82,77.57548387096774,17.049677419354836
Mahisagar,2019,8,26.76032258064516,481.95,88.73451612903226,12.748709677419354
Mahisagar,2019,9,26.717666666666663,277.15,90.99166666666666,13.495333333333331
Mahisagar,2019,10,25.051935483870967,35.7,81.2958064516129,17.86258064516129
Mahisagar,2019,11,23.094,4.86,79.077,14.126333333333331
Mahisagar,2019,12,18.575161290322583,0.26,70.50741935483872,13.740645161290322
Mahisagar,2020,1,17.659032258064514,0.01,57.01903225806451,15.40741935483871
Mahisagar,2020,2,22.428275862068965,0.0,33.501724137931035,19.425172413793103
Mahisagar,2020,3,25.981612903225805,8.54,33.946774193548386,22.381612903225808
Mahisagar,2020,4,32.98766666666667,0.32,23.566666666666663,25.77233333333333
Mahisagar,2020,5,35.512903225806454,1.23,28.58451612903226,27.42290322580645
Mahisagar,2020,6,30.63133333333333,138.57,67.88066666666667,21.664
Mahisagar,2020,7,28.936451612903223,173.09,79.72483870967741,18.725806451612904
Mahisagar,2020,8,27.42419354838709,526.9399999999999,87.89935483870968,12.606129032258066
Mahisagar,2020,9,27.122,133.35,86.53033333333333,18.224
Mahisagar,2020,10,25.720645161290324,10.26,72.37774193548387,19.223548387096773
Mahisagar,2020,11,21.704666666666665,0.16,61.85133333333333,16.185
Mahisagar,2020,12,20.49870967741936,7.44,52.85645161290322,14.723548387096775
Mahisagar,2021,1,21.46,0.35,36.83774193548387,14.885806451612902
Mahisagar,2021,2,24.143571428571427,0.0,23.03892857142857,19.961785714285718
Mahisagar,2021,3,29.19193548387097,0.16,20.36193548387097,23.696129032258067
Mahisagar,2021,4,32.19733333333333,0.0,25.468666666666664,25.419
Mahisagar,2021,5,33.15709677419355,58.39,43.33516129032258,23.67
Mahisagar,2021,6,30.517333333333333,168.96,67.968,21.73166666666667
Mahisagar,2021,7,28.83935483870968,163.54,77.03516129032259,16.008709677419354
Mahisagar,2021,8,27.96,83.97,77.00225806451614,14.901612903225804
Mahisagar,2021,9,27.122666666666664,328.44,87.63166666666666,14.247333333333334
Mahisagar,2021,10,25.072903225806453,35.18,77.31,18.78516129032258
Mahisagar,2021,11,21.772666666666662,13.84,68.211,15.002333333333333
Mahisagar,2021,12,19.41774193548387,13.17,63.53096774193549,12.959354838709675
Mahisagar,2022,1,18.42419354838709,2.2,50.63645161290323,15.935483870967742
Mahisagar,2022,2,22.78821428571428,0.0,30.03107142857143,20.236071428571428
Mahisagar,2022,3,29.79612903225806,0.9000000000000001,19.28967741935484,23.12161290322581
Mahisagar,2022,4,33.334,0.0,19.84,26.26966666666667
Mahisagar,2022,5,34.9241935483871,1.0799999999999998,35.52903225806451,25.12322580645161
Mahisagar,2022,6,32.551,51.93,53.757666666666665,22.44066666666667
Mahisagar,2022,7,27.475483870967743,433.11,85.55516129032259,14.618709677419355
Mahisagar,2022,8,26.69290322580645,278.0,88.20870967741936,14.406451612903227
Mahisagar,2022,9,26.9,88.77,86.44066666666666,17.993
Mahisagar,2022,10,24.404516129032256,63.040000000000006,72.8158064516129,19.322903225806453
Mahisagar,2022,11,22.147,0.0,58.873666666666665,17.246333333333332
Mahisagar,2022,12,21.168064516129032,11.59,54.601612903225806,15.308709677419357
Mahisagar,2023,1,19.095483870967744,3.58,38.61774193548387,15.830967741935485
Mahisagar,2023,2,24.073571428571427,0.0,21.572857142857146,21.2625
Mahisagar,2023,3,27.41322580645161,14.32,32.83387096774194,21.05516129032258
Mahisagar,2023,4,30.845666666666663,7.51,28.228,24.357000000000003
Mahisagar,2023,5,33.57806451612903,16.36,36.34096774193548,26.311612903225804
Mahisagar,2023,6,30.96,183.25,62.576,19.540333333333333
Mahisagar,2023,7,28.081935483870968,374.92,86.58064516129032,15.57032258064516
Mahisagar,2023,8,26.69225806451613,53.67,85.24032258064516,13.470967741935484
Mahisagar,2023,9,27.013,279.09,84.62400000000001,16.532333333333334
Mahisagar,2023,10,25.698064516129037,0.02,68.24193548387096,20.12032258064516
Mahisagar,2023,11,23.122666666666664,32.69,58.553333333333335,14.572333333333336
Mahisagar,2023,12,21.07935483870968,4.34,58.38290322580646,13.475483870967745
Mahisagar,2024,1,20.58516129032258,0.58,41.12870967741936,15.343870967741935
Mahisagar,2024,2,23.738275862068964,0.0,29.31241379310345,18.68103448275862
Mahisagar,2024,3,27.44709677419355,1.61,22.345161290322583,23.22774193548387
Mahisagar,2024,4,32.361666666666665,3.29,24.91433333333333,23.480666666666664
Mahisagar,2024,5,36.08354838709677,7.489999999999999,28.431290322580644,25.38516129032258
Mahisagar,2024,6,34.01,103.53,51.81366666666667,21.96633333333333
Mahisagar,2024,7,28.813548387096777,329.72,82.84483870967742,13.497741935483871
Mahisagar,2024,8,27.08483870967742,471.99,88.55322580645162,12.488064516129032
Mahisagar,2024,9,26.62633333333333,302.12,89.46433333333333,15.528
Mahisagar,2024,10,26.245806451612903,29.64,80.48935483870967,17.69516129032258
Mahisagar,2024,11,21.767666666666667,0.0,66.43599999999999,16.782333333333334
Mahisagar,2024,12,18.664516129032258,1.1,59.26741935483871,14.17
Mahisagar,2025,1,20.154838709677417,0.0,45.82225806451613,16.396451612903228
Mahisagar,2025,2,24.586785714285718,0.0,25.235000000000003,19.61642857142857
Mahisagar,2025,3,28.97483870967742,0.0,18.403548387096773,24.13064516129032
Mahisagar,2025,4,33.107,0.17,21.506666666666668,26.398666666666667
Mahisagar,2025,5,31.660967741935483,110.42,57.21354838709677,23.126451612903224
Mahisagar,2025,6,30.29133333333333,244.76,69.88333333333334,17.697666666666667
Mahisagar,2025,7,27.34354838709677,273.85,86.5783870967742,13.139032258064516
Mahisagar,2025,8,27.04064516129032,231.88,86.78645161290324,14.94032258064516
Mahisagar,2025,9,26.132,216.4,88.05933333333334,16.256999999999998
Mahisagar,2025,10,24.72741935483871,119.71,79.42548387096774,16.15483870967742
Mahisagar,2025,11,20.447666666666667,7.9,71.462,15.967
Mahisagar,2025,12,18.912580645161288,0.0,60.17193548387097,15.79225806451613
Mahisagar,2026,1,19.356451612903225,0.2,51.63645161290323,15.254193548387097
Mahisagar,2026,2,24.74642857142857,1.5400000000000005,38.40428571428571,17.55464285714286
Mahisagar,2026,3,29.14774193548387,1.87,25.894193548387097,23.241935483870968
Mahisagar,2026,4,32.33733333333333,1.09,25.62833333333333,25.511000000000003
Mahisagar,2026,5,35.73612903225806,2.69,32.87387096774194,26.89161290322581
Mahisagar,2026,6,34.068666666666665,45.72,50.992666666666665,23.01966666666667
Mahisagar,2026,7,29.264193548387095,379.99,77.10032258064517,14.533548387096776
Mahisagar,2026,8,26.41133333333333,301.4,91.263,12.498571428571427
Mehsana,2015,1,19.052258064516128,7.15,37.38161290322581,15.92225806451613
Mehsana,2015,2,23.624642857142856,0.05,26.904642857142857,19.914285714285715
Mehsana,2015,3,26.94129032258065,19.68,31.03419354838709,22.35903225806452
Mehsana,2015,4,31.935666666666663,19.49,34.65,24.668666666666663
Mehsana,2015,5,35.001290322580644,5.85,33.181290322580644,27.353548387096776
Mehsana,2015,6,32.873,129.49,55.236666666666665,22.01633333333333
Mehsana,2015,7,30.217741935483872,292.79,69.39870967741936,15.583870967741934
Mehsana,2015,8,27.906451612903226,68.36999999999999,82.35129032258064,16.700000000000003
Mehsana,2015,9,28.961666666666662,73.8,66.535,20.11733333333333
Mehsana,2015,10,29.350645161290323,0.03,42.29258064516129,20.621290322580645
Mehsana,2015,11,26.102,0.0,31.031333333333336,16.281
Mehsana,2015,12,21.049354838709675,0.0,18.56483870967742,16.234193548387097
Mehsana,2016,1,21.098064516129032,0.0,27.23064516129032,16.429354838709678
Mehsana,2016,2,23.660344827586208,0.0,21.2051724137931,19.52068965517241
Mehsana,2016,3,28.884838709677418,0.91,24.220967741935485,23.266129032258064
Mehsana,2016,4,31.705,0.0,28.69333333333333,26.21333333333333
Mehsana,2016,5,35.46612903225807,0.95,34.98483870967742,26.87935483870968
Mehsana,2016,6,34.43033333333334,15.1,46.14333333333333,23.03166666666667
Mehsana,2016,7,30.271290322580644,172.01,69.01161290322581,15.563548387096777
Mehsana,2016,8,28.00548387096774,275.59,82.01387096774194,14.067741935483872
Mehsana,2016,9,27.90333333333333,43.73,74.51666666666667,19.884
Mehsana,2016,10,26.738709677419354,54.05,60.39032258064516,18.480967741935483
Mehsana,2016,11,23.34633333333333,0.0,36.057,17.825333333333333
Mehsana,2016,12,21.98774193548387,0.0,30.338064516129037,16.55838709677419
Mehsana,2017,1,20.31967741935484,0.24,30.892258064516128,16.02258064516129
Mehsana,2017,2,23.83714285714285,0.0,22.182142857142857,20.34892857142857
Mehsana,2017,3,27.851935483870967,0.14,21.40838709677419,24.12451612903226
Mehsana,2017,4,31.776666666666664,0.0,27.056,26.196
Mehsana,2017,5,35.40387096774194,3.01,31.697741935483872,26.740967741935485
Mehsana,2017,6,33.803333333333335,77.77,53.80166666666666,22.737666666666662
Mehsana,2017,7,28.26838709677419,602.83,81.13516129032259,12.582258064516129
Mehsana,2017,8,27.322903225806453,128.31,86.50419354838711,15.336129032258064
Mehsana,2017,9,27.23733333333333,57.81,81.24533333333333,18.552
Mehsana,2017,10,27.34870967741936,0.01,53.857419354838704,20.31
Mehsana,2017,11,23.32,0.0,38.787000000000006,16.287666666666667
Mehsana,2017,12,20.626774193548385,7.87,38.17354838709678,13.24709677419355
Mehsana,2018,1,21.16741935483871,0.0,24.198064516129037,16.991612903225807
Mehsana,2018,2,24.69142857142857,0.0,23.978571428571428,19.371785714285718
Mehsana,2018,3,28.63258064516129,0.0,21.31935483870968,23.566451612903226
Mehsana,2018,4,32.60766666666667,0.05,24.492666666666665,25.474666666666668
Mehsana,2018,5,35.30838709677419,0.04,31.34225806451613,26.58225806451613
Mehsana,2018,6,35.09533333333333,36.31999999999999,45.423,21.80033333333333
Mehsana,2018,7,30.113225806451613,175.91,70.16870967741936,13.375806451612902
Mehsana,2018,8,28.536774193548386,163.76000000000002,74.58129032258064,12.941612903225806
Mehsana,2018,9,27.888666666666666,52.74,67.33966666666667,17.88566666666667
Mehsana,2018,10,28.960967741935484,0.18,40.29161290322581,20.48161290322581
Mehsana,2018,11,25.48166666666667,0.0,27.197333333333333,16.953
Mehsana,2018,12,19.76451612903226,0.0,24.825806451612905,15.52
Mehsana,2019,1,19.02741935483871,0.41,23.241935483870968,16.885806451612904
Mehsana,2019,2,21.69071428571429,0.32,27.49571428571429,19.441785714285714
Mehsana,2019,3,26.675483870967746,0.0,24.10290322580645,23.18516129032258
Mehsana,2019,4,32.892,5.98,24.52233333333333,25.990333333333336
Mehsana,2019,5,33.902903225806455,2.28,35.343870967741935,27.16
Mehsana,2019,6,34.56333333333334,65.92,47.72466666666666,22.619333333333334
Mehsana,2019,7,31.802258064516128,131.63,62.98516129032258,16.74967741935484
Mehsana,2019,8,27.72258064516129,384.35,85.60645161290323,14.321935483870968
Mehsana,2019,9,27.511666666666667,254.57,88.666,14.452666666666666
Mehsana,2019,10,25.59774193548387,21.12,79.50322580645161,18.56032258064516
Mehsana,2019,11,23.42933333333333,10.38,77.131,14.507
Mehsana,2019,12,18.636129032258065,0.3399999999999999,61.56838709677419,13.960645161290325
Mehsana,2020,1,17.30516129032258,0.0,51.107741935483865,15.917741935483871
Mehsana,2020,2,21.958965517241374,0.0,31.071724137931035,19.62793103448276
Mehsana,2020,3,25.833225806451612,9.35,32.721612903225804,22.345483870967744
Mehsana,2020,4,33.05566666666667,0.8099999999999999,25.24,25.96333333333333
Mehsana,2020,5,35.432903225806456,4.27,32.44709677419355,27.29032258064516
Mehsana,2020,6,32.52633333333333,122.26,59.51133333333333,21.69033333333333
Mehsana,2020,7,30.30548387096774,182.52,73.71129032258065,18.84354838709677
Mehsana,2020,8,28.16064516129032,519.5600000000001,86.42193548387097,13.299032258064516
Mehsana,2020,9,27.668,130.87,85.40333333333334,18.512666666666668
Mehsana,2020,10,26.583548387096776,5.99,68.36806451612902,19.67096774193548
Mehsana,2020,11,21.517,0.16,57.13466666666667,16.470333333333333
Mehsana,2020,12,20.12967741935484,2.23,47.9058064516129,14.941612903225806
Mehsana,2021,1,19.291290322580643,0.0,38.87806451612904,15.371935483870969
Mehsana,2021,2,23.677142857142854,0.0,25.778214285714284,20.170714285714286
Mehsana,2021,3,29.101935483870967,0.42,22.836129032258064,23.796774193548387
Mehsana,2021,4,32.379666666666665,0.11,23.060333333333336,25.629
Mehsana,2021,5,33.78967741935484,55.970000000000006,40.63709677419355,24.02741935483871
Mehsana,2021,6,32.45933333333333,115.76,58.27433333333333,21.680666666666664
Mehsana,2021,7,30.788387096774198,141.56,67.20096774193549,16.356129032258064
Mehsana,2021,8,30.016774193548382,38.18,65.18645161290323,16.316774193548387
Mehsana,2021,9,28.261333333333333,236.05,82.96666666666667,14.592
Mehsana,2021,10,26.68290322580645,6.59,66.59483870967742,19.626129032258063
Mehsana,2021,11,23.44033333333333,23.24,53.190000000000005,15.134333333333332
Mehsana,2021,12,19.78,6.41,50.60290322580645,13.223225806451614
Mehsana,2022,1,18.29096774193548,2.43,46.25645161290323,16.103548387096772
Mehsana,2022,2,22.8075,0.0,29.99714285714285,20.63178571428572
Mehsana,2022,3,29.451612903225808,0.47,19.851935483870967,23.121935483870967
Mehsana,2022,4,33.44866666666667,0.01,23.599666666666668,26.154
Mehsana,2022,5,35.061290322580646,0.0,35.887741935483874,25.38032258064516
Mehsana,2022,6,34.105333333333334,18.3,47.62,23.241
Mehsana,2022,7,28.397096774193543,375.43,82.27903225806452,14.806774193548389
Mehsana,2022,8,27.378064516129037,318.04,86.32064516129033,14.473548387096775
Mehsana,2022,9,27.20433333333333,74.06,85.37266666666666,18.658666666666665
Mehsana,2022,10,25.636129032258065,20.25,65.63709677419355,19.846129032258062
Mehsana,2022,11,23.35333333333333,0.0,47.81066666666666,17.493
Mehsana,2022,12,21.104193548387094,1.68,41.54548387096774,15.458387096774192
Mehsana,2023,1,18.50354838709677,6.34,35.59483870967742,16.161612903225805
Mehsana,2023,2,23.965,0.0,24.630357142857143,21.445714285714285
Mehsana,2023,3,27.47322580645161,21.92,33.93161290322581,20.87709677419355
Mehsana,2023,4,30.867,11.56,29.74333333333333,24.069000000000003
Mehsana,2023,5,33.6541935483871,22.63,37.64451612903226,25.77741935483871
Mehsana,2023,6,31.308,202.47,62.009,20.401333333333334
Mehsana,2023,7,28.622903225806454,364.12,85.83258064516129,15.99
Mehsana,2023,8,27.100645161290323,73.64999999999999,84.21806451612902,13.186774193548388
Mehsana,2023,9,27.92233333333333,238.6,80.80333333333333,17.488
Mehsana,2023,10,26.484193548387097,0.25,63.58774193548387,20.384516129032257
Mehsana,2023,11,23.734666666666666,32.88,50.95066666666666,14.814666666666666
Mehsana,2023,12,20.42838709677419,3.73,52.83096774193548,14.045806451612904
Mehsana,2024,1,19.603870967741937,0.17,40.40709677419356,15.71516129032258
Mehsana,2024,2,23.185172413793104,0.01,29.727586206896557,18.95068965517241
Mehsana,2024,3,26.904516129032256,5.2,24.76774193548387,23.100967741935484
Mehsana,2024,4,32.14633333333333,0.05,26.098,23.845666666666663
Mehsana,2024,5,36.10806451612903,5.94,29.510967741935485,25.66354838709677
Mehsana,2024,6,34.87733333333333,76.32,47.51833333333333,22.467666666666663
Mehsana,2024,7,30.766129032258064,203.35,73.77870967741936,14.381935483870969
Mehsana,2024,8,28.225483870967743,415.39,83.62387096774194,13.161290322580646
Mehsana,2024,9,27.171333333333333,193.61,87.74133333333333,16.124333333333333
Mehsana,2024,10,26.64774193548387,19.02,78.38935483870968,18.016774193548382
Mehsana,2024,11,23.01533333333333,0.0,57.87433333333333,16.904666666666667
Mehsana,2024,12,18.235806451612905,0.72,50.14709677419355,14.456451612903225
Mehsana,2025,1,19.484516129032254,0.0,39.68741935483871,16.581935483870968
Mehsana,2025,2,23.93392857142857,0.0,26.416785714285712,19.78642857142857
Mehsana,2025,3,28.674516129032256,0.0,19.118709677419357,23.40741935483871
Mehsana,2025,4,33.167,0.36,22.692666666666664,25.853666666666665
Mehsana,2025,5,33.3983870967742,83.42,48.01225806451613,23.74129032258065
Mehsana,2025,6,31.423,188.28,64.39033333333333,18.186333333333334
Mehsana,2025,7,28.11709677419355,292.82,84.87935483870969,14.095806451612903
Mehsana,2025,8,27.80290322580645,229.01,84.6174193548387,14.843870967741934
Mehsana,2025,9,26.930333333333333,154.67,84.94133333333333,16.085
Mehsana,2025,10,25.21451612903226,95.58,73.94548387096773,16.43
Mehsana,2025,11,21.312,8.77,65.111,16.068333333333335
Mehsana,2025,12,20.03322580645161,0.0,52.54161290322581,16.01290322580645
Mehsana,2026,1,18.581935483870968,0.01,46.37,15.55
Mehsana,2026,2,24.16357142857143,0.0,35.583214285714284,17.984285714285715
Mehsana,2026,3,28.891290322580645,2.6500000000000004,29.27387096774193,22.64032258064516
Mehsana,2026,4,32.12433333333333,0.29,27.698,25.002666666666663
Mehsana,2026,5,35.62580645161291,3.56,33.35193548387097,26.575806451612905
Mehsana,2026,6,35.29766666666667,26.5,45.56066666666666,22.659666666666663
Mehsana,2026,7,30.747096774193547,357.95,69.83451612903225,14.547419354838713
Mehsana,2026,8,27.359666666666666,160.03,86.64733333333334,13.453214285714283
Morbi,2015,1,19.54387096774193,3.7,39.06322580645161,16.42838709677419
Morbi,2015,2,23.564285714285717,0.78,40.42428571428571,19.8825
Morbi,2015,3,26.864838709677414,11.21,38.53935483870968,21.86709677419355
Morbi,2015,4,31.636333333333333,2.04,45.22533333333333,24.758666666666667
Morbi,2015,5,33.28290322580645,3.99,51.45,27.15
Morbi,2015,6,31.859666666666666,199.11,64.71033333333334,21.509
Morbi,2015,7,29.638387096774192,307.25,74.24290322580646,15.75258064516129
Morbi,2015,8,28.41548387096774,6.33,79.1841935483871,17.079032258064515
Morbi,2015,9,29.13733333333333,73.34,68.86733333333333,20.052666666666667
Morbi,2015,10,29.568064516129034,0.0,48.67967741935484,19.32161290322581
Morbi,2015,11,25.83233333333333,0.0,34.207,16.146666666666665
Morbi,2015,12,20.43032258064516,0.0,24.64354838709677,16.168064516129032
Morbi,2016,1,20.970322580645163,0.0,36.9983870967742,16.649032258064516
Morbi,2016,2,23.07,0.0,29.094137931034485,19.511034482758618
Morbi,2016,3,28.51322580645161,1.22,37.03935483870968,23.03774193548387
Morbi,2016,4,30.664,0.0,48.05266666666667,25.62633333333333
Morbi,2016,5,33.45903225806452,1.65,52.41258064516129,26.41
Morbi,2016,6,32.867666666666665,28.16,57.76033333333333,22.491666666666667
Morbi,2016,7,30.429032258064517,84.19,69.29032258064517,14.83290322580645
Morbi,2016,8,29.06677419354839,143.24,75.37129032258065,14.146774193548389
Morbi,2016,9,29.018666666666665,23.32,68.45700000000001,19.634
Morbi,2016,10,27.89741935483871,42.46,62.00258064516129,18.13258064516129
Morbi,2016,11,24.76066666666667,0.0,36.025666666666666,17.37933333333333
Morbi,2016,12,22.90225806451613,0.0,34.58838709677419,16.345806451612905
Morbi,2017,1,20.051935483870967,0.31,33.87806451612904,16.478387096774192
Morbi,2017,2,23.61892857142857,0.0,28.760357142857146,20.10071428571429
Morbi,2017,3,27.328387096774197,0.0,35.41161290322581,23.676129032258064
Morbi,2017,4,30.746,0.0,44.36866666666666,26.467
Morbi,2017,5,33.40548387096774,3.37,50.237096774193546,26.516774193548382
Morbi,2017,6,32.33,104.5,63.61933333333333,20.299
Morbi,2017,7,28.661612903225805,476.99,80.13645161290323,12.753548387096776
Morbi,2017,8,27.981290322580644,150.25,82.62870967741935,16.205161290322582
Morbi,2017,9,27.718,34.25,78.76766666666666,18.48933333333333
Morbi,2017,10,28.29225806451613,0.24,59.622580645161285,19.626451612903224
Morbi,2017,11,23.694,0.0,41.291,16.470666666666666
Morbi,2017,12,20.799354838709675,2.62,39.17193548387097,13.573548387096771
Morbi,2018,1,21.021612903225805,0.0,32.910000000000004,16.36
Morbi,2018,2,24.350357142857145,0.0,34.82071428571429,18.600357142857145
Morbi,2018,3,28.156451612903226,0.0,39.057096774193546,23.50258064516129
Morbi,2018,4,31.677,0.67,45.007,25.66633333333333
Morbi,2018,5,33.696774193548386,0.0,50.11387096774193,26.217741935483872
Morbi,2018,6,33.260333333333335,21.48,56.666,21.471
Morbi,2018,7,30.28451612903226,123.17,70.49580645161289,13.779677419354838
Morbi,2018,8,28.55806451612903,130.97,74.89258064516129,13.666451612903224
Morbi,2018,9,28.290333333333333,14.82,68.28733333333334,19.237
Morbi,2018,10,29.948064516129037,0.13,41.32838709677419,19.498064516129038
Morbi,2018,11,26.405666666666665,0.0,30.927333333333333,16.789666666666665
Morbi,2018,12,19.976451612903222,0.0,26.84032258064516,15.223870967741936
Morbi,2019,1,19.252903225806453,4.32,32.05935483870968,16.79032258064516
Morbi,2019,2,21.491071428571427,0.21,37.02892857142857,19.454285714285717
Morbi,2019,3,26.57322580645161,0.0,36.66258064516129,23.22774193548387
Morbi,2019,4,31.821,0.8200000000000001,42.496,25.881
Morbi,2019,5,32.318064516129034,0.18,52.361935483870965,26.78935483870968
Morbi,2019,6,33.247,30.38,57.21066666666666,21.756
Morbi,2019,7,31.75354838709677,114.81,64.58548387096775,17.36193548387097
Morbi,2019,8,28.322903225806453,357.89000000000004,82.0125806451613,14.85741935483871
Morbi,2019,9,28.197,277.55,85.65433333333334,14.459
Morbi,2019,10,26.73354838709677,35.76,76.26225806451613,18.358709677419355
Morbi,2019,11,23.729333333333333,13.34,74.19866666666667,15.230666666666668
Morbi,2019,12,18.22322580645161,0.17,64.0816129032258,14.096451612903229
Morbi,2020,1,16.938064516129035,0.9,55.64903225806452,16.31258064516129
Morbi,2020,2,21.89413793103449,0.0,36.51206896551724,19.41103448275862
Morbi,2020,3,25.76870967741936,2.28,41.13225806451613,22.516129032258064
Morbi,2020,4,32.227666666666664,0.4,41.36866666666666,25.705666666666666
Morbi,2020,5,33.74548387096774,0.16,50.21,27.28516129032258
Morbi,2020,6,32.29966666666667,81.3,64.591,20.383666666666667
Morbi,2020,7,30.09064516129032,232.89,77.75806451612904,17.949354838709677
Morbi,2020,8,28.640967741935484,612.08,85.5716129032258,13.430645161290323
Morbi,2020,9,28.147666666666662,70.7,82.94866666666667,18.4
Morbi,2020,10,27.173870967741934,58.71,70.25,19.278387096774196
Morbi,2020,11,21.554,0.0,60.31166666666666,16.642666666666667
Morbi,2020,12,19.227096774193548,0.99,53.66548387096775,15.379032258064516
Morbi,2021,1,17.47225806451613,0.0,41.89483870967742,16.508064516129032
Morbi,2021,2,23.484642857142852,0.0,40.18678571428571,19.635
Morbi,2021,3,28.594193548387096,0.0,40.80645161290322,23.64935483870968
Morbi,2021,4,31.584666666666667,1.52,44.24933333333333,25.15033333333333
Morbi,2021,5,32.89935483870968,29.160000000000004,51.61838709677419,24.058709677419355
Morbi,2021,6,32.335,78.84,60.31466666666667,21.143666666666668
Morbi,2021,7,30.246451612903225,152.15,71.91612903225807,16.06
Morbi,2021,8,29.31967741935484,18.19,70.30354838709677,16.635483870967743
Morbi,2021,9,28.503,391.91,82.941,13.208666666666666
Morbi,2021,10,26.555806451612906,2.37,70.28225806451613,19.3341935483871
Morbi,2021,11,23.456,11.17,58.15233333333333,15.439
Morbi,2021,12,19.294838709677418,2.24,57.68838709677419,13.648709677419356
Morbi,2022,1,18.49483870967742,2.01,50.51064516129032,16.183870967741935
Morbi,2022,2,22.65964285714286,0.0,44.51535714285715,20.2375
Morbi,2022,3,28.89967741935484,0.0,34.733870967741936,22.77290322580645
Morbi,2022,4,32.486000000000004,0.02,43.869,25.395666666666667
Morbi,2022,5,33.20935483870968,0.0,52.45645161290323,25.37483870967742
Morbi,2022,6,32.68333333333333,48.24,59.07333333333334,22.00133333333333
Morbi,2022,7,28.477096774193548,374.16,83.41516129032257,14.75741935483871
Morbi,2022,8,27.822903225806453,174.7,83.97354838709677,15.275483870967742
Morbi,2022,9,27.62933333333333,128.28,81.85833333333333,18.530666666666665
Morbi,2022,10,27.220645161290324,1.92,63.05483870967742,19.58516129032258
Morbi,2022,11,24.241,1.13,48.73366666666666,17.145666666666667
Morbi,2022,12,21.477096774193548,0.0,38.96741935483871,15.45451612903226
Morbi,2023,1,18.478064516129034,0.6000000000000001,33.82645161290322,16.21
Morbi,2023,2,24.046071428571427,0.0,36.12357142857143,20.9925
Morbi,2023,3,27.60032258064516,28.21,42.13354838709678,20.33935483870968
Morbi,2023,4,30.17733333333333,13.02,46.84933333333333,23.825
Morbi,2023,5,32.35903225806452,25.06,53.10290322580645,26.044516129032257
Morbi,2023,6,30.914,351.94,69.62033333333333,19.948666666666668
Morbi,2023,7,28.86096774193549,218.19,84.73096774193547,15.214193548387096
Morbi,2023,8,27.897096774193543,8.43,80.1441935483871,14.61225806451613
Morbi,2023,9,29.14966666666667,86.88,74.154,18.11
Morbi,2023,10,28.384193548387096,1.0299999999999998,60.263225806451615,19.541935483870965
Morbi,2023,11,25.207666666666668,18.82,44.745666666666665,15.065
Morbi,2023,12,21.270967741935483,0.0,44.68677419354839,13.821612903225809
Morbi,2024,1,20.067419354838712,0.0,36.670967741935485,15.993548387096777
Morbi,2024,2,23.408620689655173,0.0,34.15689655172414,19.09
Morbi,2024,3,26.61258064516129,5.279999999999999,36.461290322580645,23.09
Morbi,2024,4,31.104,12.79,43.17133333333334,24.186666666666667
Morbi,2024,5,34.3825806451613,4.61,45.33419354838709,25.366129032258065
Morbi,2024,6,33.683,64.97,56.536,21.39933333333333
Morbi,2024,7,30.69516129032258,211.4,76.75225806451614,13.956451612903225
Morbi,2024,8,28.673870967741934,440.39,81.79870967741935,12.959032258064516
Morbi,2024,9,27.810666666666663,75.25,83.59933333333333,17.298000000000002
Morbi,2024,10,28.04032258064516,33.76,74.3741935483871,17.390645161290323
Morbi,2024,11,24.41633333333333,0.0,54.98733333333333,16.473666666666666
Morbi,2024,12,17.56483870967742,0.0,49.00838709677419,14.668064516129032
Morbi,2025,1,19.41516129032258,0.0,39.33741935483871,16.42838709677419
Morbi,2025,2,24.130714285714284,0.0,35.78642857142857,19.52285714285714
Morbi,2025,3,28.324516129032254,0.1699999999999999,30.864838709677414,23.86935483870968
Morbi,2025,4,32.419666666666664,0.01,40.972,26.302666666666667
Morbi,2025,5,33.527419354838706,31.79,53.76967741935484,23.100967741935484
Morbi,2025,6,31.14633333333333,262.72,69.88799999999999,17.10033333333333
Morbi,2025,7,28.643870967741936,198.58,83.44548387096773,13.925806451612903
Morbi,2025,8,28.432580645161288,111.79,81.2267741935484,14.590645161290322
Morbi,2025,9,27.73433333333333,217.7,81.08433333333333,16.233999999999998
Morbi,2025,10,26.44225806451613,52.79,69.30225806451612,16.295483870967743
Morbi,2025,11,22.604,11.41,60.87833333333333,16.13
Morbi,2025,12,20.80516129032258,1.36,53.82967741935484,15.605806451612905
Morbi,2026,1,17.88935483870968,0.23,43.18193548387097,16.01
Morbi,2026,2,24.270000000000003,0.0,38.15571428571428,18.151785714285715
Morbi,2026,3,28.28161290322581,9.48,47.58322580645161,22.80935483870968
Morbi,2026,4,31.033,2.45,45.57566666666666,25.19333333333333
Morbi,2026,5,33.715806451612906,0.03,51.70935483870968,26.743548387096773
Morbi,2026,6,33.70733333333333,9.07,55.00633333333334,22.285
Morbi,2026,7,30.81709677419355,159.27,69.70064516129031,13.098064516129034
Morbi,2026,8,28.823,60.78,75.319,12.223571428571429
Narmada,2015,1,20.31290322580645,10.83,44.21741935483871,16.54612903225806
Narmada,2015,2,24.54321428571429,0.3899999999999999,33.323214285714286,20.03642857142857
Narmada,2015,3,27.45903225806452,22.07,36.80225806451613,22.430967741935483
Narmada,2015,4,30.85233333333333,14.39,45.47766666666666,24.66633333333333
Narmada,2015,5,34.12419354838709,2.5,42.12870967741936,26.63096774193548
Narmada,2015,6,29.799,331.64,71.43633333333334,18.827
Narmada,2015,7,27.390967741935484,271.88,82.50774193548386,14.428387096774191
Narmada,2015,8,26.70193548387097,80.09,84.83967741935484,14.909032258064515
Narmada,2015,9,26.77466666666667,278.05,79.99933333333334,17.562666666666665
Narmada,2015,10,27.221290322580646,6.15,61.95741935483871,19.116774193548387
Narmada,2015,11,26.26,0.84,43.254333333333335,16.050333333333334
Narmada,2015,12,22.509032258064515,0.0,21.193870967741937,16.595806451612905
Narmada,2016,1,22.49967741935484,0.0,26.13096774193548,16.997096774193547
Narmada,2016,2,24.94551724137931,0.0,28.02068965517241,19.94448275862069
Narmada,2016,3,29.40322580645161,0.7100000000000001,27.786451612903225,23.13
Narmada,2016,4,31.698,0.02,34.260666666666665,25.979333333333333
Narmada,2016,5,33.84548387096774,1.87,46.05935483870967,25.76
Narmada,2016,6,31.799333333333333,72.24,59.78333333333333,20.69533333333333
Narmada,2016,7,27.386451612903222,288.49,82.95129032258063,12.434516129032255
Narmada,2016,8,26.122258064516128,250.81,88.42354838709677,12.871612903225806
Narmada,2016,9,25.93433333333333,143.04,85.75633333333333,15.578
Narmada,2016,10,24.96548387096774,55.57,70.43161290322581,17.59225806451613
Narmada,2016,11,22.648333333333333,0.0,45.622,18.063666666666663
Narmada,2016,12,22.41967741935484,0.0,28.15096774193548,17.106129032258064
Narmada,2017,1,21.799032258064518,0.0,31.39967741935484,16.682580645161288
Narmada,2017,2,25.161785714285717,0.0,23.995,20.608571428571427
Narmada,2017,3,28.22290322580645,0.0,24.355483870967745,24.28903225806452
Narmada,2017,4,31.216666666666665,0.01,33.623000000000005,26.952333333333332
Narmada,2017,5,34.07838709677419,2.7,41.255806451612905,26.552258064516128
Narmada,2017,6,30.372333333333334,171.99,70.67266666666666,19.03533333333333
Narmada,2017,7,26.73322580645161,455.79,86.37032258064517,13.182903225806452
Narmada,2017,8,26.300645161290323,227.43,87.99677419354839,13.62548387096774
Narmada,2017,9,26.522666666666662,57.68,85.36966666666667,17.027333333333335
Narmada,2017,10,26.9158064516129,13.37,61.20451612903226,19.291290322580643
Narmada,2017,11,24.159333333333333,0.0,40.505,16.705333333333336
Narmada,2017,12,21.8,13.3,39.66645161290323,13.32967741935484
Narmada,2018,1,22.495806451612903,0.0,26.875806451612902,16.95258064516129
Narmada,2018,2,25.71642857142857,0.0,26.24607142857143,18.908214285714283
Narmada,2018,3,29.20741935483871,0.08,24.63774193548387,22.98354838709677
Narmada,2018,4,32.154333333333334,0.01,33.2,25.768
Narmada,2018,5,33.92645161290323,0.0,42.1283870967742,26.39258064516129
Narmada,2018,6,31.626,79.59,62.214000000000006,19.501
Narmada,2018,7,26.85,436.7,86.50419354838711,11.066774193548389
Narmada,2018,8,25.798709677419357,182.97,87.99290322580646,12.845806451612903
Narmada,2018,9,25.677333333333333,51.42,81.09200000000001,18.189666666666668
Narmada,2018,10,27.97806451612903,0.4599999999999999,47.78193548387097,20.00225806451613
Narmada,2018,11,26.313333333333333,0.1,29.27133333333333,17.02466666666667
Narmada,2018,12,20.817419354838712,0.0,26.40419354838709,15.798387096774194
Narmada,2019,1,19.937096774193545,0.0,23.72741935483871,17.42290322580645
Narmada,2019,2,22.842142857142857,0.07,29.092142857142857,19.533214285714283
Narmada,2019,3,27.34290322580645,0.0,26.1883870967742,24.20258064516129
Narmada,2019,4,32.60633333333333,3.27,30.08533333333333,26.101333333333333
Narmada,2019,5,33.16225806451613,0.0,41.62548387096775,27.41290322580645
Narmada,2019,6,31.575666666666667,175.55,62.392,20.51333333333333
Narmada,2019,7,27.7041935483871,409.22,85.45129032258063,14.29967741935484
Narmada,2019,8,26.05935483870968,606.41,90.7832258064516,12.100645161290323
Narmada,2019,9,26.235,331.13,91.94266666666668,12.954666666666666
Narmada,2019,10,25.015483870967746,57.3,83.8674193548387,16.904838709677417
Narmada,2019,11,23.158,15.04,79.333,14.996666666666666
Narmada,2019,12,20.20870967741936,0.12,69.68806451612903,13.931290322580644
Narmada,2020,1,19.2083870967742,0.0,53.31193548387097,16.04516129032258
Narmada,2020,2,23.67379310344828,0.0,31.36551724137931,19.776206896551724
Narmada,2020,3,26.49290322580645,4.66,37.46451612903226,22.90935483870968
Narmada,2020,4,32.71566666666667,0.0,28.91633333333333,26.03533333333333
Narmada,2020,5,34.50677419354839,0.36,39.54612903225807,27.32
Narmada,2020,6,29.322,170.7,74.08666666666666,18.767666666666667
Narmada,2020,7,27.84258064516129,238.7,84.77225806451614,17.11806451612903
Narmada,2020,8,26.662580645161288,645.16,90.50225806451614,11.325806451612904
Narmada,2020,9,26.784,155.5,87.81866666666666,15.637
Narmada,2020,10,25.93290322580645,12.1,74.5125806451613,18.49870967741936
Narmada,2020,11,22.755333333333333,0.03,61.45366666666666,16.330666666666666
Narmada,2020,12,21.87967741935484,17.7,52.649677419354845,14.583870967741936
Narmada,2021,1,22.831612903225807,0.7899999999999999,36.87064516129032,15.588387096774191
Narmada,2021,2,24.774285714285718,0.07,26.38142857142857,19.880714285714284
Narmada,2021,3,29.299354838709675,0.04,23.996451612903225,23.833870967741937
Narmada,2021,4,31.762666666666668,1.23,36.27766666666666,24.88433333333333
Narmada,2021,5,32.104193548387094,80.1,51.55032258064516,22.85451612903226
Narmada,2021,6,29.104333333333333,239.98,75.271,18.85533333333333
Narmada,2021,7,27.70483870967742,167.25,82.86870967741935,14.803870967741936
Narmada,2021,8,26.70225806451613,131.89,83.45193548387097,12.968709677419351
Narmada,2021,9,26.392333333333333,465.73,90.20866666666667,12.351333333333336
Narmada,2021,10,24.950322580645164,59.6,79.37258064516129,18.17225806451613
Narmada,2021,11,22.363,7.32,72.67233333333334,15.65
Narmada,2021,12,20.190967741935484,26.77,66.41,12.946774193548388
Narmada,2022,1,19.294193548387096,0.63,51.59774193548387,16.14516129032258
Narmada,2022,2,23.222857142857144,0.0,34.2375,20.584642857142857
Narmada,2022,3,29.815806451612904,0.26,22.32741935483871,22.15387096774193
Narmada,2022,4,32.876333333333335,0.0,29.073,25.552666666666667
Narmada,2022,5,33.402580645161294,0.16,46.480322580645165,25.491935483870968
Narmada,2022,6,30.781333333333336,120.52,63.95366666666667,20.556
Narmada,2022,7,26.47290322580645,578.96,89.96290322580644,12.11516129032258
Narmada,2022,8,26.140645161290323,257.04,89.11774193548388,14.068709677419356
Narmada,2022,9,26.49566666666667,144.59,88.06066666666668,15.185
Narmada,2022,10,24.427419354838708,93.12,76.29677419354839,18.391290322580645
Narmada,2022,11,22.320666666666668,0.0,61.58766666666667,17.516666666666666
Narmada,2022,12,22.13193548387097,20.36,57.1683870967742,15.11483870967742
Narmada,2023,1,20.406129032258065,0.51,39.06258064516129,16.043870967741935
Narmada,2023,2,24.92392857142857,0.0,19.72214285714286,21.65
Narmada,2023,3,27.54,10.23,35.82096774193548,20.482903225806453
Narmada,2023,4,30.705666666666666,8.79,35.02,24.221
Narmada,2023,5,32.7316129032258,6.61,43.6683870967742,26.46903225806452
Narmada,2023,6,30.725666666666665,174.18,63.94233333333333,19.162666666666667
Narmada,2023,7,27.271612903225805,472.25,88.80806451612904,12.34
Narmada,2023,8,26.243548387096773,35.1,86.4132258064516,13.383548387096774
Narmada,2023,9,26.71466666666667,261.75,85.73700000000001,14.063666666666668
Narmada,2023,10,25.72967741935484,0.06,70.30064516129033,19.850967741935484
Narmada,2023,11,23.96033333333333,39.29,56.51766666666666,15.185666666666666
Narmada,2023,12,21.98516129032258,2.48,58.28354838709677,13.967419354838707
Narmada,2024,1,21.967741935483872,0.42,37.62,15.737741935483871
Narmada,2024,2,24.88068965517241,0.0,30.569655172413796,19.38172413793104
Narmada,2024,3,27.746774193548383,0.44,26.13096774193548,23.60322580645161
Narmada,2024,4,32.473333333333336,0.85,28.985,24.330666666666666
Narmada,2024,5,35.07225806451613,5.909999999999999,35.987096774193546,25.61741935483871
Narmada,2024,6,32.31966666666667,138.36,60.22433333333333,19.366333333333333
Narmada,2024,7,27.60516129032258,523.46,87.66032258064516,11.033870967741937
Narmada,2024,8,26.53032258064516,501.81,90.37225806451612,12.07
Narmada,2024,9,26.134666666666664,452.39,90.807,12.899333333333336
Narmada,2024,10,26.11741935483871,56.1,83.23483870967742,17.16516129032258
Narmada,2024,11,21.66166666666667,0.0,69.85866666666668,16.527666666666665
Narmada,2024,12,19.943870967741937,1.06,60.29,14.46032258064516
Narmada,2025,1,21.74419354838709,0.0,41.642258064516135,16.460645161290323
Narmada,2025,2,25.511785714285715,0.0,26.577142857142857,20.086071428571422
Narmada,2025,3,29.187419354838703,0.0,21.35903225806452,23.83709677419355
Narmada,2025,4,32.72966666666667,0.15,30.273666666666667,25.63433333333333
Narmada,2025,5,30.68290322580645,112.7,63.214838709677416,20.817741935483877
Narmada,2025,6,29.57766666666667,250.68,73.95766666666667,16.275
Narmada,2025,7,26.73516129032258,288.2,88.23,11.760967741935485
Narmada,2025,8,26.48741935483871,189.97,87.54129032258065,12.165806451612903
Narmada,2025,9,25.82333333333333,240.86,88.73,12.731666666666666
Narmada,2025,10,24.86741935483871,135.46,81.41774193548386,16.12516129032258
Narmada,2025,11,20.753,11.11,71.975,16.458333333333332
Narmada,2025,12,19.88193548387097,0.0,55.52193548387097,16.432258064516127
Narmada,2026,1,21.554193548387094,0.03,43.85612903225806,14.847096774193547
Narmada,2026,2,25.98107142857143,0.86,35.365,17.386785714285715
Narmada,2026,3,29.24129032258065,2.12,29.47322580645161,24.04967741935484
Narmada,2026,4,31.869333333333334,4.16,34.44266666666667,25.09
Narmada,2026,5,34.619354838709675,0.73,41.46387096774194,26.263548387096773
Narmada,2026,6,32.525333333333336,43.94,58.197,21.01966666666667
Narmada,2026,7,27.93870967741936,482.33,83.72516129032257,10.966451612903224
Narmada,2026,8,26.00633333333333,349.89,91.82566666666666,12.927857142857144
Navsari,2015,1,22.72483870967742,1.97,41.01,16.630967741935486
Navsari,2015,2,25.625714285714285,0.13,40.79678571428571,20.2925
Navsari,2015,3,28.50064516129032,15.05,40.75903225806452,22.92419354838709
Navsari,2015,4,30.39033333333333,8.959999999999999,56.809333333333335,24.683
Navsari,2015,5,32.85322580645161,1.87,55.538387096774194,25.53548387096774
Navsari,2015,6,29.30033333333333,513.63,77.815,17.674
Navsari,2015,7,27.59258064516129,236.76,84.51032258064517,16.226129032258065
Navsari,2015,8,27.155806451612904,83.72999999999999,84.79354838709678,17.129677419354838
Navsari,2015,9,27.03933333333333,434.56,82.376,18.016
Navsari,2015,10,27.90419354838709,17.400000000000002,67.47032258064516,17.833225806451615
Navsari,2015,11,26.866666666666667,2.1100000000000003,52.14866666666667,15.729666666666668
Navsari,2015,12,24.44709677419355,0.0,26.093870967741932,16.33290322580645
Navsari,2016,1,23.73741935483871,0.0,30.531935483870967,17.068064516129034
Navsari,2016,2,25.69,0.04,39.00793103448276,19.856551724137933
Navsari,2016,3,29.67806451612903,1.45,39.57774193548387,22.90129032258065
Navsari,2016,4,31.329,0.05,49.35966666666666,25.337333333333333
Navsari,2016,5,32.61129032258064,6.46,57.82806451612903,25.01870967741936
Navsari,2016,6,30.965333333333334,133.14,68.00166666666667,19.532666666666668
Navsari,2016,7,27.188064516129035,544.6800000000001,87.69677419354838,12.321290322580644
Navsari,2016,8,26.484516129032254,340.62,89.05193548387098,14.612903225806452
Navsari,2016,9,26.365333333333336,271.21,86.79033333333334,16.352
Navsari,2016,10,25.575483870967744,91.31,73.29290322580646,17.698387096774194
Navsari,2016,11,23.28,0.0,52.23566666666667,17.794666666666668
Navsari,2016,12,23.84451612903226,0.0,33.063870967741934,16.98483870967742
Navsari,2017,1,23.321290322580648,0.0,34.842580645161284,16.988709677419354
Navsari,2017,2,26.43392857142857,0.0,28.826785714285712,20.318214285714284
Navsari,2017,3,28.633548387096774,0.02,38.74548387096774,23.608387096774194
Navsari,2017,4,30.869000000000003,0.0,46.022333333333336,25.92233333333333
Navsari,2017,5,32.80258064516129,2.15,55.04612903225807,25.128387096774198
Navsari,2017,6,29.837333333333333,269.26,77.07933333333334,19.293333333333333
Navsari,2017,7,27.13935483870968,580.14,88.00806451612904,14.243225806451614
Navsari,2017,8,26.787096774193547,357.39,88.16709677419354,16.072903225806453
Navsari,2017,9,27.25633333333333,119.98,85.176,18.83333333333333
Navsari,2017,10,27.306451612903224,49.17,69.32806451612903,18.485806451612905
Navsari,2017,11,24.45533333333333,0.0,51.65766666666666,16.834666666666667
Navsari,2017,12,22.651935483870968,28.39,48.28935483870968,13.193870967741937
Navsari,2018,1,24.091290322580647,0.0,34.10387096774193,16.361612903225804
Navsari,2018,2,26.982142857142858,0.0,32.20928571428571,18.95142857142857
Navsari,2018,3,29.54806451612903,0.03,37.73870967741936,22.25032258064516
Navsari,2018,4,31.56033333333333,0.07,50.66733333333333,25.146
Navsari,2018,5,32.57806451612903,0.02,55.76290322580645,24.6858064516129
Navsari,2018,6,30.446666666666665,206.38,71.93366666666667,18.93433333333333
Navsari,2018,7,26.92129032258064,830.6,89.55193548387098,10.248709677419354
Navsari,2018,8,26.333225806451612,187.73,87.82225806451613,14.82967741935484
Navsari,2018,9,26.37133333333333,57.66,81.61366666666666,19.782
Navsari,2018,10,28.84064516129032,4.84,51.72677419354839,19.12967741935484
Navsari,2018,11,27.881,0.69,32.28433333333333,16.903
Navsari,2018,12,22.96225806451613,0.0,27.80935483870968,15.61774193548387
Navsari,2019,1,21.791612903225804,0.01,26.572903225806453,17.04258064516129
Navsari,2019,2,24.170357142857146,0.01,37.52464285714286,19.773571428571422
Navsari,2019,3,27.85258064516129,0.0,38.44967741935484,23.794193548387096
Navsari,2019,4,31.965666666666667,1.86,46.14966666666667,25.30933333333333
Navsari,2019,5,32.0041935483871,0.05,54.52516129032258,26.48064516129032
Navsari,2019,6,30.55333333333333,281.87,70.93066666666667,19.060666666666663
Navsari,2019,7,27.87548387096774,604.9,87.51870967741935,14.59
Navsari,2019,8,26.7241935483871,498.96,89.50064516129032,14.553548387096772
Navsari,2019,9,26.80633333333333,506.73,91.097,13.456666666666669
Navsari,2019,10,26.127741935483872,71.63,83.52354838709678,16.692258064516132
Navsari,2019,11,24.639666666666663,32.44,77.012,15.366
Navsari,2019,12,22.741612903225807,0.1699999999999999,67.73258064516129,13.295806451612904
Navsari,2020,1,21.215806451612902,0.0,53.42741935483871,16.206129032258065
Navsari,2020,2,25.34344827586207,0.0,34.39586206896552,19.18586206896552
Navsari,2020,3,27.16967741935484,2.83,45.65225806451613,23.050645161290323
Navsari,2020,4,32.46,0.41,44.24766666666667,25.308
Navsari,2020,5,33.47516129032258,2.5,52.59838709677419,26.19451612903226
Navsari,2020,6,29.075,313.78,79.55133333333333,19.59633333333333
Navsari,2020,7,27.88387096774193,446.47,87.89612903225807,17.40516129032258
Navsari,2020,8,27.031290322580645,889.97,91.52741935483871,11.504516129032258
Navsari,2020,9,27.392,203.32,87.55966666666667,17.02466666666667
Navsari,2020,10,26.97,30.88,76.98838709677419,18.34193548387097
Navsari,2020,11,24.172666666666665,0.39,63.796,16.322
Navsari,2020,12,23.03548387096774,31.05,58.26677419354839,14.33258064516129
Navsari,2021,1,23.700645161290325,2.18,41.83096774193548,15.94064516129032
Navsari,2021,2,25.851785714285715,0.8800000000000001,34.40642857142857,19.267142857142854
Navsari,2021,3,29.60967741935484,0.14,36.44935483870968,23.18
Navsari,2021,4,31.432333333333336,4.37,50.051,23.903666666666663
Navsari,2021,5,31.781290322580645,127.2,59.59354838709677,21.80838709677419
Navsari,2021,6,29.235666666666667,283.31,78.325,19.064
Navsari,2021,7,28.01290322580645,254.53,84.37258064516129,16.01451612903226
Navsari,2021,8,26.69225806451613,287.09,86.80548387096773,15.131290322580645
Navsari,2021,9,26.73733333333333,657.4,90.715,14.013666666666667
Navsari,2021,10,26.101290322580645,44.34,78.9541935483871,18.52967741935484
Navsari,2021,11,24.35033333333333,18.14,73.60866666666668,15.221
Navsari,2021,12,21.57451612903226,52.29,69.2825806451613,13.478064516129033
Navsari,2022,1,20.776129032258066,0.45,55.09129032258064,16.329354838709676
Navsari,2022,2,24.00107142857143,0.0,48.75714285714286,20.654642857142857
Navsari,2022,3,30.15064516129032,0.68,31.355806451612903,21.61387096774193
Navsari,2022,4,32.477000000000004,0.0,45.83133333333333,24.057666666666663
Navsari,2022,5,32.15838709677419,3.19,58.52548387096774,23.950322580645164
Navsari,2022,6,30.031,198.48,72.21833333333333,19.838
Navsari,2022,7,26.856129032258064,829.66,90.27806451612904,12.369354838709675
Navsari,2022,8,26.621935483870967,407.07,88.79903225806451,16.627741935483872
Navsari,2022,9,26.904,330.12,88.265,15.490666666666666
Navsari,2022,10,25.38096774193549,94.1,78.15645161290323,17.960645161290323
Navsari,2022,11,23.314666666666668,0.0,63.073,16.972666666666665
Navsari,2022,12,24.0841935483871,4.24,53.82064516129032,14.718709677419351
Navsari,2023,1,22.23032258064516,0.07,41.07064516129032,16.25483870967742
Navsari,2023,2,26.342857142857145,0.0,23.795357142857146,20.798214285714288
Navsari,2023,3,28.40032258064516,13.92,40.82645161290322,20.368387096774192
Navsari,2023,4,30.744000000000003,11.08,45.881,23.737666666666662
Navsari,2023,5,32.07290322580645,11.97,55.31516129032258,25.618387096774192
Navsari,2023,6,30.43433333333333,291.71,69.73166666666665,19.00633333333333
Navsari,2023,7,27.46903225806452,737.22,89.65,12.64774193548387
Navsari,2023,8,26.75741935483871,44.72,86.40483870967742,16.201290322580647
Navsari,2023,9,27.401666666666664,214.9,85.88266666666667,15.563
Navsari,2023,10,27.2758064516129,0.66,67.98,18.424838709677417
Navsari,2023,11,26.081666666666667,36.82,53.21033333333333,15.096333333333332
Navsari,2023,12,24.28258064516129,0.79,53.33677419354839,13.952258064516128
Navsari,2024,1,23.63225806451613,0.16,37.08903225806451,16.0
Navsari,2024,2,26.04862068965517,0.02,36.52965517241379,19.52586206896552
Navsari,2024,3,28.15,0.8400000000000001,39.56225806451613,23.047096774193548
Navsari,2024,4,32.49933333333333,0.5800000000000001,42.842,23.77233333333333
Navsari,2024,5,34.02451612903226,3.04,50.32677419354839,24.30516129032258
Navsari,2024,6,31.34333333333333,168.51,68.99499999999999,19.004666666666665
Navsari,2024,7,27.767419354838708,684.6899999999999,89.39322580645161,10.368709677419355
Navsari,2024,8,27.16354838709677,436.84,89.44935483870967,13.751935483870968
Navsari,2024,9,26.73433333333333,414.88,89.56333333333333,15.765666666666668
Navsari,2024,10,27.11193548387097,112.72,83.27774193548387,17.36193548387097
Navsari,2024,11,22.91133333333333,0.0,71.42733333333334,15.577333333333334
Navsari,2024,12,21.61870967741936,3.0900000000000003,62.87096774193548,14.363870967741937
Navsari,2025,1,23.39483870967742,0.0,42.57,15.808709677419357
Navsari,2025,2,26.749642857142856,0.0,31.476785714285715,19.687142857142856
Navsari,2025,3,29.804516129032255,0.0,32.52612903225807,22.627741935483872
Navsari,2025,4,32.30266666666667,1.39,44.736,24.480666666666664
Navsari,2025,5,30.554193548387094,112.66,68.91387096774193,19.521612903225805
Navsari,2025,6,29.285666666666668,443.17,79.514,15.63
Navsari,2025,7,27.156129032258065,390.07,89.02903225806452,13.158064516129032
Navsari,2025,8,26.796774193548387,313.47,88.59193548387097,14.366774193548387
Navsari,2025,9,26.434666666666665,323.56,88.73266666666667,13.735333333333331
Navsari,2025,10,25.94451612903226,133.52,81.95774193548387,16.471612903225807
Navsari,2025,11,22.422666666666665,8.11,70.18633333333334,16.877333333333333
Navsari,2025,12,22.105483870967745,0.01,51.16774193548388,15.481612903225807
Navsari,2026,1,22.99870967741936,0.03,47.552903225806446,14.560645161290322
Navsari,2026,2,26.982857142857146,0.98,40.84428571428572,17.548928571428572
Navsari,2026,3,29.787419354838708,4.359999999999999,39.39322580645162,23.308387096774197
Navsari,2026,4,31.635666666666665,7.52,47.978,24.412333333333333
Navsari,2026,5,33.47548387096774,0.44,53.67580645161291,24.60903225806452
Navsari,2026,6,31.838,100.85,65.742,20.557
Navsari,2026,7,27.86290322580645,1164.3,88.45032258064516,10.84258064516129
Navsari,2026,8,26.54433333333333,215.06,90.79433333333331,13.580714285714285
Panchmahal,2015,1,19.096129032258062,14.0,44.66967741935484,16.198387096774194
Panchmahal,2015,2,23.885357142857146,0.26,29.89071428571429,19.979285714285712
Panchmahal,2015,3,26.88741935483871,23.29,35.660645161290326,22.43548387096774
Panchmahal,2015,4,31.271,18.72,37.102,25.018
Panchmahal,2015,5,35.21322580645161,4.34,30.205161290322582,27.351612903225806
Panchmahal,2015,6,31.400666666666663,176.54,62.776,20.64333333333333
Panchmahal,2015,7,28.78903225806452,324.94,75.67451612903226,14.688709677419356
Panchmahal,2015,8,27.21322580645161,92.68,84.06290322580645,15.577419354838709
Panchmahal,2015,9,27.600666666666665,107.34,74.68599999999999,18.73933333333333
Panchmahal,2015,10,28.19161290322581,0.99,50.86709677419355,19.32
Panchmahal,2015,11,26.363,0.05,33.901,16.131666666666668
Panchmahal,2015,12,21.325806451612905,0.01,20.03967741935484,16.506774193548388
Panchmahal,2016,1,21.63290322580645,0.05,27.44322580645161,16.807741935483868
Panchmahal,2016,2,24.072068965517243,0.0,23.070344827586204,19.82793103448276
Panchmahal,2016,3,29.20967741935484,0.67,23.320322580645165,23.234193548387097
Panchmahal,2016,4,32.078,0.0,25.864666666666665,25.70833333333333
Panchmahal,2016,5,35.37451612903225,1.25,34.91225806451613,26.436451612903223
Panchmahal,2016,6,33.684999999999995,44.59,48.97466666666666,21.808333333333334
Panchmahal,2016,7,28.74258064516129,204.56,76.46709677419355,13.701290322580643
Panchmahal,2016,8,26.856129032258064,304.11,86.20290322580645,12.617096774193548
Panchmahal,2016,9,26.622,83.08,82.278,18.263
Panchmahal,2016,10,25.443870967741937,44.26,67.82387096774194,17.90290322580645
Panchmahal,2016,11,22.543,0.0,43.48433333333333,17.897666666666666
Panchmahal,2016,12,21.648064516129036,0.0,31.45225806451613,16.84741935483871
Panchmahal,2017,1,20.807096774193543,0.09,32.104838709677416,16.444193548387098
Panchmahal,2017,2,24.267142857142854,0.0,23.22642857142857,20.318214285714284
Panchmahal,2017,3,27.95225806451613,0.04,19.754516129032258,24.345483870967744
Panchmahal,2017,4,31.72833333333333,0.07,26.711666666666662,27.101333333333333
Panchmahal,2017,5,35.21483870967742,4.38,31.76774193548387,26.76290322580645
Panchmahal,2017,6,32.333333333333336,112.11,60.589000000000006,21.251
Panchmahal,2017,7,27.42032258064516,495.8,83.63000000000001,12.97
Panchmahal,2017,8,26.807096774193543,159.87,86.70516129032258,14.371612903225806
Panchmahal,2017,9,26.78666666666667,63.91,83.63833333333334,17.096333333333334
Panchmahal,2017,10,26.49903225806452,1.41,58.65032258064516,19.11903225806452
Panchmahal,2017,11,23.216666666666665,0.0,41.595666666666666,16.518
Panchmahal,2017,12,20.883225806451613,8.969999999999999,38.053225806451614,12.98258064516129
Panchmahal,2018,1,21.64322580645161,0.0,25.231935483870966,16.614838709677418
Panchmahal,2018,2,24.85892857142857,0.0,23.94,18.74392857142857
Panchmahal,2018,3,28.856129032258064,0.05,20.14741935483871,23.13225806451613
Panchmahal,2018,4,32.717,0.04,22.984666666666666,26.046666666666667
Panchmahal,2018,5,35.052580645161285,0.01,31.600967741935484,26.81225806451613
Panchmahal,2018,6,33.79333333333333,61.51,51.55533333333334,21.11133333333333
Panchmahal,2018,7,28.044516129032257,290.0,81.09,12.481612903225807
Panchmahal,2018,8,26.59032258064516,196.34,85.05225806451612,13.001290322580646
Panchmahal,2018,9,26.052333333333333,55.02,78.78866666666666,17.954333333333334
Panchmahal,2018,10,27.671612903225807,0.43,48.832580645161286,20.06032258064516
Panchmahal,2018,11,25.26066666666667,0.0,31.218,16.829666666666665
Panchmahal,2018,12,19.86774193548387,0.0,26.730967741935483,15.483870967741936
Panchmahal,2019,1,19.093870967741932,0.16,23.981612903225805,17.031290322580645
Panchmahal,2019,2,22.0225,0.11,26.802142857142854,19.393214285714286
Panchmahal,2019,3,26.905806451612904,0.0,22.489032258064515,24.02709677419355
Panchmahal,2019,4,32.97666666666667,6.4,22.726,26.310666666666663
Panchmahal,2019,5,34.04677419354839,0.64,33.258709677419354,27.785806451612903
Panchmahal,2019,6,33.391333333333336,108.95,53.903666666666666,21.69
Panchmahal,2019,7,29.13903225806452,260.82,77.57548387096774,15.88483870967742
Panchmahal,2019,8,26.76032258064516,481.95,88.73451612903226,12.34
Panchmahal,2019,9,26.717666666666663,277.15,90.99166666666666,12.785333333333334
Panchmahal,2019,10,25.051935483870967,35.7,81.2958064516129,17.423548387096773
Panchmahal,2019,11,23.094,4.86,79.077,14.904333333333334
Panchmahal,2019,12,18.575161290322583,0.26,70.50741935483872,13.692903225806452
Panchmahal,2020,1,17.659032258064514,0.01,57.01903225806451,15.77516129032258
Panchmahal,2020,2,22.428275862068965,0.0,33.501724137931035,19.656206896551723
Panchmahal,2020,3,25.981612903225805,8.54,33.946774193548386,22.48258064516129
Panchmahal,2020,4,32.98766666666667,0.32,23.566666666666663,26.173
Panchmahal,2020,5,35.512903225806454,1.23,28.58451612903226,27.966451612903228
Panchmahal,2020,6,30.63133333333333,138.57,67.88066666666667,19.972
Panchmahal,2020,7,28.936451612903223,173.09,79.72483870967741,18.032258064516128
Panchmahal,2020,8,27.42419354838709,526.9399999999999,87.89935483870968,12.232903225806451
Panchmahal,2020,9,27.122,133.35,86.53033333333333,16.631333333333334
Panchmahal,2020,10,25.720645161290324,10.26,72.37774193548387,18.86483870967742
Panchmahal,2020,11,21.704666666666665,0.16,61.85133333333333,16.347666666666665
Panchmahal,2020,12,20.49870967741936,7.44,52.85645161290322,14.558064516129033
Panchmahal,2021,1,21.46,0.35,36.83774193548387,15.35
Panchmahal,2021,2,24.143571428571427,0.0,23.03892857142857,19.585714285714285
Panchmahal,2021,3,29.19193548387097,0.16,20.36193548387097,23.700645161290325
Panchmahal,2021,4,32.19733333333333,0.0,25.468666666666664,25.316666666666663
Panchmahal,2021,5,33.15709677419355,58.39,43.33516129032258,23.80516129032258
Panchmahal,2021,6,30.517333333333333,168.96,67.968,20.125
Panchmahal,2021,7,28.83935483870968,163.54,77.03516129032259,15.703225806451613
Panchmahal,2021,8,27.96,83.97,77.00225806451614,14.431935483870967
Panchmahal,2021,9,27.122666666666664,328.44,87.63166666666666,12.734666666666667
Panchmahal,2021,10,25.072903225806453,35.18,77.31,18.651612903225807
Panchmahal,2021,11,21.772666666666662,13.84,68.211,15.564
Panchmahal,2021,12,19.41774193548387,13.17,63.53096774193549,12.456774193548387
Panchmahal,2022,1,18.42419354838709,2.2,50.63645161290323,15.818709677419356
Panchmahal,2022,2,22.78821428571428,0.0,30.03107142857143,20.490714285714287
Panchmahal,2022,3,29.79612903225806,0.9000000000000001,19.28967741935484,22.37967741935484
Panchmahal,2022,4,33.334,0.0,19.84,25.788
Panchmahal,2022,5,34.9241935483871,1.0799999999999998,35.52903225806451,25.633548387096774
Panchmahal,2022,6,32.551,51.93,53.757666666666665,22.043
Panchmahal,2022,7,27.475483870967743,433.11,85.55516129032259,14.10225806451613
Panchmahal,2022,8,26.69290322580645,278.0,88.20870967741936,14.310645161290322
Panchmahal,2022,9,26.9,88.77,86.44066666666666,16.712333333333333
Panchmahal,2022,10,24.404516129032256,63.040000000000006,72.8158064516129,18.97903225806452
Panchmahal,2022,11,22.147,0.0,58.873666666666665,17.221999999999998
Panchmahal,2022,12,21.168064516129032,11.59,54.601612903225806,14.993870967741936
Panchmahal,2023,1,19.095483870967744,3.58,38.61774193548387,15.746129032258064
Panchmahal,2023,2,24.073571428571427,0.0,21.572857142857146,21.58142857142857
Panchmahal,2023,3,27.41322580645161,14.32,32.83387096774194,20.765806451612903
Panchmahal,2023,4,30.845666666666663,7.51,28.228,24.75133333333333
Panchmahal,2023,5,33.57806451612903,16.36,36.34096774193548,26.89483870967742
Panchmahal,2023,6,30.96,183.25,62.576,19.23033333333333
Panchmahal,2023,7,28.081935483870968,374.92,86.58064516129032,14.446774193548388
Panchmahal,2023,8,26.69225806451613,53.67,85.24032258064516,13.753548387096776
Panchmahal,2023,9,27.013,279.09,84.62400000000001,15.035333333333334
Panchmahal,2023,10,25.698064516129037,0.02,68.24193548387096,19.911612903225805
Panchmahal,2023,11,23.122666666666664,32.69,58.553333333333335,14.909333333333333
Panchmahal,2023,12,21.07935483870968,4.34,58.38290322580646,13.561612903225807
Panchmahal,2024,1,20.58516129032258,0.58,41.12870967741936,15.155806451612902
Panchmahal,2024,2,23.738275862068964,0.0,29.31241379310345,19.17310344827586
Panchmahal,2024,3,27.44709677419355,1.61,22.345161290322583,23.546451612903223
Panchmahal,2024,4,32.361666666666665,3.29,24.91433333333333,24.003
Panchmahal,2024,5,36.08354838709677,7.489999999999999,28.431290322580644,25.81290322580645
Panchmahal,2024,6,34.01,103.53,51.81366666666667,21.251
Panchmahal,2024,7,28.813548387096777,329.72,82.84483870967742,13.129677419354838
Panchmahal,2024,8,27.08483870967742,471.99,88.55322580645162,12.953225806451613
Panchmahal,2024,9,26.62633333333333,302.12,89.46433333333333,13.761333333333331
Panchmahal,2024,10,26.245806451612903,29.64,80.48935483870967,17.441612903225806
Panchmahal,2024,11,21.767666666666667,0.0,66.43599999999999,16.262
Panchmahal,2024,12,18.664516129032258,1.1,59.26741935483871,14.30935483870968
Panchmahal,2025,1,20.154838709677417,0.0,45.82225806451613,16.206129032258065
Panchmahal,2025,2,24.586785714285718,0.0,25.235000000000003,19.7825
Panchmahal,2025,3,28.97483870967742,0.0,18.403548387096773,23.956774193548387
Panchmahal,2025,4,33.107,0.17,21.506666666666668,25.999333333333333
Panchmahal,2025,5,31.660967741935483,110.42,57.21354838709677,22.554516129032255
Panchmahal,2025,6,30.29133333333333,244.76,69.88333333333334,17.420333333333335
Panchmahal,2025,7,27.34354838709677,273.85,86.5783870967742,13.330645161290322
Panchmahal,2025,8,27.04064516129032,231.88,86.78645161290324,13.469032258064518
Panchmahal,2025,9,26.132,216.4,88.05933333333334,14.475666666666664
Panchmahal,2025,10,24.72741935483871,119.71,79.42548387096774,16.855806451612903
Panchmahal,2025,11,20.447666666666667,7.9,71.462,16.279666666666667
Panchmahal,2025,12,18.912580645161288,0.0,60.17193548387097,16.168709677419354
Panchmahal,2026,1,19.356451612903225,0.2,51.63645161290323,14.8
Panchmahal,2026,2,24.74642857142857,1.5400000000000005,38.40428571428571,17.25357142857143
Panchmahal,2026,3,29.14774193548387,1.87,25.894193548387097,23.916129032258063
Panchmahal,2026,4,32.33733333333333,1.09,25.62833333333333,25.239
Panchmahal,2026,5,35.73612903225806,2.69,32.87387096774194,26.815161290322585
Panchmahal,2026,6,34.068666666666665,45.72,50.992666666666665,22.328666666666667
Panchmahal,2026,7,29.264193548387095,379.99,77.10032258064517,13.04225806451613
Panchmahal,2026,8,26.41133333333333,301.4,91.263,13.485
Patan,2015,1,18.950000000000003,4.989999999999999,34.1741935483871,15.92225806451613
Patan,2015,2,23.31964285714286,0.01,28.251785714285717,19.914285714285715
Patan,2015,3,26.918064516129032,14.4,29.34,22.35903225806452
Patan,2015,4,32.276,14.86,34.42100000000001,24.668666666666663
Patan,2015,5,34.843548387096774,9.73,35.776774193548384,27.353548387096776
Patan,2015,6,33.13133333333334,110.91,54.54766666666667,22.01633333333333
Patan,2015,7,30.39548387096774,292.25,69.88967741935484,15.583870967741934
Patan,2015,8,28.35741935483871,53.940000000000005,79.91258064516128,16.700000000000003
Patan,2015,9,29.292,64.28,64.28566666666667,20.11733333333333
Patan,2015,10,29.13193548387097,0.0,42.31967741935484,20.621290322580645
Patan,2015,11,25.607333333333333,0.0,29.999333333333333,16.281
Patan,2015,12,20.398709677419355,0.0,18.916129032258063,16.234193548387097
Patan,2016,1,20.73483870967742,0.0,27.7758064516129,16.429354838709678
Patan,2016,2,23.283103448275863,0.0,20.318620689655173,19.52068965517241
Patan,2016,3,28.65387096774193,0.41,25.63290322580645,23.266129032258064
Patan,2016,4,31.491,0.0,31.390666666666668,26.21333333333333
Patan,2016,5,35.27225806451613,0.16,37.38451612903226,26.87935483870968
Patan,2016,6,34.70366666666666,13.58,46.01366666666667,23.03166666666667
Patan,2016,7,31.151612903225807,148.06,65.04935483870968,15.563548387096777
Patan,2016,8,28.94,247.94,77.10483870967742,14.067741935483872
Patan,2016,9,28.62133333333333,17.28,69.99766666666666,19.884
Patan,2016,10,27.184516129032257,51.13,59.115483870967736,18.480967741935483
Patan,2016,11,23.59333333333333,0.0,34.98166666666667,17.825333333333333
Patan,2016,12,22.34967741935484,0.0,28.95741935483871,16.55838709677419
Patan,2017,1,19.727096774193548,0.39,30.263548387096773,16.02258064516129
Patan,2017,2,23.428214285714287,0.0,22.171071428571427,20.34892857142857
Patan,2017,3,27.604193548387094,0.38,22.816129032258065,24.12451612903226
Patan,2017,4,31.59933333333333,0.0,30.415333333333333,26.196
Patan,2017,5,35.233225806451614,4.1,34.54548387096774,26.740967741935485
Patan,2017,6,33.95066666666666,71.71,53.867666666666665,22.737666666666662
Patan,2017,7,28.69032258064516,702.5699999999999,80.32290322580646,12.582258064516129
Patan,2017,8,27.67967741935484,128.44,85.23548387096774,15.336129032258064
Patan,2017,9,27.543,39.98,78.79566666666666,18.552
Patan,2017,10,27.91,0.0,51.78387096774193,20.31
Patan,2017,11,23.241666666666667,0.0,38.01,16.287666666666667
Patan,2017,12,20.631290322580647,6.46,36.770967741935486,13.24709677419355
Patan,2018,1,20.81032258064516,0.0,24.051935483870967,16.991612903225807
Patan,2018,2,24.481785714285717,0.0,24.281785714285714,19.371785714285718
Patan,2018,3,28.365483870967743,0.0,23.52806451612903,23.566451612903226
Patan,2018,4,32.623666666666665,0.05,26.74533333333333,25.474666666666668
Patan,2018,5,35.36096774193548,0.01,32.913548387096775,26.58225806451613
Patan,2018,6,35.00066666666667,50.4,46.917,21.80033333333333
Patan,2018,7,30.901612903225807,141.0,66.4274193548387,13.375806451612902
Patan,2018,8,29.28774193548387,98.74,70.47096774193548,12.941612903225806
Patan,2018,9,28.867666666666665,30.27,61.55166666666666,17.88566666666667
Patan,2018,10,29.59483870967742,0.0,33.80516129032258,20.48161290322581
Patan,2018,11,25.648000000000003,0.0,23.89,16.953
Patan,2018,12,19.60451612903226,0.0,23.51290322580645,15.52
Patan,2019,1,19.00741935483871,1.03,23.96,16.885806451612904
Patan,2019,2,21.149285714285718,0.87,27.85928571428571,19.441785714285714
Patan,2019,3,26.500967741935483,0.01,25.69290322580645,23.18516129032258
Patan,2019,4,32.83866666666667,3.77,26.534,25.990333333333336
Patan,2019,5,33.90516129032258,3.85,37.01387096774194,27.16
Patan,2019,6,34.78033333333334,53.3,47.42233333333333,22.619333333333334
Patan,2019,7,32.59258064516129,119.62,60.07419354838709,16.74967741935484
Patan,2019,8,28.503870967741936,323.79,81.74967741935482,14.321935483870968
Patan,2019,9,27.98166666666667,227.31,86.346,14.452666666666666
Patan,2019,10,26.13290322580645,20.87,75.62225806451613,18.56032258064516
Patan,2019,11,23.734666666666666,22.94,72.175,14.507
Patan,2019,12,18.37516129032258,0.96,57.44483870967742,13.960645161290325
Patan,2020,1,16.886451612903226,0.25,50.52032258064516,15.917741935483871
Patan,2020,2,21.82275862068965,0.0,29.231034482758623,19.62793103448276
Patan,2020,3,25.776451612903227,6.15,32.66806451612904,22.345483870967744
Patan,2020,4,33.03566666666667,0.55,26.52233333333333,25.96333333333333
Patan,2020,5,35.40225806451613,7.66,35.41225806451613,27.29032258064516
Patan,2020,6,33.198,88.28,57.373000000000005,21.69033333333333
Patan,2020,7,31.296451612903223,123.35,69.00129032258064,18.84354838709677
Patan,2020,8,28.95193548387097,545.65,83.4625806451613,13.299032258064516
Patan,2020,9,27.966666666666665,108.63,84.47466666666666,18.512666666666668
Patan,2020,10,26.943548387096776,9.25,64.83645161290323,19.67096774193548
Patan,2020,11,21.682666666666663,0.02,52.66466666666667,16.470333333333333
Patan,2020,12,19.686451612903223,0.74,46.81806451612904,14.941612903225806
Patan,2021,1,18.41193548387097,0.0,37.85838709677419,15.371935483870969
Patan,2021,2,23.81714285714286,0.0,26.01607142857143,20.170714285714286
Patan,2021,3,29.118387096774192,0.25,24.9,23.796774193548387
Patan,2021,4,32.439,0.25,24.503666666666668,25.629
Patan,2021,5,33.99645161290322,30.61,40.82129032258064,24.02741935483871
Patan,2021,6,33.426,84.3,54.31266666666667,21.680666666666664
Patan,2021,7,31.217741935483872,147.45,66.4025806451613,16.356129032258064
Patan,2021,8,30.23677419354839,32.870000000000005,64.61032258064516,16.316774193548387
Patan,2021,9,28.975,220.66,79.75633333333333,14.592
Patan,2021,10,27.228064516129034,1.41,62.0858064516129,19.626129032258063
Patan,2021,11,23.82033333333333,27.96,50.699333333333335,15.134333333333332
Patan,2021,12,19.4,3.75,48.62387096774193,13.223225806451614
Patan,2022,1,18.232903225806453,2.99,44.56741935483871,16.103548387096772
Patan,2022,2,22.74535714285714,0.0,31.079285714285717,20.63178571428572
Patan,2022,3,29.162580645161288,0.1,22.087419354838712,23.121935483870967
Patan,2022,4,33.43,0.0,26.523333333333333,26.154
Patan,2022,5,35.01774193548387,0.0,38.38645161290323,25.38032258064516
Patan,2022,6,34.528666666666666,14.85,46.94733333333333,23.241
Patan,2022,7,28.86258064516129,346.74,81.05548387096773,14.806774193548389
Patan,2022,8,27.64161290322581,395.44,86.25032258064518,14.473548387096775
Patan,2022,9,27.44066666666667,97.94,84.70733333333332,18.658666666666665
Patan,2022,10,26.008064516129032,5.63,63.49322580645161,19.846129032258062
Patan,2022,11,23.355666666666664,0.06,47.73566666666667,17.493
Patan,2022,12,20.53483870967742,0.03,40.82419354838709,15.458387096774192
Patan,2023,1,17.970000000000002,6.48,33.99903225806452,16.161612903225805
Patan,2023,2,24.088214285714287,0.0,25.94607142857143,21.445714285714285
Patan,2023,3,27.25193548387097,31.78,36.357419354838704,20.87709677419355
Patan,2023,4,30.784666666666663,8.190000000000001,31.212666666666667,24.069000000000003
Patan,2023,5,33.75709677419355,13.37,38.637741935483874,25.77741935483871
Patan,2023,6,31.66433333333333,230.63,62.75866666666666,20.401333333333334
Patan,2023,7,29.20451612903226,288.98,83.51096774193549,15.99
Patan,2023,8,27.620645161290323,127.96,81.56838709677419,13.186774193548388
Patan,2023,9,28.559,207.83,77.39233333333333,17.488
Patan,2023,10,26.98483870967742,0.63,61.23161290322581,20.384516129032257
Patan,2023,11,23.943,35.19,49.94733333333333,14.814666666666666
Patan,2023,12,20.14548387096774,1.39,50.51935483870968,14.045806451612904
Patan,2024,1,19.11741935483871,0.01,36.979032258064514,15.71516129032258
Patan,2024,2,22.86586206896552,0.12,29.053448275862067,18.95068965517241
Patan,2024,3,26.57677419354839,9.59,26.76,23.100967741935484
Patan,2024,4,31.852666666666668,0.6100000000000001,28.263666666666666,23.845666666666663
Patan,2024,5,35.983870967741936,2.93,30.931612903225805,25.66354838709677
Patan,2024,6,35.243,58.5,46.769666666666666,22.467666666666663
Patan,2024,7,31.751612903225805,160.15,69.67548387096774,14.381935483870969
Patan,2024,8,29.248387096774195,319.07,78.3683870967742,13.161290322580646
Patan,2024,9,27.68733333333333,174.73,85.106,16.124333333333333
Patan,2024,10,27.516451612903225,14.57,73.12322580645161,18.016774193548382
Patan,2024,11,24.304,0.0,48.86133333333333,16.904666666666667
Patan,2024,12,18.12741935483871,0.75,44.59,14.456451612903225
Patan,2025,1,19.503870967741936,0.01,34.3316129032258,16.581935483870968
Patan,2025,2,24.06714285714286,0.0,24.60607142857143,19.78642857142857
Patan,2025,3,28.33258064516129,0.0,20.171935483870968,23.40741935483871
Patan,2025,4,33.18933333333334,0.09,24.92833333333333,25.853666666666665
Patan,2025,5,34.30548387096774,57.05,43.86645161290323,23.74129032258065
Patan,2025,6,32.458666666666666,119.19,59.464666666666666,18.186333333333334
Patan,2025,7,28.72903225806452,334.36,82.33290322580646,14.095806451612903
Patan,2025,8,28.191290322580645,219.01,83.0516129032258,14.843870967741934
Patan,2025,9,27.376666666666665,122.37,82.93599999999999,16.085
Patan,2025,10,25.706451612903223,67.89,68.84322580645161,16.43
Patan,2025,11,22.242,6.05,58.708666666666666,16.068333333333335
Patan,2025,12,20.57774193548387,0.5,49.336451612903225,16.01290322580645
Patan,2026,1,17.706129032258065,0.24,44.94709677419355,15.55
Patan,2026,2,24.020714285714288,0.0,32.027857142857144,17.984285714285715
Patan,2026,3,28.448387096774194,4.87,32.704193548387096,22.64032258064516
Patan,2026,4,31.828,0.3399999999999999,30.04233333333333,25.002666666666663
Patan,2026,5,35.41225806451613,2.3,36.211612903225806,26.575806451612905
Patan,2026,6,35.53433333333333,14.03,45.32966666666667,22.659666666666663
Patan,2026,7,31.77516129032258,285.61,64.75193548387097,14.547419354838713
Patan,2026,8,28.554666666666662,76.67,78.18633333333334,13.453214285714283
Porbandar,2015,1,22.71032258064516,4.66,57.07322580645161,17.10483870967742
Porbandar,2015,2,24.273571428571422,3.94,64.78714285714285,20.621785714285718
Porbandar,2015,3,25.611612903225808,16.919999999999998,65.83612903225807,22.36096774193548
Porbandar,2015,4,27.975,2.75,74.866,25.02233333333333
Porbandar,2015,5,29.41064516129032,3.26,77.94451612903227,26.96451612903226
Porbandar,2015,6,29.55666666666667,256.2,80.71166666666666,20.629666666666665
Porbandar,2015,7,28.333548387096776,370.1,82.64741935483872,15.40741935483871
Porbandar,2015,8,27.56032258064516,7.1,84.02387096774193,17.926451612903225
Porbandar,2015,9,28.073666666666668,77.67,77.92433333333334,20.314
Porbandar,2015,10,29.601290322580645,0.0,67.68258064516128,19.634838709677418
Porbandar,2015,11,27.978,0.0,56.61933333333333,16.547666666666668
Porbandar,2015,12,24.488064516129032,0.0,49.57967741935484,16.712903225806453
Porbandar,2016,1,23.58709677419355,0.0,59.61870967741935,17.531290322580645
Porbandar,2016,2,24.134827586206896,0.0,58.9296551724138,19.857241379310345
Porbandar,2016,3,26.176451612903225,0.6699999999999999,70.48193548387097,23.58290322580645
Porbandar,2016,4,27.600666666666665,0.0,73.00333333333333,25.31066666666667
Porbandar,2016,5,29.417096774193546,0.23,79.66258064516128,26.12741935483871
Porbandar,2016,6,29.571,59.25,80.32766666666666,21.53333333333333
Porbandar,2016,7,28.406129032258065,146.1,82.77225806451614,14.68
Porbandar,2016,8,27.4941935483871,204.67,84.31741935483872,14.263225806451612
Porbandar,2016,9,27.461,31.15,79.46499999999999,19.82133333333333
Porbandar,2016,10,27.29,31.95,73.07290322580644,18.57064516129033
Porbandar,2016,11,26.198,0.0,60.83833333333334,17.856333333333335
Porbandar,2016,12,25.10483870967742,0.0,58.68516129032258,16.91741935483871
Porbandar,2017,1,22.85290322580645,0.01,55.68451612903226,17.250645161290322
Porbandar,2017,2,24.31,0.0,58.45214285714286,21.217142857142857
Porbandar,2017,3,25.39967741935484,0.0,68.36129032258064,24.79
Porbandar,2017,4,27.266,0.0,75.74733333333333,26.812
Porbandar,2017,5,29.046774193548387,0.79,79.77516129032259,26.67129032258064
Porbandar,2017,6,30.052666666666667,106.83,78.881,21.642666666666667
Porbandar,2017,7,28.21258064516129,257.98,83.56709677419354,14.406451612903227
Porbandar,2017,8,27.406774193548387,178.34,85.0858064516129,16.291290322580643
Porbandar,2017,9,27.450666666666667,40.65,80.56099999999999,20.458666666666662
Porbandar,2017,10,28.54387096774193,1.32,70.77,20.627741935483872
Porbandar,2017,11,26.314666666666668,0.0,57.73333333333333,17.568666666666665
Porbandar,2017,12,23.62741935483871,0.77,58.45161290322581,14.523548387096774
Porbandar,2018,1,23.051290322580645,0.0,59.142580645161296,17.378387096774194
Porbandar,2018,2,24.143571428571427,0.0,64.37,19.78607142857143
Porbandar,2018,3,25.835483870967742,0.0,68.3367741935484,24.906129032258065
Porbandar,2018,4,27.888666666666666,0.07,75.68933333333332,26.526333333333334
Porbandar,2018,5,29.162580645161288,0.03,79.95354838709677,26.300645161290323
Porbandar,2018,6,29.713666666666665,10.11,79.39766666666667,21.527
Porbandar,2018,7,28.416451612903224,292.65,83.33129032258064,13.089032258064517
Porbandar,2018,8,27.07354838709677,60.78,84.59935483870967,14.260967741935485
Porbandar,2018,9,26.764333333333333,23.05,80.392,20.769333333333336
Porbandar,2018,10,28.781935483870967,0.09,66.26580645161292,20.71225806451613
Porbandar,2018,11,27.86466666666667,0.0,57.45233333333333,17.577333333333335
Porbandar,2018,12,24.07774193548387,0.0,49.11,15.93
Porbandar,2019,1,22.62935483870968,1.69,54.52322580645161,17.732580645161292
Porbandar,2019,2,22.74607142857143,0.06,61.60357142857144,20.768214285714286
Porbandar,2019,3,24.65225806451613,0.0,67.12838709677419,24.158709677419356
Porbandar,2019,4,27.500333333333334,0.03,74.905,26.622333333333334
Porbandar,2019,5,28.348709677419357,0.02,80.23935483870967,26.88032258064516
Porbandar,2019,6,29.16466666666667,73.82,84.222,21.570666666666668
Porbandar,2019,7,28.901935483870968,123.05,82.27064516129032,17.674516129032256
Porbandar,2019,8,27.707741935483877,282.87,84.84612903225806,16.385483870967743
Porbandar,2019,9,28.128666666666668,451.73,85.96333333333334,13.654666666666666
Porbandar,2019,10,28.179032258064517,27.19,75.83612903225807,18.955483870967743
Porbandar,2019,11,26.19,10.24,70.82466666666666,15.620666666666668
Porbandar,2019,12,23.21709677419355,12.98,63.87548387096775,15.165483870967742
Porbandar,2020,1,21.240645161290324,0.63,61.44967741935484,17.241612903225807
Porbandar,2020,2,23.595172413793104,0.0,60.52620689655173,20.66758620689655
Porbandar,2020,3,24.76516129032258,0.36,66.16193548387096,23.460967741935484
Porbandar,2020,4,27.610666666666667,13.21,75.82533333333335,26.740333333333336
Porbandar,2020,5,29.25064516129032,0.45,79.63645161290323,27.687096774193545
Porbandar,2020,6,29.973666666666663,88.45,80.93966666666667,21.617666666666665
Porbandar,2020,7,29.20870967741936,504.24,83.50387096774193,18.06032258064516
Porbandar,2020,8,28.57870967741936,594.42,85.15709677419355,13.962903225806452
Porbandar,2020,9,28.37066666666667,97.11,79.81733333333334,20.00333333333333
Porbandar,2020,10,28.377741935483872,11.66,73.63677419354838,19.98677419354839
Porbandar,2020,11,25.555333333333333,0.0,60.365,17.439333333333334
Porbandar,2020,12,23.431290322580644,5.83,60.03225806451613,16.541290322580643
Porbandar,2021,1,22.031935483870967,0.0,53.33870967741935,18.238064516129032
Porbandar,2021,2,24.23107142857143,0.0,63.792142857142856,21.009285714285717
Porbandar,2021,3,26.66548387096774,0.0,69.40709677419355,24.83129032258065
Porbandar,2021,4,28.051,0.1,73.01633333333332,25.880666666666663
Porbandar,2021,5,29.56,5.23,75.6174193548387,24.337741935483876
Porbandar,2021,6,29.809,90.09,77.068,22.895666666666667
Porbandar,2021,7,28.786129032258064,223.73,81.52032258064517,15.399032258064516
Porbandar,2021,8,27.691612903225806,35.3,81.53580645161291,18.20451612903226
Porbandar,2021,9,27.736,714.45,86.42933333333333,13.141333333333334
Porbandar,2021,10,27.65290322580645,9.56,73.81645161290322,20.50193548387097
Porbandar,2021,11,25.77466666666667,1.38,68.609,16.202
Porbandar,2021,12,22.946129032258067,1.1,65.34838709677419,15.077096774193548
Porbandar,2022,1,21.61935483870968,19.64,61.88193548387097,17.31064516129032
Porbandar,2022,2,22.92642857142857,0.0,67.97607142857143,21.416071428571428
Porbandar,2022,3,26.18354838709677,0.0,68.37387096774194,24.30258064516129
Porbandar,2022,4,28.411,0.02,73.82866666666668,25.790333333333333
Porbandar,2022,5,29.009032258064515,0.0,80.58451612903225,25.14322580645161
Porbandar,2022,6,29.456666666666667,66.1,80.38533333333334,22.256000000000004
Porbandar,2022,7,28.324838709677422,558.18,84.27322580645162,14.749032258064515
Porbandar,2022,8,27.460645161290323,209.32,85.43612903225807,16.146451612903228
Porbandar,2022,9,27.71,115.78,81.166,19.461333333333336
Porbandar,2022,10,28.13193548387097,19.0,70.23677419354838,20.483870967741936
Porbandar,2022,11,26.426,0.02,60.91166666666666,17.92
Porbandar,2022,12,24.29548387096774,0.0,58.50129032258064,16.176774193548386
Porbandar,2023,1,21.776451612903227,0.0,53.910645161290326,17.64258064516129
Porbandar,2023,2,23.827142857142857,0.0,66.21607142857142,21.70642857142857
Porbandar,2023,3,25.973870967741934,2.54,67.4932258064516,21.92032258064516
Porbandar,2023,4,27.18733333333333,7.06,72.77633333333333,24.415666666666667
Porbandar,2023,5,29.156129032258065,6.95,77.12290322580645,26.706774193548387
Porbandar,2023,6,29.24633333333333,286.22,83.72466666666668,18.943
Porbandar,2023,7,28.68903225806452,600.75,84.76193548387097,14.33032258064516
Porbandar,2023,8,27.381612903225808,5.96,84.38000000000001,16.166129032258063
Porbandar,2023,9,28.055666666666664,73.5,82.31400000000001,19.946
Porbandar,2023,10,28.19709677419355,0.17,72.46064516129032,20.63387096774193
Porbandar,2023,11,27.55133333333333,7.57,58.77466666666667,15.345333333333334
Porbandar,2023,12,24.896129032258063,0.0,56.163225806451614,14.734516129032258
Porbandar,2024,1,23.431612903225805,0.02,56.13903225806452,17.080645161290324
Porbandar,2024,2,24.46,0.1699999999999999,59.10413793103448,19.979310344827585
Porbandar,2024,3,25.206774193548387,3.13,66.39870967741936,24.226451612903222
Porbandar,2024,4,27.912333333333333,0.73,71.304,25.728666666666665
Porbandar,2024,5,29.651935483870968,0.47,77.10161290322581,26.50548387096774
Porbandar,2024,6,30.528,114.12,77.07966666666667,21.366666666666667
Porbandar,2024,7,29.047096774193548,1042.06,86.0058064516129,11.470322580645162
Porbandar,2024,8,28.01903225806452,567.33,85.83451612903225,13.89516129032258
Porbandar,2024,9,27.977,74.13,82.06566666666666,19.321666666666665
Porbandar,2024,10,28.70903225806452,46.22,77.04677419354839,17.903548387096773
Porbandar,2024,11,27.015,0.0,59.485,17.455
Porbandar,2024,12,22.524838709677415,0.0,57.142258064516135,15.154516129032258
Porbandar,2025,1,22.434516129032257,0.0,59.53903225806452,17.633225806451613
Porbandar,2025,2,24.34,0.0,63.730714285714285,20.71357142857143
Porbandar,2025,3,26.701612903225808,0.01,64.13612903225807,24.55
Porbandar,2025,4,28.326666666666664,0.0,75.28833333333334,26.680666666666664
Porbandar,2025,5,29.63935483870968,28.46,80.26161290322581,23.825161290322583
Porbandar,2025,6,29.582,384.41,81.19,16.727333333333334
Porbandar,2025,7,28.328709677419354,277.42,84.82322580645162,14.271290322580644
Porbandar,2025,8,27.66548387096774,426.46,84.83548387096775,14.794193548387096
Porbandar,2025,9,27.57033333333333,72.7,82.67533333333334,17.307000000000002
Porbandar,2025,10,27.60709677419355,82.42,75.28129032258066,16.581290322580646
Porbandar,2025,11,25.38533333333333,16.31,65.15366666666667,17.037
Porbandar,2025,12,23.870645161290323,2.54,65.11870967741936,16.128709677419355
Porbandar,2026,1,21.856774193548382,0.25,57.653225806451616,17.566451612903226
Porbandar,2026,2,24.48642857142857,0.01,64.45214285714286,19.93321428571429
Porbandar,2026,3,26.42290322580645,3.92,73.03516129032259,24.03548387096774
Porbandar,2026,4,27.77766666666667,4.329999999999999,73.85866666666668,26.269
Porbandar,2026,5,29.61354838709677,0.04,79.14129032258064,27.26451612903226
Porbandar,2026,6,30.45,9.44,75.93,22.53833333333333
Porbandar,2026,7,28.94741935483871,145.98,82.84935483870967,12.904516129032258
Porbandar,2026,8,27.754666666666665,60.08,82.40066666666667,13.555
Rajkot,2015,1,19.710967741935484,4.27,40.6283870967742,16.42838709677419
Rajkot,2015,2,23.4375,0.69,44.11392857142857,19.8825
Rajkot,2015,3,26.46741935483871,12.31,42.27548387096774,21.86709677419355
Rajkot,2015,4,31.049666666666667,1.59,47.71666666666667,24.758666666666667
Rajkot,2015,5,32.56,4.51,54.24483870967742,27.15
Rajkot,2015,6,31.011333333333333,281.83,68.109,21.509
Rajkot,2015,7,28.883548387096774,267.55,76.84290322580645,15.75258064516129
Rajkot,2015,8,28.13258064516129,7.93,78.65774193548387,17.079032258064515
Rajkot,2015,9,28.485333333333333,94.72,71.62066666666666,20.052666666666667
Rajkot,2015,10,29.43548387096774,0.0,51.05129032258064,19.32161290322581
Rajkot,2015,11,26.038666666666664,0.0,36.75033333333333,16.146666666666665
Rajkot,2015,12,20.856774193548382,0.0,25.22774193548387,16.168064516129032
Rajkot,2016,1,21.0258064516129,0.0,39.24709677419354,16.649032258064516
Rajkot,2016,2,23.07103448275862,0.0,32.178275862068965,19.511034482758618
Rajkot,2016,3,28.028387096774196,0.8899999999999999,41.607741935483865,23.03774193548387
Rajkot,2016,4,30.002666666666663,0.0,51.44533333333333,25.62633333333333
Rajkot,2016,5,32.76838709677419,0.6499999999999999,54.44129032258065,26.41
Rajkot,2016,6,32.00066666666667,46.32,60.95399999999999,22.491666666666667
Rajkot,2016,7,29.352580645161293,133.9,74.02612903225807,14.83290322580645
Rajkot,2016,8,27.81290322580645,166.58,80.74516129032257,14.146774193548389
Rajkot,2016,9,27.807333333333336,41.75,74.14333333333335,19.634
Rajkot,2016,10,26.87516129032258,50.21,67.58903225806452,18.13258064516129
Rajkot,2016,11,24.47433333333333,0.0,39.34633333333333,17.37933333333333
Rajkot,2016,12,22.87709677419355,0.0,35.773870967741935,16.345806451612905
Rajkot,2017,1,20.318064516129034,0.13,35.07322580645161,16.478387096774192
Rajkot,2017,2,23.65714285714285,0.0,31.949285714285715,20.10071428571429
Rajkot,2017,3,26.76516129032258,0.0,40.20967741935484,23.676129032258064
Rajkot,2017,4,30.263,0.0,45.612,26.467
Rajkot,2017,5,32.64354838709678,5.2,52.21032258064516,26.516774193548382
Rajkot,2017,6,31.388,144.63,67.51633333333334,20.299
Rajkot,2017,7,27.891290322580645,522.4,82.74064516129032,12.753548387096776
Rajkot,2017,8,27.374193548387098,165.82,84.05483870967741,16.205161290322582
Rajkot,2017,9,27.043333333333333,38.38,81.595,18.48933333333333
Rajkot,2017,10,27.70903225806452,1.77,63.44709677419355,19.626451612903224
Rajkot,2017,11,23.587666666666667,0.0,42.78533333333333,16.470666666666666
Rajkot,2017,12,20.83483870967742,3.24,41.792258064516126,13.573548387096771
Rajkot,2018,1,21.22935483870968,0.0,35.18967741935484,16.36
Rajkot,2018,2,24.19464285714286,0.0,38.72535714285714,18.600357142857145
Rajkot,2018,3,27.707741935483877,0.0,42.97806451612903,23.50258064516129
Rajkot,2018,4,31.00433333333333,0.27,48.26166666666666,25.66633333333333
Rajkot,2018,5,32.913548387096775,0.0,52.20161290322581,26.217741935483872
Rajkot,2018,6,32.638666666666666,35.620000000000005,58.46033333333333,21.471
Rajkot,2018,7,28.99129032258065,200.44,76.45322580645161,13.779677419354838
Rajkot,2018,8,27.61354838709677,134.93,78.87193548387096,13.666451612903224
Rajkot,2018,9,27.421,17.96,72.26866666666666,19.237
Rajkot,2018,10,29.45870967741936,0.74,45.42290322580645,19.498064516129038
Rajkot,2018,11,26.38533333333333,0.0,32.947,16.789666666666665
Rajkot,2018,12,20.22967741935484,0.0,28.11096774193548,15.223870967741936
Rajkot,2019,1,19.381612903225808,2.09,33.471612903225804,16.79032258064516
Rajkot,2019,2,21.56392857142857,0.09,40.04821428571428,19.454285714285717
Rajkot,2019,3,26.24290322580645,0.0,40.53193548387097,23.22774193548387
Rajkot,2019,4,31.13433333333333,0.66,45.84366666666666,25.881
Rajkot,2019,5,31.603870967741937,0.18,54.377096774193554,26.78935483870968
Rajkot,2019,6,32.09166666666667,54.87,61.776,21.756
Rajkot,2019,7,30.695483870967745,161.05,68.82806451612903,17.36193548387097
Rajkot,2019,8,27.66709677419355,384.53,83.46967741935484,14.85741935483871
Rajkot,2019,9,27.512666666666668,335.75,87.84366666666666,14.459
Rajkot,2019,10,26.08903225806452,44.76,78.80516129032259,18.358709677419355
Rajkot,2019,11,23.329666666666665,13.86,77.08533333333334,15.230666666666668
Rajkot,2019,12,18.34258064516129,0.65,66.5983870967742,14.096451612903229
Rajkot,2020,1,17.057741935483868,0.53,58.413548387096775,16.31258064516129
Rajkot,2020,2,22.180344827586207,0.0,37.23068965517241,19.41103448275862
Rajkot,2020,3,25.46161290322581,1.16,44.968387096774194,22.516129032258064
Rajkot,2020,4,31.412666666666667,2.05,46.21966666666666,25.705666666666666
Rajkot,2020,5,32.85903225806452,0.02,53.56225806451613,27.28516129032258
Rajkot,2020,6,31.30633333333333,103.85,68.40433333333334,20.383666666666667
Rajkot,2020,7,29.240322580645163,312.36,80.70838709677419,17.949354838709677
Rajkot,2020,8,27.81967741935484,617.73,87.93258064516128,13.430645161290323
Rajkot,2020,9,27.442,76.27,84.83666666666666,18.4
Rajkot,2020,10,26.615483870967743,60.400000000000006,73.76064516129033,19.278387096774196
Rajkot,2020,11,21.329,0.0,62.574333333333335,16.642666666666667
Rajkot,2020,12,19.28903225806452,1.77,56.37967741935484,15.379032258064516
Rajkot,2021,1,18.00774193548387,0.0,40.59290322580645,16.508064516129032
Rajkot,2021,2,23.220357142857143,0.0,42.36785714285714,19.635
Rajkot,2021,3,28.017096774193547,0.0,43.77870967741935,23.64935483870968
Rajkot,2021,4,31.019,0.8400000000000001,48.10966666666666,25.15033333333333
Rajkot,2021,5,32.2658064516129,31.87,53.79258064516129,24.058709677419355
Rajkot,2021,6,31.535666666666668,106.88,63.005333333333326,21.143666666666668
Rajkot,2021,7,29.39483870967742,179.68,74.84967741935485,16.06
Rajkot,2021,8,28.39774193548387,38.03,74.32000000000001,16.635483870967743
Rajkot,2021,9,27.605,481.36,86.29733333333334,13.208666666666666
Rajkot,2021,10,25.92774193548387,3.4,74.16,19.3341935483871
Rajkot,2021,11,22.976333333333333,6.42,62.391666666666666,15.439
Rajkot,2021,12,19.357096774193547,2.81,60.05838709677419,13.648709677419356
Rajkot,2022,1,18.65774193548387,2.84,50.86483870967741,16.183870967741935
Rajkot,2022,2,22.40607142857143,0.0,48.198214285714286,20.2375
Rajkot,2022,3,28.313548387096777,0.0,38.18193548387097,22.77290322580645
Rajkot,2022,4,31.738,0.03,46.34933333333333,25.395666666666667
Rajkot,2022,5,32.505483870967744,0.0,54.36,25.37483870967742
Rajkot,2022,6,31.72,65.3,62.76166666666666,22.00133333333333
Rajkot,2022,7,27.835806451612903,426.69,84.78935483870967,14.75741935483871
Rajkot,2022,8,27.22225806451613,170.21,85.24032258064516,15.275483870967742
Rajkot,2022,9,26.977,163.74,83.86566666666666,18.530666666666665
Rajkot,2022,10,26.46161290322581,5.83,67.26032258064517,19.58516129032258
Rajkot,2022,11,23.822666666666667,0.5,50.63666666666666,17.145666666666667
Rajkot,2022,12,21.71451612903226,0.01,40.06806451612903,15.45451612903226
Rajkot,2023,1,18.79612903225806,0.23,35.63967741935484,16.21
Rajkot,2023,2,23.78142857142857,0.0,37.34607142857143,20.9925
Rajkot,2023,3,27.188064516129035,23.02,44.284838709677416,20.33935483870968
Rajkot,2023,4,29.610333333333337,12.670000000000002,50.26766666666666,23.825
Rajkot,2023,5,31.811612903225804,21.22,55.11258064516129,26.044516129032257
Rajkot,2023,6,30.46433333333333,335.44,70.02533333333334,19.948666666666668
Rajkot,2023,7,28.328064516129032,289.93,85.41806451612904,15.214193548387096
Rajkot,2023,8,27.336129032258064,5.79,81.74645161290321,14.61225806451613
Rajkot,2023,9,28.267,81.43,77.90633333333334,18.11
Rajkot,2023,10,27.968709677419355,1.1800000000000002,61.63806451612904,19.541935483870965
Rajkot,2023,11,25.338666666666665,19.73,44.65333333333333,15.065
Rajkot,2023,12,21.556451612903224,0.0,45.4458064516129,13.821612903225809
Rajkot,2024,1,20.38387096774193,0.0,38.0841935483871,15.993548387096777
Rajkot,2024,2,23.474482758620688,0.01,37.01931034482759,19.09
Rajkot,2024,3,26.284193548387098,4.56,40.44516129032258,23.09
Rajkot,2024,4,30.639,6.609999999999999,46.87433333333333,24.186666666666667
Rajkot,2024,5,33.5658064516129,5.4,49.22935483870968,25.366129032258065
Rajkot,2024,6,32.938,79.4,59.123000000000005,21.39933333333333
Rajkot,2024,7,29.62741935483871,300.49,80.84,13.956451612903225
Rajkot,2024,8,27.83709677419355,510.62,84.82290322580644,12.959032258064516
Rajkot,2024,9,27.211,99.6,85.09233333333333,17.298000000000002
Rajkot,2024,10,27.27516129032258,50.39,77.94774193548388,17.390645161290323
Rajkot,2024,11,23.65666666666667,0.0,58.790333333333336,16.473666666666666
Rajkot,2024,12,17.752903225806453,0.0,51.23129032258065,14.668064516129032
Rajkot,2025,1,19.6658064516129,0.0,41.97064516129032,16.42838709677419
Rajkot,2025,2,23.90357142857143,0.0,39.551785714285714,19.52285714285714
Rajkot,2025,3,27.953225806451613,0.09,35.81870967741936,23.86935483870968
Rajkot,2025,4,31.589,0.04,44.95333333333333,26.302666666666667
Rajkot,2025,5,32.56967741935484,44.98,57.5916129032258,23.100967741935484
Rajkot,2025,6,30.456333333333337,330.71,72.20733333333332,17.10033333333333
Rajkot,2025,7,28.126774193548385,199.79,84.19193548387096,13.925806451612903
Rajkot,2025,8,27.75548387096774,158.95000000000002,83.44354838709677,14.590645161290322
Rajkot,2025,9,27.093666666666664,187.95,83.48,16.233999999999998
Rajkot,2025,10,25.88225806451613,59.26,72.33032258064516,16.295483870967743
Rajkot,2025,11,22.095,17.42,63.21833333333333,16.13
Rajkot,2025,12,20.89483870967742,2.05,54.17645161290323,15.605806451612905
Rajkot,2026,1,18.431290322580644,0.53,43.842903225806445,16.01
Rajkot,2026,2,24.21142857142857,0.0,40.9525,18.151785714285715
Rajkot,2026,3,27.767096774193547,12.78,51.61032258064516,22.80935483870968
Rajkot,2026,4,30.39033333333333,1.5499999999999998,49.688,25.19333333333333
Rajkot,2026,5,33.1383870967742,0.01,53.571612903225805,26.743548387096773
Rajkot,2026,6,33.275,10.5,55.83866666666667,22.285
Rajkot,2026,7,29.69193548387097,196.21,74.76483870967742,13.098064516129034
Rajkot,2026,8,28.389666666666667,60.62,76.14366666666666,12.223571428571429
Sabarkantha,2015,1,18.66774193548387,7.439999999999999,41.15548387096774,15.92225806451613
Sabarkantha,2015,2,23.478214285714284,0.04,27.043928571428573,19.914285714285715
Sabarkantha,2015,3,26.675161290322578,19.87,33.027741935483874,22.35903225806452
Sabarkantha,2015,4,31.488666666666667,19.78,33.85466666666667,24.668666666666663
Sabarkantha,2015,5,35.10064516129032,6.390000000000001,29.825161290322583,27.353548387096776
Sabarkantha,2015,6,32.495666666666665,131.32999999999998,55.94666666666667,22.01633333333333
Sabarkantha,2015,7,29.635161290322586,301.64,71.09612903225806,15.583870967741934
Sabarkantha,2015,8,27.49387096774193,61.12,83.19354838709677,16.700000000000003
Sabarkantha,2015,9,28.237666666666662,76.52,69.81533333333333,20.11733333333333
Sabarkantha,2015,10,28.82741935483871,0.05,43.87064516129032,20.621290322580645
Sabarkantha,2015,11,26.019,0.0,30.533,16.281
Sabarkantha,2015,12,20.90258064516129,0.0,19.156451612903226,16.234193548387097
Sabarkantha,2016,1,21.13387096774193,0.0,27.69967741935484,16.429354838709678
Sabarkantha,2016,2,23.64275862068965,0.0,21.22827586206897,19.52068965517241
Sabarkantha,2016,3,28.90548387096774,0.84,23.201290322580647,23.266129032258064
Sabarkantha,2016,4,31.749333333333333,0.0,25.704,26.21333333333333
Sabarkantha,2016,5,35.53322580645161,0.43,32.127419354838715,26.87935483870968
Sabarkantha,2016,6,34.33833333333334,15.06,44.74366666666666,23.03166666666667
Sabarkantha,2016,7,29.67129032258064,166.2,71.26741935483871,15.563548387096777
Sabarkantha,2016,8,27.366129032258065,263.44,84.16483870967743,14.067741935483872
Sabarkantha,2016,9,27.215333333333334,44.93,77.80533333333332,19.884
Sabarkantha,2016,10,26.203548387096777,51.36,62.70903225806452,18.480967741935483
Sabarkantha,2016,11,22.96833333333333,0.0,37.697,17.825333333333333
Sabarkantha,2016,12,21.71903225806452,0.0,29.69516129032258,16.55838709677419
Sabarkantha,2017,1,20.231612903225805,0.15,31.725806451612904,16.02258064516129
Sabarkantha,2017,2,23.787142857142857,0.0,22.24142857142857,20.34892857142857
Sabarkantha,2017,3,27.83516129032258,0.0999999999999999,20.316451612903226,24.12451612903226
Sabarkantha,2017,4,31.744333333333334,0.0,24.907333333333334,26.196
Sabarkantha,2017,5,35.39806451612903,2.94,28.81483870967742,26.740967741935485
Sabarkantha,2017,6,33.574666666666666,76.32,53.73466666666666,22.737666666666662
Sabarkantha,2017,7,27.836129032258064,613.83,82.24645161290321,12.582258064516129
Sabarkantha,2017,8,26.95903225806452,127.71,86.89225806451613,15.336129032258064
Sabarkantha,2017,9,26.869333333333334,57.83,82.01133333333334,18.552
Sabarkantha,2017,10,26.906774193548387,0.06,54.42193548387097,20.31
Sabarkantha,2017,11,23.221666666666668,0.0,37.61933333333333,16.287666666666667
Sabarkantha,2017,12,20.50032258064516,7.86,36.55290322580645,13.24709677419355
Sabarkantha,2018,1,21.12,0.0,24.77774193548387,16.991612903225807
Sabarkantha,2018,2,24.57107142857143,0.0,23.619642857142857,19.371785714285718
Sabarkantha,2018,3,28.69322580645161,0.0,19.478387096774195,23.566451612903226
Sabarkantha,2018,4,32.65266666666667,0.02,21.34,25.474666666666668
Sabarkantha,2018,5,35.19451612903226,0.02,28.56967741935484,26.58225806451613
Sabarkantha,2018,6,34.879,37.57,45.037,21.80033333333333
Sabarkantha,2018,7,29.173870967741934,186.32,74.6690322580645,13.375806451612902
Sabarkantha,2018,8,27.73064516129032,160.54,78.32935483870968,12.941612903225806
Sabarkantha,2018,9,27.069666666666667,48.73,71.641,17.88566666666667
Sabarkantha,2018,10,28.43322580645161,0.06,42.715806451612906,20.48161290322581
Sabarkantha,2018,11,25.239666666666665,0.0,27.57,16.953
Sabarkantha,2018,12,19.48548387096774,0.0,25.838387096774195,15.52
Sabarkantha,2019,1,18.745806451612903,0.3,23.59451612903226,16.885806451612904
Sabarkantha,2019,2,21.5725,0.39,26.884285714285717,19.441785714285714
Sabarkantha,2019,3,26.586451612903225,0.0,22.85483870967742,23.18516129032258
Sabarkantha,2019,4,32.95766666666667,4.84,21.941666666666663,25.990333333333336
Sabarkantha,2019,5,33.90354838709678,1.39,32.05741935483871,27.16
Sabarkantha,2019,6,34.205333333333336,66.84,48.60933333333333,22.619333333333334
Sabarkantha,2019,7,30.916129032258063,142.09,66.85741935483871,16.74967741935484
Sabarkantha,2019,8,27.21483870967742,379.82,86.88516129032259,14.321935483870968
Sabarkantha,2019,9,27.054666666666662,251.62,89.644,14.452666666666666
Sabarkantha,2019,10,25.16193548387097,20.55,79.91225806451614,18.56032258064516
Sabarkantha,2019,11,23.036,11.4,78.26333333333334,14.507
Sabarkantha,2019,12,18.105806451612903,0.42,65.98870967741935,13.960645161290325
Sabarkantha,2020,1,17.113225806451613,0.0,54.54935483870968,15.917741935483871
Sabarkantha,2020,2,22.04793103448276,0.0,30.28689655172414,19.62793103448276
Sabarkantha,2020,3,25.706774193548387,8.67,32.12903225806452,22.345483870967744
Sabarkantha,2020,4,32.99466666666667,0.57,23.288,25.96333333333333
Sabarkantha,2020,5,35.428064516129034,3.79,28.866451612903223,27.29032258064516
Sabarkantha,2020,6,31.77766666666667,120.09,62.05833333333333,21.69033333333333
Sabarkantha,2020,7,29.66322580645161,174.19,75.86612903225806,18.84354838709677
Sabarkantha,2020,8,27.727096774193548,515.03,87.25806451612904,13.299032258064516
Sabarkantha,2020,9,27.291,121.96,85.90733333333334,18.512666666666668
Sabarkantha,2020,10,26.09290322580645,5.41,68.79612903225807,19.67096774193548
Sabarkantha,2020,11,21.419,0.07,57.72466666666666,16.470333333333333
Sabarkantha,2020,12,20.043548387096774,2.5700000000000003,49.0116129032258,14.941612903225806
Sabarkantha,2021,1,20.306774193548385,0.02,35.02903225806452,15.371935483870969
Sabarkantha,2021,2,23.696785714285717,0.0,23.639642857142857,20.170714285714286
Sabarkantha,2021,3,29.15290322580645,0.24,20.37967741935484,23.796774193548387
Sabarkantha,2021,4,32.309,0.05,21.193666666666665,25.629
Sabarkantha,2021,5,33.53290322580645,48.85,39.79548387096774,24.02741935483871
Sabarkantha,2021,6,31.776666666666664,119.66,60.99633333333333,21.680666666666664
Sabarkantha,2021,7,29.99870967741936,146.97,70.40225806451612,16.356129032258064
Sabarkantha,2021,8,29.176129032258064,39.69,69.33806451612904,16.316774193548387
Sabarkantha,2021,9,27.682,240.71,85.00966666666666,14.592
Sabarkantha,2021,10,25.914193548387097,8.56,69.78612903225806,19.626129032258063
Sabarkantha,2021,11,22.52766666666667,20.9,58.821000000000005,15.134333333333332
Sabarkantha,2021,12,19.533870967741933,6.57,53.19548387096774,13.223225806451614
Sabarkantha,2022,1,18.29548387096774,2.31,46.14032258064516,16.103548387096772
Sabarkantha,2022,2,22.735714285714288,0.0,28.18464285714285,20.63178571428572
Sabarkantha,2022,3,29.664193548387097,0.26,18.35935483870968,23.121935483870967
Sabarkantha,2022,4,33.36566666666667,0.0,20.164666666666665,26.154
Sabarkantha,2022,5,35.06516129032258,0.05,32.80774193548387,25.38032258064516
Sabarkantha,2022,6,33.665333333333336,18.91,47.359,23.241
Sabarkantha,2022,7,27.964193548387097,379.92,83.44806451612902,14.806774193548389
Sabarkantha,2022,8,26.96322580645161,328.25,87.4767741935484,14.473548387096775
Sabarkantha,2022,9,26.918333333333333,78.5,86.11866666666667,18.658666666666665
Sabarkantha,2022,10,24.720322580645163,22.110000000000003,69.39322580645161,19.846129032258062
Sabarkantha,2022,11,22.586333333333336,0.0,53.205333333333336,17.493
Sabarkantha,2022,12,21.09290322580645,3.28,43.50645161290323,15.458387096774192
Sabarkantha,2023,1,18.55032258064516,5.62,35.41225806451613,16.161612903225805
Sabarkantha,2023,2,23.954285714285717,0.0,23.3775,21.445714285714285
Sabarkantha,2023,3,27.23548387096774,22.32,33.92451612903226,20.87709677419355
Sabarkantha,2023,4,30.76,7.96,27.60333333333333,24.069000000000003
Sabarkantha,2023,5,33.55032258064516,20.77,35.63193548387097,25.77741935483871
Sabarkantha,2023,6,30.762,200.7,63.45133333333333,20.401333333333334
Sabarkantha,2023,7,28.345161290322583,362.95,86.07193548387097,15.99
Sabarkantha,2023,8,26.732903225806453,81.16,85.36193548387098,13.186774193548388
Sabarkantha,2023,9,27.28666666666667,239.47,83.06633333333333,17.488
Sabarkantha,2023,10,25.97483870967742,0.13,65.06806451612903,20.384516129032257
Sabarkantha,2023,11,23.15333333333333,32.76,54.43,14.814666666666666
Sabarkantha,2023,12,20.31967741935484,2.99,56.28903225806452,14.045806451612904
Sabarkantha,2024,1,19.9,0.2,39.81645161290322,15.71516129032258
Sabarkantha,2024,2,23.134827586206896,0.0,29.189310344827582,18.95068965517241
Sabarkantha,2024,3,26.995483870967742,5.68,23.714193548387097,23.100967741935484
Sabarkantha,2024,4,32.124,0.16,24.674333333333333,23.845666666666663
Sabarkantha,2024,5,36.17161290322581,5.71,27.49290322580645,25.66354838709677
Sabarkantha,2024,6,34.681333333333335,73.28,47.24066666666667,22.467666666666663
Sabarkantha,2024,7,29.926451612903225,214.94,77.23129032258065,14.381935483870969
Sabarkantha,2024,8,27.573870967741936,412.46,86.20064516129031,13.161290322580646
Sabarkantha,2024,9,26.85033333333333,208.94,88.34966666666666,16.124333333333333
Sabarkantha,2024,10,26.261935483870968,18.01,78.43774193548387,18.016774193548382
Sabarkantha,2024,11,22.47833333333333,0.0,60.31333333333334,16.904666666666667
Sabarkantha,2024,12,17.976129032258065,0.5700000000000001,55.03935483870968,14.456451612903225
Sabarkantha,2025,1,19.720645161290324,0.0,39.05548387096774,16.581935483870968
Sabarkantha,2025,2,24.04357142857143,0.0,24.78214285714285,19.78642857142857
Sabarkantha,2025,3,28.71903225806452,0.0,18.358709677419355,23.40741935483871
Sabarkantha,2025,4,33.113,0.14,19.908,25.853666666666665
Sabarkantha,2025,5,32.832903225806454,83.73,50.00387096774193,23.74129032258065
Sabarkantha,2025,6,30.941666666666663,186.19,65.65533333333333,18.186333333333334
Sabarkantha,2025,7,27.686451612903223,301.97,85.72774193548386,14.095806451612903
Sabarkantha,2025,8,27.294838709677418,230.6,86.17129032258065,14.843870967741934
Sabarkantha,2025,9,26.364666666666665,153.25,86.78933333333333,16.085
Sabarkantha,2025,10,24.65225806451613,94.98,76.44548387096773,16.43
Sabarkantha,2025,11,20.513,8.01,68.556,16.068333333333335
Sabarkantha,2025,12,19.033870967741933,0.0,58.4183870967742,16.01290322580645
Sabarkantha,2026,1,18.61,0.02,49.31225806451613,15.55
Sabarkantha,2026,2,24.249642857142856,0.06,36.315714285714286,17.984285714285715
Sabarkantha,2026,3,28.997096774193547,2.71,26.524193548387096,22.64032258064516
Sabarkantha,2026,4,32.17733333333333,0.29,25.043666666666663,25.002666666666663
Sabarkantha,2026,5,35.71064516129032,2.54,30.317741935483877,26.575806451612905
Sabarkantha,2026,6,35.10433333333333,22.05,45.275666666666666,22.659666666666663
Sabarkantha,2026,7,30.14258064516129,360.62,72.00258064516129,14.547419354838713
Sabarkantha,2026,8,26.80933333333333,180.46,89.404,13.453214285714283
Surat,2015,1,22.72483870967742,1.97,41.01,16.37709677419355
Surat,2015,2,25.625714285714285,0.13,40.79678571428571,20.052857142857142
Surat,2015,3,28.50064516129032,15.05,40.75903225806452,22.64741935483871
Surat,2015,4,30.39033333333333,8.959999999999999,56.809333333333335,24.723666666666663
Surat,2015,5,32.85322580645161,1.87,55.538387096774194,26.59032258064516
Surat,2015,6,29.30033333333333,513.63,77.815,19.68133333333333
Surat,2015,7,27.59258064516129,236.76,84.51032258064517,16.316129032258065
Surat,2015,8,27.155806451612904,83.72999999999999,84.79354838709678,17.54290322580645
Surat,2015,9,27.03933333333333,434.56,82.376,18.584
Surat,2015,10,27.90419354838709,17.400000000000002,67.47032258064516,19.036129032258064
Surat,2015,11,26.866666666666667,2.1100000000000003,52.14866666666667,16.131333333333334
Surat,2015,12,24.44709677419355,0.0,26.093870967741932,16.386129032258065
Surat,2016,1,23.73741935483871,0.0,30.531935483870967,16.913225806451614
Surat,2016,2,25.69,0.04,39.00793103448276,19.80034482758621
Surat,2016,3,29.67806451612903,1.45,39.57774193548387,23.14516129032258
Surat,2016,4,31.329,0.05,49.35966666666666,25.74633333333333
Surat,2016,5,32.61129032258064,6.46,57.82806451612903,25.77774193548387
Surat,2016,6,30.965333333333334,133.14,68.00166666666667,21.808666666666667
Surat,2016,7,27.188064516129035,544.6800000000001,87.69677419354838,14.406451612903227
Surat,2016,8,26.484516129032254,340.62,89.05193548387098,14.47741935483871
Surat,2016,9,26.365333333333336,271.21,86.79033333333334,17.642
Surat,2016,10,25.575483870967744,91.31,73.29290322580646,17.708064516129035
Surat,2016,11,23.28,0.0,52.23566666666667,17.935
Surat,2016,12,23.84451612903226,0.0,33.063870967741934,16.91322580645161
Surat,2017,1,23.321290322580648,0.0,34.842580645161284,16.760645161290324
Surat,2017,2,26.43392857142857,0.0,28.826785714285712,20.501785714285717
Surat,2017,3,28.633548387096774,0.02,38.74548387096774,24.07322580645161
Surat,2017,4,30.869000000000003,0.0,46.022333333333336,26.779666666666667
Surat,2017,5,32.80258064516129,2.15,55.04612903225807,26.35451612903226
Surat,2017,6,29.837333333333333,269.26,77.07933333333334,21.231333333333332
Surat,2017,7,27.13935483870968,580.14,88.00806451612904,14.306774193548389
Surat,2017,8,26.787096774193547,357.39,88.16709677419354,15.956451612903225
Surat,2017,9,27.25633333333333,119.98,85.176,18.129666666666665
Surat,2017,10,27.306451612903224,49.17,69.32806451612903,19.083870967741937
Surat,2017,11,24.45533333333333,0.0,51.65766666666666,16.631333333333334
Surat,2017,12,22.651935483870968,28.39,48.28935483870968,12.98032258064516
Surat,2018,1,24.091290322580647,0.0,34.10387096774193,16.586451612903225
Surat,2018,2,26.982142857142858,0.0,32.20928571428571,18.693571428571428
Surat,2018,3,29.54806451612903,0.03,37.73870967741936,22.78548387096774
Surat,2018,4,31.56033333333333,0.07,50.66733333333333,25.988
Surat,2018,5,32.57806451612903,0.02,55.76290322580645,26.111612903225808
Surat,2018,6,30.446666666666665,206.38,71.93366666666667,20.908666666666665
Surat,2018,7,26.92129032258064,830.6,89.55193548387098,11.839354838709676
Surat,2018,8,26.333225806451612,187.73,87.82225806451613,14.456774193548387
Surat,2018,9,26.37133333333333,57.66,81.61366666666666,19.284333333333333
Surat,2018,10,28.84064516129032,4.84,51.72677419354839,19.537096774193547
Surat,2018,11,27.881,0.69,32.28433333333333,16.741
Surat,2018,12,22.96225806451613,0.0,27.80935483870968,15.45483870967742
Surat,2019,1,21.791612903225804,0.01,26.572903225806453,16.95193548387097
Surat,2019,2,24.170357142857146,0.01,37.52464285714286,19.52
Surat,2019,3,27.85258064516129,0.0,38.44967741935484,23.903548387096773
Surat,2019,4,31.965666666666667,1.86,46.14966666666667,25.98133333333333
Surat,2019,5,32.0041935483871,0.05,54.52516129032258,26.94516129032258
Surat,2019,6,30.55333333333333,281.87,70.93066666666667,20.60666666666667
Surat,2019,7,27.87548387096774,604.9,87.51870967741935,16.328387096774193
Surat,2019,8,26.7241935483871,498.96,89.50064516129032,14.235161290322582
Surat,2019,9,26.80633333333333,506.73,91.097,13.978666666666667
Surat,2019,10,26.127741935483872,71.63,83.52354838709678,17.298709677419353
Surat,2019,11,24.639666666666663,32.44,77.012,14.473
Surat,2019,12,22.741612903225807,0.1699999999999999,67.73258064516129,13.994516129032258
Surat,2020,1,21.215806451612902,0.0,53.42741935483871,16.119032258064514
Surat,2020,2,25.34344827586207,0.0,34.39586206896552,19.401724137931037
Surat,2020,3,27.16967741935484,2.83,45.65225806451613,22.690967741935484
Surat,2020,4,32.46,0.41,44.24766666666667,25.949
Surat,2020,5,33.47516129032258,2.5,52.59838709677419,27.116774193548387
Surat,2020,6,29.075,313.78,79.55133333333333,19.82333333333333
Surat,2020,7,27.88387096774193,446.47,87.89612903225807,19.101935483870967
Surat,2020,8,27.031290322580645,889.97,91.52741935483871,13.297741935483872
Surat,2020,9,27.392,203.32,87.55966666666667,17.071666666666665
Surat,2020,10,26.97,30.88,76.98838709677419,18.69935483870968
Surat,2020,11,24.172666666666665,0.39,63.796,16.408333333333335
Surat,2020,12,23.03548387096774,31.05,58.26677419354839,14.693870967741937
Surat,2021,1,23.700645161290325,2.18,41.83096774193548,15.823225806451612
Surat,2021,2,25.851785714285715,0.8800000000000001,34.40642857142857,19.974642857142857
Surat,2021,3,29.60967741935484,0.14,36.44935483870968,23.94741935483871
Surat,2021,4,31.432333333333336,4.37,50.051,24.891666666666666
Surat,2021,5,31.781290322580645,127.2,59.59354838709677,22.886451612903222
Surat,2021,6,29.235666666666667,283.31,78.325,20.46433333333333
Surat,2021,7,28.01290322580645,254.53,84.37258064516129,16.648387096774194
Surat,2021,8,26.69225806451613,287.09,86.80548387096773,15.705806451612904
Surat,2021,9,26.73733333333333,657.4,90.715,13.959666666666667
Surat,2021,10,26.101290322580645,44.34,78.9541935483871,18.635806451612904
Surat,2021,11,24.35033333333333,18.14,73.60866666666668,15.411666666666669
Surat,2021,12,21.57451612903226,52.29,69.2825806451613,12.561935483870968
Surat,2022,1,20.776129032258066,0.45,55.09129032258064,16.24258064516129
Surat,2022,2,24.00107142857143,0.0,48.75714285714286,20.735000000000003
Surat,2022,3,30.15064516129032,0.68,31.355806451612903,22.085806451612903
Surat,2022,4,32.477000000000004,0.0,45.83133333333333,25.14466666666667
Surat,2022,5,32.15838709677419,3.19,58.52548387096774,25.300967741935484
Surat,2022,6,30.031,198.48,72.21833333333333,21.17366666666667
Surat,2022,7,26.856129032258064,829.66,90.27806451612904,14.13
Surat,2022,8,26.621935483870967,407.07,88.79903225806451,17.065161290322582
Surat,2022,9,26.904,330.12,88.265,16.866333333333333
Surat,2022,10,25.38096774193549,94.1,78.15645161290323,18.201290322580647
Surat,2022,11,23.314666666666668,0.0,63.073,17.442999999999998
Surat,2022,12,24.0841935483871,4.24,53.82064516129032,14.767096774193549
Surat,2023,1,22.23032258064516,0.07,41.07064516129032,15.830645161290322
Surat,2023,2,26.342857142857145,0.0,23.795357142857146,21.262857142857143
Surat,2023,3,28.40032258064516,13.92,40.82645161290322,20.26806451612903
Surat,2023,4,30.744000000000003,11.08,45.881,24.360666666666663
Surat,2023,5,32.07290322580645,11.97,55.31516129032258,26.69290322580645
Surat,2023,6,30.43433333333333,291.71,69.73166666666665,19.963666666666665
Surat,2023,7,27.46903225806452,737.22,89.65,13.846129032258066
Surat,2023,8,26.75741935483871,44.72,86.40483870967742,15.07
Surat,2023,9,27.401666666666664,214.9,85.88266666666667,16.179666666666666
Surat,2023,10,27.2758064516129,0.66,67.98,19.30322580645161
Surat,2023,11,26.081666666666667,36.82,53.21033333333333,14.532
Surat,2023,12,24.28258064516129,0.79,53.33677419354839,13.468709677419351
Surat,2024,1,23.63225806451613,0.16,37.08903225806451,15.508064516129032
Surat,2024,2,26.04862068965517,0.02,36.52965517241379,19.07793103448276
Surat,2024,3,28.15,0.8400000000000001,39.56225806451613,23.346129032258062
Surat,2024,4,32.49933333333333,0.5800000000000001,42.842,24.581666666666667
Surat,2024,5,34.02451612903226,3.04,50.32677419354839,25.46516129032258
Surat,2024,6,31.34333333333333,168.51,68.99499999999999,20.248
Surat,2024,7,27.767419354838708,684.6899999999999,89.39322580645161,12.601612903225806
Surat,2024,8,27.16354838709677,436.84,89.44935483870967,13.577741935483871
Surat,2024,9,26.73433333333333,414.88,89.56333333333333,15.681666666666668
Surat,2024,10,27.11193548387097,112.72,83.27774193548387,17.219354838709677
Surat,2024,11,22.91133333333333,0.0,71.42733333333334,16.476666666666667
Surat,2024,12,21.61870967741936,3.0900000000000003,62.87096774193548,14.352580645161291
Surat,2025,1,23.39483870967742,0.0,42.57,16.236451612903224
Surat,2025,2,26.749642857142856,0.0,31.476785714285715,19.998214285714287
Surat,2025,3,29.804516129032255,0.0,32.52612903225807,23.34354838709677
Surat,2025,4,32.30266666666667,1.39,44.736,25.667
Surat,2025,5,30.554193548387094,112.66,68.91387096774193,21.318064516129034
Surat,2025,6,29.285666666666668,443.17,79.514,16.76
Surat,2025,7,27.156129032258065,390.07,89.02903225806452,13.36741935483871
Surat,2025,8,26.796774193548387,313.47,88.59193548387097,14.78935483870968
Surat,2025,9,26.434666666666665,323.56,88.73266666666667,14.755333333333333
Surat,2025,10,25.94451612903226,133.52,81.95774193548387,15.941290322580643
Surat,2025,11,22.422666666666665,8.11,70.18633333333334,16.548
Surat,2025,12,22.105483870967745,0.01,51.16774193548388,16.0841935483871
Surat,2026,1,22.99870967741936,0.03,47.552903225806446,14.83290322580645
Surat,2026,2,26.982857142857146,0.98,40.84428571428572,16.964642857142856
Surat,2026,3,29.787419354838708,4.359999999999999,39.39322580645162,23.90806451612903
Surat,2026,4,31.635666666666665,7.52,47.978,24.973000000000003
Surat,2026,5,33.47548387096774,0.44,53.67580645161291,26.325806451612905
Surat,2026,6,31.838,100.85,65.742,22.339
Surat,2026,7,27.86290322580645,1164.3,88.45032258064516,11.810645161290322
Surat,2026,8,26.54433333333333,215.06,90.79433333333331,13.350714285714286
Surendranagar,2015,1,19.92774193548387,5.27,38.3716129032258,16.462258064516128
Surendranagar,2015,2,24.40357142857143,0.2,33.01392857142857,20.02785714285714
Surendranagar,2015,3,27.651935483870968,16.65,33.402903225806455,22.053870967741933
Surendranagar,2015,4,32.695,13.1,36.727,24.755
Surendranagar,2015,5,35.130645161290325,5.33,39.20903225806452,27.11709677419355
Surendranagar,2015,6,32.092333333333336,226.46,62.236666666666665,20.92866666666667
Surendranagar,2015,7,29.89774193548387,241.39,71.79064516129033,16.796451612903223
Surendranagar,2015,8,29.20354838709677,22.81,74.0009677419355,18.552258064516128
Surendranagar,2015,9,29.394333333333336,125.76,67.34233333333333,19.674333333333333
Surendranagar,2015,10,29.464193548387097,0.07,51.04677419354839,19.330645161290324
Surendranagar,2015,11,26.312666666666665,0.01,37.55433333333334,16.244666666666667
Surendranagar,2015,12,21.27548387096774,0.0,20.671612903225807,16.357096774193547
Surendranagar,2016,1,21.676774193548383,0.0,28.63967741935484,16.76258064516129
Surendranagar,2016,2,24.007241379310347,0.0,24.176896551724138,19.49344827586207
Surendranagar,2016,3,29.596451612903227,0.81,27.956451612903223,23.06032258064516
Surendranagar,2016,4,32.27366666666667,0.0,35.367,25.575333333333333
Surendranagar,2016,5,35.57290322580645,0.44,39.00225806451613,26.34354838709677
Surendranagar,2016,6,34.07533333333333,23.59,50.52066666666667,22.87933333333333
Surendranagar,2016,7,30.228387096774195,141.39,70.21064516129033,15.710967741935484
Surendranagar,2016,8,28.65129032258065,204.42,77.24225806451612,14.618387096774194
Surendranagar,2016,9,28.368666666666662,94.98,72.57266666666666,19.784
Surendranagar,2016,10,26.826129032258063,55.86,65.2258064516129,18.011612903225807
Surendranagar,2016,11,23.555333333333333,0.0,42.399,17.498333333333335
Surendranagar,2016,12,22.096451612903227,0.0,34.980645161290326,16.50258064516129
Surendranagar,2017,1,20.90774193548387,0.0,30.97,16.56935483870968
Surendranagar,2017,2,24.464642857142856,0.0,24.8625,20.27607142857143
Surendranagar,2017,3,28.33677419354839,0.0,25.55258064516129,23.904516129032256
Surendranagar,2017,4,32.382666666666665,0.0,30.048333333333336,26.74233333333333
Surendranagar,2017,5,35.46290322580645,2.09,35.309677419354834,26.65838709677419
Surendranagar,2017,6,32.77466666666667,118.03,60.92733333333333,21.617666666666665
Surendranagar,2017,7,28.31870967741936,517.01,80.81483870967742,13.064193548387095
Surendranagar,2017,8,27.9383870967742,179.57999999999998,82.47451612903225,16.41774193548387
Surendranagar,2017,9,27.921,57.45,78.70100000000001,18.505666666666663
Surendranagar,2017,10,27.738064516129032,3.68,59.483548387096775,19.46483870967742
Surendranagar,2017,11,23.295666666666666,0.0,45.49966666666667,16.442333333333334
Surendranagar,2017,12,20.293225806451613,8.450000000000001,45.99193548387097,13.121290322580643
Surendranagar,2018,1,21.425161290322578,0.0,29.806129032258063,16.40774193548387
Surendranagar,2018,2,25.229285714285712,0.0,27.05178571428572,18.738928571428573
Surendranagar,2018,3,29.23483870967742,0.0,27.84258064516129,23.673870967741934
Surendranagar,2018,4,33.16766666666667,0.0,30.616,25.932666666666663
Surendranagar,2018,5,35.56870967741936,0.0,35.50032258064516,26.52387096774193
Surendranagar,2018,6,34.95066666666666,20.63,48.076,21.322
Surendranagar,2018,7,29.621290322580645,214.78,73.66709677419354,13.416451612903227
Surendranagar,2018,8,28.307419354838707,153.77,76.29645161290323,14.070645161290322
Surendranagar,2018,9,28.25933333333333,28.92,68.386,19.24233333333333
Surendranagar,2018,10,29.450645161290325,0.5700000000000001,44.80032258064516,19.51516129032258
Surendranagar,2018,11,26.115666666666662,0.0,30.002,16.734666666666666
Surendranagar,2018,12,20.25709677419355,0.0,26.491935483870968,15.279032258064516
Surendranagar,2019,1,19.606129032258064,0.03,25.49516129032258,16.98741935483871
Surendranagar,2019,2,22.602857142857143,0.02,31.098214285714285,19.61142857142857
Surendranagar,2019,3,27.450000000000003,0.0,28.100967741935484,23.406451612903226
Surendranagar,2019,4,33.35333333333333,1.62,28.965666666666667,25.997666666666664
Surendranagar,2019,5,34.08806451612903,0.18,39.08419354838709,27.008709677419358
Surendranagar,2019,6,33.57333333333334,133.7,54.87133333333333,21.159
Surendranagar,2019,7,30.95354838709677,154.66,68.46419354838709,17.05548387096774
Surendranagar,2019,8,27.931290322580644,387.38,83.16258064516128,14.822258064516127
Surendranagar,2019,9,27.733666666666668,331.96,87.52066666666666,14.151000000000002
Surendranagar,2019,10,26.187419354838703,40.45,79.88483870967741,18.17290322580645
Surendranagar,2019,11,23.80633333333333,12.03,79.04566666666666,15.006666666666666
Surendranagar,2019,12,18.714193548387097,0.03,70.50903225806452,14.084516129032258
Surendranagar,2020,1,17.387096774193548,0.01,58.380967741935486,16.16741935483871
Surendranagar,2020,2,22.1796551724138,0.0,36.9196551724138,19.388620689655173
Surendranagar,2020,3,26.48483870967742,3.46,34.75935483870968,22.528709677419357
Surendranagar,2020,4,33.61066666666667,0.0,29.179,25.921333333333333
Surendranagar,2020,5,35.49903225806452,0.26,37.899677419354845,27.486129032258063
Surendranagar,2020,6,31.585666666666665,168.07,66.50066666666666,21.07
Surendranagar,2020,7,29.89741935483871,178.54,76.97838709677418,18.20290322580645
Surendranagar,2020,8,28.227096774193548,536.78,85.57032258064515,13.79516129032258
Surendranagar,2020,9,28.073,116.86,82.77266666666667,18.345666666666663
Surendranagar,2020,10,26.90419354838709,26.4,71.8025806451613,19.2041935483871
Surendranagar,2020,11,21.557,0.0,63.21266666666667,16.512333333333334
Surendranagar,2020,12,19.981612903225805,7.1000000000000005,55.21354838709677,15.01258064516129
Surendranagar,2021,1,19.051290322580645,0.0,40.71741935483871,16.344193548387096
Surendranagar,2021,2,24.094285714285714,0.0,32.25071428571429,19.646071428571428
Surendranagar,2021,3,29.65,0.0,27.544516129032257,23.86935483870968
Surendranagar,2021,4,33.078,0.56,30.659,25.362
Surendranagar,2021,5,33.710967741935484,87.1,45.92064516129032,23.850967741935484
Surendranagar,2021,6,32.344,160.05,60.266333333333336,21.023666666666667
Surendranagar,2021,7,30.378709677419355,98.27,70.03645161290324,16.575483870967744
Surendranagar,2021,8,29.779032258064515,55.43,68.00161290322582,16.324516129032258
Surendranagar,2021,9,28.264333333333337,337.05,82.92733333333334,13.433666666666666
Surendranagar,2021,10,26.62161290322581,6.32,71.36096774193548,19.087741935483876
Surendranagar,2021,11,23.387666666666668,1.86,61.874,15.439666666666666
Surendranagar,2021,12,20.258064516129032,8.33,57.16290322580645,13.378387096774194
Surendranagar,2022,1,18.95193548387097,1.4700000000000002,49.24806451612904,16.183225806451613
Surendranagar,2022,2,23.383928571428573,0.0,36.54107142857143,20.403214285714284
Surendranagar,2022,3,30.041935483870965,0.0,23.718709677419355,22.956129032258065
Surendranagar,2022,4,34.06033333333333,0.0,27.584333333333333,25.675666666666665
Surendranagar,2022,5,35.18193548387097,0.0,39.17580645161291,25.585806451612903
Surendranagar,2022,6,33.253,52.97,54.188,22.020333333333333
Surendranagar,2022,7,28.482258064516127,345.88,81.31935483870969,15.013548387096774
Surendranagar,2022,8,27.875806451612902,186.83,82.74741935483871,15.378064516129031
Surendranagar,2022,9,27.606333333333332,122.72,81.788,18.75
Surendranagar,2022,10,26.524516129032257,27.64,65.70161290322581,19.080967741935485
Surendranagar,2022,11,23.605666666666664,0.01,52.388333333333335,17.090333333333334
Surendranagar,2022,12,21.49451612903226,2.33,46.05870967741935,15.378064516129031
Surendranagar,2023,1,19.17225806451613,0.71,36.60354838709677,16.190645161290323
Surendranagar,2023,2,24.557142857142857,0.0,26.385357142857146,21.117142857142856
Surendranagar,2023,3,28.20870967741936,22.93,36.05258064516129,20.28
Surendranagar,2023,4,31.482000000000003,11.08,35.083666666666666,24.031333333333336
Surendranagar,2023,5,33.82709677419355,24.49,42.26129032258064,26.001612903225805
Surendranagar,2023,6,31.831,184.79,61.85333333333333,20.231
Surendranagar,2023,7,28.926129032258064,383.35,83.02870967741936,14.668709677419356
Surendranagar,2023,8,27.976451612903222,13.77,79.19064516129032,14.38258064516129
Surendranagar,2023,9,28.78833333333333,157.5,76.25433333333334,17.84
Surendranagar,2023,10,27.91967741935484,1.31,61.03709677419355,19.52064516129032
Surendranagar,2023,11,24.353666666666665,32.5,52.56966666666666,15.098666666666666
Surendranagar,2023,12,21.437096774193545,0.7600000000000001,52.44064516129033,13.72967741935484
Surendranagar,2024,1,20.64516129032258,0.23,37.30903225806451,15.941612903225806
Surendranagar,2024,2,24.250344827586208,0.0,29.30862068965517,19.14448275862069
Surendranagar,2024,3,27.753870967741936,3.06,28.035806451612903,23.298709677419357
Surendranagar,2024,4,32.720666666666666,0.15,31.50933333333333,24.648666666666667
Surendranagar,2024,5,36.05838709677419,7.2,34.66935483870968,25.568064516129034
Surendranagar,2024,6,34.47566666666667,102.11,51.83266666666667,21.549
Surendranagar,2024,7,30.384516129032257,190.34,75.94451612903227,13.895806451612902
Surendranagar,2024,8,28.77290322580645,360.71,80.10064516129032,12.876451612903226
Surendranagar,2024,9,27.828333333333333,186.03,82.80333333333333,17.118
Surendranagar,2024,10,27.455161290322582,35.01,77.71774193548387,17.368709677419353
Surendranagar,2024,11,23.191666666666663,0.0,62.64233333333333,16.508
Surendranagar,2024,12,18.11258064516129,0.02,55.91580645161291,14.549032258064516
Surendranagar,2025,1,19.820967741935487,0.0,44.08709677419355,16.432903225806452
Surendranagar,2025,2,24.690357142857145,0.0,31.2125,19.580714285714286
Surendranagar,2025,3,29.348387096774196,0.0,23.16516129032258,23.94903225806452
Surendranagar,2025,4,33.73566666666667,0.57,27.604666666666667,26.455
Surendranagar,2025,5,33.13935483870968,90.62,53.58096774193548,23.246451612903225
Surendranagar,2025,6,31.34766666666667,271.02,67.59866666666667,16.991
Surendranagar,2025,7,28.62548387096774,216.01,81.86548387096774,13.826451612903226
Surendranagar,2025,8,28.40806451612903,141.13,80.80774193548388,14.728387096774194
Surendranagar,2025,9,27.709666666666667,153.85,80.91766666666668,16.179666666666666
Surendranagar,2025,10,26.113225806451613,92.79,73.60516129032258,16.32741935483871
Surendranagar,2025,11,21.62933333333333,18.99,67.743,16.160333333333334
Surendranagar,2025,12,19.93870967741936,0.12,59.799032258064514,15.655806451612902
Surendranagar,2026,1,19.04387096774193,0.23,47.15451612903226,15.847741935483873
Surendranagar,2026,2,24.868214285714284,0.05,37.90107142857143,18.19964285714286
Surendranagar,2026,3,29.471612903225807,6.92,34.66161290322581,23.161612903225805
Surendranagar,2026,4,32.56033333333333,4.33,34.33533333333333,25.351666666666667
Surendranagar,2026,5,35.91967741935484,0.54,38.20677419354839,26.96935483870968
Surendranagar,2026,6,35.538000000000004,27.63,46.231,22.441666666666663
Surendranagar,2026,7,30.24903225806452,347.22,73.16290322580646,13.095806451612903
Surendranagar,2026,8,28.022666666666662,132.56,81.57300000000001,13.168928571428571
Tapi,2015,1,22.72483870967742,1.97,41.01,16.54612903225806
Tapi,2015,2,25.625714285714285,0.13,40.79678571428571,20.03642857142857
Tapi,2015,3,28.50064516129032,15.05,40.75903225806452,22.430967741935483
Tapi,2015,4,30.39033333333333,8.959999999999999,56.809333333333335,24.66633333333333
Tapi,2015,5,32.85322580645161,1.87,55.538387096774194,26.63096774193548
Tapi,2015,6,29.30033333333333,513.63,77.815,18.827
Tapi,2015,7,27.59258064516129,236.76,84.51032258064517,14.428387096774191
Tapi,2015,8,27.155806451612904,83.72999999999999,84.79354838709678,14.909032258064515
Tapi,2015,9,27.03933333333333,434.56,82.376,17.562666666666665
Tapi,2015,10,27.90419354838709,17.400000000000002,67.47032258064516,19.116774193548387
Tapi,2015,11,26.866666666666667,2.1100000000000003,52.14866666666667,16.050333333333334
Tapi,2015,12,24.44709677419355,0.0,26.093870967741932,16.595806451612905
Tapi,2016,1,23.73741935483871,0.0,30.531935483870967,16.997096774193547
Tapi,2016,2,25.69,0.04,39.00793103448276,19.94448275862069
Tapi,2016,3,29.67806451612903,1.45,39.57774193548387,23.13
Tapi,2016,4,31.329,0.05,49.35966666666666,25.979333333333333
Tapi,2016,5,32.61129032258064,6.46,57.82806451612903,25.76
Tapi,2016,6,30.965333333333334,133.14,68.00166666666667,20.69533333333333
Tapi,2016,7,27.188064516129035,544.6800000000001,87.69677419354838,12.434516129032255
Tapi,2016,8,26.484516129032254,340.62,89.05193548387098,12.871612903225806
Tapi,2016,9,26.365333333333336,271.21,86.79033333333334,15.578
Tapi,2016,10,25.575483870967744,91.31,73.29290322580646,17.59225806451613
Tapi,2016,11,23.28,0.0,52.23566666666667,18.063666666666663
Tapi,2016,12,23.84451612903226,0.0,33.063870967741934,17.106129032258064
Tapi,2017,1,23.321290322580648,0.0,34.842580645161284,16.682580645161288
Tapi,2017,2,26.43392857142857,0.0,28.826785714285712,20.608571428571427
Tapi,2017,3,28.633548387096774,0.02,38.74548387096774,24.28903225806452
Tapi,2017,4,30.869000000000003,0.0,46.022333333333336,26.952333333333332
Tapi,2017,5,32.80258064516129,2.15,55.04612903225807,26.552258064516128
Tapi,2017,6,29.837333333333333,269.26,77.07933333333334,19.03533333333333
Tapi,2017,7,27.13935483870968,580.14,88.00806451612904,13.182903225806452
Tapi,2017,8,26.787096774193547,357.39,88.16709677419354,13.62548387096774
Tapi,2017,9,27.25633333333333,119.98,85.176,17.027333333333335
Tapi,2017,10,27.306451612903224,49.17,69.32806451612903,19.291290322580643
Tapi,2017,11,24.45533333333333,0.0,51.65766666666666,16.705333333333336
Tapi,2017,12,22.651935483870968,28.39,48.28935483870968,13.32967741935484
Tapi,2018,1,24.091290322580647,0.0,34.10387096774193,16.95258064516129
Tapi,2018,2,26.982142857142858,0.0,32.20928571428571,18.908214285714283
Tapi,2018,3,29.54806451612903,0.03,37.73870967741936,22.98354838709677
Tapi,2018,4,31.56033333333333,0.07,50.66733333333333,25.768
Tapi,2018,5,32.57806451612903,0.02,55.76290322580645,26.39258064516129
Tapi,2018,6,30.446666666666665,206.38,71.93366666666667,19.501
Tapi,2018,7,26.92129032258064,830.6,89.55193548387098,11.066774193548389
Tapi,2018,8,26.333225806451612,187.73,87.82225806451613,12.845806451612903
Tapi,2018,9,26.37133333333333,57.66,81.61366666666666,18.189666666666668
Tapi,2018,10,28.84064516129032,4.84,51.72677419354839,20.00225806451613
Tapi,2018,11,27.881,0.69,32.28433333333333,17.02466666666667
Tapi,2018,12,22.96225806451613,0.0,27.80935483870968,15.798387096774194
Tapi,2019,1,21.791612903225804,0.01,26.572903225806453,17.42290322580645
Tapi,2019,2,24.170357142857146,0.01,37.52464285714286,19.533214285714283
Tapi,2019,3,27.85258064516129,0.0,38.44967741935484,24.20258064516129
Tapi,2019,4,31.965666666666667,1.86,46.14966666666667,26.101333333333333
Tapi,2019,5,32.0041935483871,0.05,54.52516129032258,27.41290322580645
Tapi,2019,6,30.55333333333333,281.87,70.93066666666667,20.51333333333333
Tapi,2019,7,27.87548387096774,604.9,87.51870967741935,14.29967741935484
Tapi,2019,8,26.7241935483871,498.96,89.50064516129032,12.100645161290323
Tapi,2019,9,26.80633333333333,506.73,91.097,12.954666666666666
Tapi,2019,10,26.127741935483872,71.63,83.52354838709678,16.904838709677417
Tapi,2019,11,24.639666666666663,32.44,77.012,14.996666666666666
Tapi,2019,12,22.741612903225807,0.1699999999999999,67.73258064516129,13.931290322580644
Tapi,2020,1,21.215806451612902,0.0,53.42741935483871,16.04516129032258
Tapi,2020,2,25.34344827586207,0.0,34.39586206896552,19.776206896551724
Tapi,2020,3,27.16967741935484,2.83,45.65225806451613,22.90935483870968
Tapi,2020,4,32.46,0.41,44.24766666666667,26.03533333333333
Tapi,2020,5,33.47516129032258,2.5,52.59838709677419,27.32
Tapi,2020,6,29.075,313.78,79.55133333333333,18.767666666666667
Tapi,2020,7,27.88387096774193,446.47,87.89612903225807,17.11806451612903
Tapi,2020,8,27.031290322580645,889.97,91.52741935483871,11.325806451612904
Tapi,2020,9,27.392,203.32,87.55966666666667,15.637
Tapi,2020,10,26.97,30.88,76.98838709677419,18.49870967741936
Tapi,2020,11,24.172666666666665,0.39,63.796,16.330666666666666
Tapi,2020,12,23.03548387096774,31.05,58.26677419354839,14.583870967741936
Tapi,2021,1,23.700645161290325,2.18,41.83096774193548,15.588387096774191
Tapi,2021,2,25.851785714285715,0.8800000000000001,34.40642857142857,19.880714285714284
Tapi,2021,3,29.60967741935484,0.14,36.44935483870968,23.833870967741937
Tapi,2021,4,31.432333333333336,4.37,50.051,24.88433333333333
Tapi,2021,5,31.781290322580645,127.2,59.59354838709677,22.85451612903226
Tapi,2021,6,29.235666666666667,283.31,78.325,18.85533333333333
Tapi,2021,7,28.01290322580645,254.53,84.37258064516129,14.803870967741936
Tapi,2021,8,26.69225806451613,287.09,86.80548387096773,12.968709677419351
Tapi,2021,9,26.73733333333333,657.4,90.715,12.351333333333336
Tapi,2021,10,26.101290322580645,44.34,78.9541935483871,18.17225806451613
Tapi,2021,11,24.35033333333333,18.14,73.60866666666668,15.65
Tapi,2021,12,21.57451612903226,52.29,69.2825806451613,12.946774193548388
Tapi,2022,1,20.776129032258066,0.45,55.09129032258064,16.14516129032258
Tapi,2022,2,24.00107142857143,0.0,48.75714285714286,20.584642857142857
Tapi,2022,3,30.15064516129032,0.68,31.355806451612903,22.15387096774193
Tapi,2022,4,32.477000000000004,0.0,45.83133333333333,25.552666666666667
Tapi,2022,5,32.15838709677419,3.19,58.52548387096774,25.491935483870968
Tapi,2022,6,30.031,198.48,72.21833333333333,20.556
Tapi,2022,7,26.856129032258064,829.66,90.27806451612904,12.11516129032258
Tapi,2022,8,26.621935483870967,407.07,88.79903225806451,14.068709677419356
Tapi,2022,9,26.904,330.12,88.265,15.185
Tapi,2022,10,25.38096774193549,94.1,78.15645161290323,18.391290322580645
Tapi,2022,11,23.314666666666668,0.0,63.073,17.516666666666666
Tapi,2022,12,24.0841935483871,4.24,53.82064516129032,15.11483870967742
Tapi,2023,1,22.23032258064516,0.07,41.07064516129032,16.043870967741935
Tapi,2023,2,26.342857142857145,0.0,23.795357142857146,21.65
Tapi,2023,3,28.40032258064516,13.92,40.82645161290322,20.482903225806453
Tapi,2023,4,30.744000000000003,11.08,45.881,24.221
Tapi,2023,5,32.07290322580645,11.97,55.31516129032258,26.46903225806452
Tapi,2023,6,30.43433333333333,291.71,69.73166666666665,19.162666666666667
Tapi,2023,7,27.46903225806452,737.22,89.65,12.34
Tapi,2023,8,26.75741935483871,44.72,86.40483870967742,13.383548387096774
Tapi,2023,9,27.401666666666664,214.9,85.88266666666667,14.063666666666668
Tapi,2023,10,27.2758064516129,0.66,67.98,19.850967741935484
Tapi,2023,11,26.081666666666667,36.82,53.21033333333333,15.185666666666666
Tapi,2023,12,24.28258064516129,0.79,53.33677419354839,13.967419354838707
Tapi,2024,1,23.63225806451613,0.16,37.08903225806451,15.737741935483871
Tapi,2024,2,26.04862068965517,0.02,36.52965517241379,19.38172413793104
Tapi,2024,3,28.15,0.8400000000000001,39.56225806451613,23.60322580645161
Tapi,2024,4,32.49933333333333,0.5800000000000001,42.842,24.330666666666666
Tapi,2024,5,34.02451612903226,3.04,50.32677419354839,25.61741935483871
Tapi,2024,6,31.34333333333333,168.51,68.99499999999999,19.366333333333333
Tapi,2024,7,27.767419354838708,684.6899999999999,89.39322580645161,11.033870967741937
Tapi,2024,8,27.16354838709677,436.84,89.44935483870967,12.07
Tapi,2024,9,26.73433333333333,414.88,89.56333333333333,12.899333333333336
Tapi,2024,10,27.11193548387097,112.72,83.27774193548387,17.16516129032258
Tapi,2024,11,22.91133333333333,0.0,71.42733333333334,16.527666666666665
Tapi,2024,12,21.61870967741936,3.0900000000000003,62.87096774193548,14.46032258064516
Tapi,2025,1,23.39483870967742,0.0,42.57,16.460645161290323
Tapi,2025,2,26.749642857142856,0.0,31.476785714285715,20.086071428571422
Tapi,2025,3,29.804516129032255,0.0,32.52612903225807,23.83709677419355
Tapi,2025,4,32.30266666666667,1.39,44.736,25.63433333333333
Tapi,2025,5,30.554193548387094,112.66,68.91387096774193,20.817741935483877
Tapi,2025,6,29.285666666666668,443.17,79.514,16.275
Tapi,2025,7,27.156129032258065,390.07,89.02903225806452,11.760967741935485
Tapi,2025,8,26.796774193548387,313.47,88.59193548387097,12.165806451612903
Tapi,2025,9,26.434666666666665,323.56,88.73266666666667,12.731666666666666
Tapi,2025,10,25.94451612903226,133.52,81.95774193548387,16.12516129032258
Tapi,2025,11,22.422666666666665,8.11,70.18633333333334,16.458333333333332
Tapi,2025,12,22.105483870967745,0.01,51.16774193548388,16.432258064516127
Tapi,2026,1,22.99870967741936,0.03,47.552903225806446,14.847096774193547
Tapi,2026,2,26.982857142857146,0.98,40.84428571428572,17.386785714285715
Tapi,2026,3,29.787419354838708,4.359999999999999,39.39322580645162,24.04967741935484
Tapi,2026,4,31.635666666666665,7.52,47.978,25.09
Tapi,2026,5,33.47548387096774,0.44,53.67580645161291,26.263548387096773
Tapi,2026,6,31.838,100.85,65.742,21.01966666666667
Tapi,2026,7,27.86290322580645,1164.3,88.45032258064516,10.966451612903224
Tapi,2026,8,26.54433333333333,215.06,90.79433333333331,12.927857142857144
Vadodara,2015,1,19.916129032258063,6.460000000000001,44.324516129032254,16.198387096774194
Vadodara,2015,2,24.6975,0.18,30.4325,19.979285714285712
Vadodara,2015,3,27.90129032258065,18.47,33.52225806451613,22.43548387096774
Vadodara,2015,4,31.977,18.04,40.09933333333333,25.018
Vadodara,2015,5,35.58709677419355,4.77,34.68193548387097,27.351612903225806
Vadodara,2015,6,31.666666666666668,237.31,64.77566666666667,20.64333333333333
Vadodara,2015,7,29.10225806451613,285.07,76.80129032258066,14.688709677419356
Vadodara,2015,8,27.885483870967743,40.6,82.92999999999999,15.577419354838709
Vadodara,2015,9,28.227666666666668,173.84,75.26866666666666,18.73933333333333
Vadodara,2015,10,28.44677419354839,1.0,55.57387096774193,19.32
Vadodara,2015,11,26.497,0.15,39.35533333333333,16.131666666666668
Vadodara,2015,12,21.663870967741936,0.0,22.81,16.506774193548388
Vadodara,2016,1,22.357741935483872,0.0,26.41064516129032,16.807741935483868
Vadodara,2016,2,24.819655172413796,0.0,24.257241379310347,19.82793103448276
Vadodara,2016,3,29.84193548387097,0.93,25.188064516129035,23.234193548387097
Vadodara,2016,4,32.565000000000005,0.0,30.137666666666668,25.70833333333333
Vadodara,2016,5,35.5958064516129,0.3399999999999999,39.064193548387095,26.436451612903223
Vadodara,2016,6,33.943333333333335,35.62,50.78966666666667,21.808333333333334
Vadodara,2016,7,29.811290322580643,187.74,72.44516129032259,13.701290322580643
Vadodara,2016,8,27.56290322580645,249.38,84.78806451612903,12.617096774193548
Vadodara,2016,9,27.345,112.62,80.86999999999999,18.263
Vadodara,2016,10,26.226774193548387,48.66,67.28032258064516,17.90290322580645
Vadodara,2016,11,23.361,0.0,41.89533333333333,17.897666666666666
Vadodara,2016,12,22.076129032258063,0.0,32.96193548387097,16.84741935483871
Vadodara,2017,1,21.63064516129032,0.0,31.620645161290323,16.444193548387098
Vadodara,2017,2,25.020000000000003,0.0,23.233214285714286,20.318214285714284
Vadodara,2017,3,28.73032258064516,0.0,21.041935483870965,24.345483870967744
Vadodara,2017,4,32.17166666666667,0.0,30.76233333333333,27.101333333333333
Vadodara,2017,5,35.64096774193549,2.8000000000000003,34.47709677419355,26.76290322580645
Vadodara,2017,6,32.58833333333333,136.44,62.00666666666667,21.251
Vadodara,2017,7,27.991935483870968,513.11,83.24645161290321,12.97
Vadodara,2017,8,27.33451612903226,192.24,87.12161290322581,14.371612903225806
Vadodara,2017,9,27.44233333333333,63.08,83.60233333333333,17.096333333333334
Vadodara,2017,10,26.64741935483871,2.82,63.75645161290323,19.11903225806452
Vadodara,2017,11,23.337333333333333,0.0,45.176,16.518
Vadodara,2017,12,20.91290322580645,11.83,43.21032258064516,12.98258064516129
Vadodara,2018,1,22.128387096774198,0.0,29.52935483870968,16.614838709677418
Vadodara,2018,2,25.805,0.0,24.672500000000003,18.74392857142857
Vadodara,2018,3,29.57935483870968,0.0,22.45709677419355,23.13225806451613
Vadodara,2018,4,33.172333333333334,0.0,27.453,26.046666666666667
Vadodara,2018,5,35.39354838709678,0.0,35.98096774193549,26.81225806451613
Vadodara,2018,6,34.097,40.05,52.650333333333336,21.11133333333333
Vadodara,2018,7,28.698709677419355,357.51,80.10548387096775,12.481612903225807
Vadodara,2018,8,27.032258064516128,194.83,85.43903225806451,13.001290322580646
Vadodara,2018,9,26.848,41.02,78.20133333333334,17.954333333333334
Vadodara,2018,10,28.666129032258063,0.02,46.09935483870967,20.06032258064516
Vadodara,2018,11,25.71033333333333,0.0,33.27366666666667,16.829666666666665
Vadodara,2018,12,20.677096774193547,0.0,26.078387096774197,15.483870967741936
Vadodara,2019,1,19.89290322580645,0.0,23.65935483870968,17.031290322580645
Vadodara,2019,2,22.889285714285712,0.01,27.714642857142856,19.393214285714286
Vadodara,2019,3,27.70451612903226,0.0,24.071290322580648,24.02709677419355
Vadodara,2019,4,33.55766666666667,1.32,25.790666666666667,26.310666666666663
Vadodara,2019,5,34.47806451612903,0.02,36.50258064516129,27.785806451612903
Vadodara,2019,6,33.400666666666666,141.97,56.52133333333334,21.69
Vadodara,2019,7,29.772258064516127,269.71000000000004,76.79096774193549,15.88483870967742
Vadodara,2019,8,27.21161290322581,494.08,89.0583870967742,12.34
Vadodara,2019,9,27.26533333333333,321.37,90.93166666666666,12.785333333333334
Vadodara,2019,10,25.634516129032257,38.92,83.36258064516129,17.423548387096773
Vadodara,2019,11,23.57633333333333,8.370000000000001,81.59033333333333,14.904333333333334
Vadodara,2019,12,19.044516129032257,0.05,75.59258064516129,13.692903225806452
Vadodara,2020,1,18.04548387096774,0.0,58.885161290322586,15.77516129032258
Vadodara,2020,2,22.549310344827585,0.0,38.24896551724138,19.656206896551723
Vadodara,2020,3,26.39354838709677,5.279999999999999,37.29290322580645,22.48258064516129
Vadodara,2020,4,33.753,0.01,25.27433333333333,26.173
Vadodara,2020,5,35.905806451612904,0.2,33.31096774193548,27.966451612903228
Vadodara,2020,6,31.212,167.9,68.01299999999999,19.972
Vadodara,2020,7,29.376451612903224,183.31,80.11,18.032258064516128
Vadodara,2020,8,27.960645161290323,588.98,87.91483870967743,12.232903225806451
Vadodara,2020,9,27.83,123.55,85.91366666666666,16.631333333333334
Vadodara,2020,10,26.256129032258062,14.32,75.21129032258065,18.86483870967742
Vadodara,2020,11,21.674666666666667,0.0,67.55133333333333,16.347666666666665
Vadodara,2020,12,20.91935483870968,10.68,54.65741935483871,14.558064516129033
Vadodara,2021,1,20.86709677419355,0.01,40.913548387096775,15.35
Vadodara,2021,2,24.314642857142854,0.0,28.62107142857143,19.585714285714285
Vadodara,2021,3,29.71322580645161,0.0,22.91032258064516,23.700645161290325
Vadodara,2021,4,32.86633333333334,0.12,30.558333333333334,25.316666666666663
Vadodara,2021,5,33.72774193548387,87.2,44.950967741935486,23.80516129032258
Vadodara,2021,6,30.994666666666667,223.53,68.29333333333334,20.125
Vadodara,2021,7,29.316129032258065,129.73,77.26193548387097,15.703225806451613
Vadodara,2021,8,28.885161290322586,76.78999999999999,73.93129032258064,14.431935483870967
Vadodara,2021,9,27.712666666666667,376.29,87.141,12.734666666666667
Vadodara,2021,10,25.798387096774192,30.62,77.72258064516129,18.651612903225807
Vadodara,2021,11,22.757,3.56,68.27666666666667,15.564
Vadodara,2021,12,20.490967741935485,15.57,60.97096774193548,12.456774193548387
Vadodara,2022,1,19.124193548387098,1.08,50.65225806451613,15.818709677419356
Vadodara,2022,2,23.006428571428568,0.0,35.91678571428572,20.490714285714287
Vadodara,2022,3,30.32,0.01,20.750967741935483,22.37967741935484
Vadodara,2022,4,33.85766666666667,0.0,24.177000000000003,25.788
Vadodara,2022,5,35.17935483870968,0.01,39.06161290322581,25.633548387096774
Vadodara,2022,6,32.812,76.46,56.04366666666667,22.043
Vadodara,2022,7,27.96451612903226,468.25,85.38032258064516,14.10225806451613
Vadodara,2022,8,27.338064516129037,206.36,87.27935483870968,14.310645161290322
Vadodara,2022,9,27.29733333333333,104.76,86.78999999999999,16.712333333333333
Vadodara,2022,10,25.20903225806452,54.7,73.85258064516128,18.97903225806452
Vadodara,2022,11,22.894,0.0,57.772333333333336,17.221999999999998
Vadodara,2022,12,22.057419354838707,13.42,53.31032258064516,14.993870967741936
Vadodara,2023,1,19.38741935483871,1.01,42.12,15.746129032258064
Vadodara,2023,2,24.810357142857143,0.0,22.4825,21.58142857142857
Vadodara,2023,3,28.300645161290323,14.18,34.18741935483871,20.765806451612903
Vadodara,2023,4,31.639333333333333,6.050000000000001,30.991666666666667,24.75133333333333
Vadodara,2023,5,34.17225806451613,18.45,38.49516129032258,26.89483870967742
Vadodara,2023,6,31.91166666666667,185.57,60.968,19.23033333333333
Vadodara,2023,7,28.5458064516129,447.69,86.43774193548387,14.446774193548388
Vadodara,2023,8,27.20258064516129,23.65,85.66096774193548,13.753548387096776
Vadodara,2023,9,27.718666666666664,222.37,84.01666666666667,15.035333333333334
Vadodara,2023,10,26.438064516129035,0.28,69.00387096774193,19.911612903225805
Vadodara,2023,11,24.188666666666663,33.82,54.708,14.909333333333333
Vadodara,2023,12,22.12290322580645,2.31,56.00806451612903,13.561612903225807
Vadodara,2024,1,20.92258064516129,0.45,43.03677419354839,15.155806451612902
Vadodara,2024,2,24.60172413793104,0.0,29.44793103448276,19.17310344827586
Vadodara,2024,3,27.98483870967742,2.03,24.09193548387097,23.546451612903223
Vadodara,2024,4,33.043,0.1,27.402,24.003
Vadodara,2024,5,36.39290322580646,5.52,30.86387096774193,25.81290322580645
Vadodara,2024,6,34.28433333333333,115.36,52.866,21.251
Vadodara,2024,7,29.357741935483872,342.03000000000003,82.23290322580644,13.129677419354838
Vadodara,2024,8,27.728387096774195,467.91,87.72451612903225,12.953225806451613
Vadodara,2024,9,27.150666666666663,317.37,89.17966666666666,13.761333333333331
Vadodara,2024,10,26.75516129032258,32.36,83.02741935483871,17.441612903225806
Vadodara,2024,11,21.939,0.0,71.73366666666668,16.262
Vadodara,2024,12,18.313870967741934,0.0699999999999999,67.89387096774193,14.30935483870968
Vadodara,2025,1,20.02290322580645,0.0,50.11935483870968,16.206129032258065
Vadodara,2025,2,24.2575,0.0,33.79071428571429,19.7825
Vadodara,2025,3,29.30258064516129,0.0,21.895806451612906,23.956774193548387
Vadodara,2025,4,33.675,0.28,25.41,25.999333333333333
Vadodara,2025,5,32.7341935483871,110.97,55.16709677419355,22.554516129032255
Vadodara,2025,6,30.880333333333333,298.22,70.46233333333333,17.420333333333335
Vadodara,2025,7,27.85709677419355,276.36,86.88451612903226,13.330645161290322
Vadodara,2025,8,27.52709677419355,196.62,86.63193548387098,13.469032258064518
Vadodara,2025,9,26.944666666666667,195.27,86.875,14.475666666666664
Vadodara,2025,10,25.38806451612903,116.41,80.51516129032258,16.855806451612903
Vadodara,2025,11,20.936333333333334,15.59,74.24666666666667,16.279666666666667
Vadodara,2025,12,19.608064516129037,0.0,60.49967741935484,16.168709677419354
Vadodara,2026,1,20.01516129032258,0.0,50.58967741935484,14.8
Vadodara,2026,2,25.13,0.22,40.68107142857143,17.25357142857143
Vadodara,2026,3,29.68193548387097,3.72,28.943870967741937,23.916129032258063
Vadodara,2026,4,32.844,3.13,29.245,25.239
Vadodara,2026,5,36.020645161290325,0.76,36.824516129032254,26.815161290322585
Vadodara,2026,6,34.815333333333335,31.59,50.00966666666667,22.328666666666667
Vadodara,2026,7,29.93193548387097,449.01,76.06741935483872,13.04225806451613
Vadodara,2026,8,27.041,334.88,90.678,13.485
Valsad,2015,1,23.049354838709675,2.15,41.24290322580645,16.630967741935486
Valsad,2015,2,25.568214285714284,0.22,40.35285714285714,20.2925
Valsad,2015,3,27.996451612903225,25.06,43.52322580645161,22.92419354838709
Valsad,2015,4,29.72833333333333,7.98,58.065333333333335,24.683
Valsad,2015,5,31.947741935483872,4.39,58.31096774193548,25.53548387096774
Valsad,2015,6,28.575666666666667,531.7,79.72833333333332,17.674
Valsad,2015,7,26.97774193548387,275.37,86.34258064516129,16.226129032258065
Valsad,2015,8,26.41548387096774,102.89,87.35354838709678,17.129677419354838
Valsad,2015,9,26.256,432.92,84.96133333333334,18.016
Valsad,2015,10,27.28161290322581,32.86,70.58774193548386,17.833225806451615
Valsad,2015,11,26.376666666666665,4.4,56.20366666666666,15.729666666666668
Valsad,2015,12,25.00967741935484,0.0,27.62548387096774,16.33290322580645
Valsad,2016,1,23.906451612903226,0.0,31.549032258064518,17.068064516129034
Valsad,2016,2,25.39275862068965,0.79,42.20068965517241,19.856551724137933
Valsad,2016,3,29.25193548387097,1.97,41.41096774193549,22.90129032258065
Valsad,2016,4,30.587,0.15,52.809,25.337333333333333
Valsad,2016,5,31.67774193548387,13.34,60.63967741935484,25.01870967741936
Valsad,2016,6,30.033,228.45,71.41833333333334,19.532666666666668
Valsad,2016,7,26.43290322580645,696.4,90.38935483870968,12.321290322580644
Valsad,2016,8,25.884838709677418,488.69,90.49451612903223,14.612903225806452
Valsad,2016,9,25.644333333333336,409.78,89.11200000000001,16.352
Valsad,2016,10,24.79741935483871,88.11999999999999,76.1383870967742,17.698387096774194
Valsad,2016,11,23.315,0.0,51.546,17.794666666666668
Valsad,2016,12,24.45193548387097,0.0,32.70967741935484,16.98483870967742
Valsad,2017,1,23.553870967741933,0.0,35.148709677419355,16.988709677419354
Valsad,2017,2,26.5325,0.0,29.994642857142857,20.318214285714284
Valsad,2017,3,28.20870967741936,0.17,41.59032258064516,23.608387096774194
Valsad,2017,4,30.27433333333333,0.01,48.17833333333333,25.92233333333333
Valsad,2017,5,31.92774193548387,5.24,57.40193548387097,25.128387096774198
Valsad,2017,6,28.903666666666663,357.93,80.88166666666666,19.293333333333333
Valsad,2017,7,26.557419354838707,722.64,89.92387096774193,14.243225806451614
Valsad,2017,8,26.190967741935484,401.4,89.49258064516128,16.072903225806453
Valsad,2017,9,26.632,197.72,87.05766666666666,18.83333333333333
Valsad,2017,10,26.662258064516127,77.17,71.86258064516129,18.485806451612905
Valsad,2017,11,24.007,0.01,55.91933333333333,16.834666666666667
Valsad,2017,12,22.574193548387097,42.05,52.85548387096774,13.193870967741937
Valsad,2018,1,23.981290322580644,0.0,36.520967741935486,16.361612903225804
Valsad,2018,2,26.74607142857143,0.06,33.300714285714285,18.95142857142857
Valsad,2018,3,29.10258064516129,0.13,39.94096774193549,22.25032258064516
Valsad,2018,4,30.799333333333333,0.22,51.72733333333333,25.146
Valsad,2018,5,31.71935483870968,0.08,57.96774193548387,24.6858064516129
Valsad,2018,6,29.469,302.3,75.85666666666665,18.93433333333333
Valsad,2018,7,26.328387096774197,902.09,91.00967741935484,10.248709677419354
Valsad,2018,8,25.77516129032258,198.34,89.17258064516129,14.82967741935484
Valsad,2018,9,25.776666666666664,55.95,83.57633333333334,19.782
Valsad,2018,10,28.181290322580644,11.96,54.885161290322586,19.12967741935484
Valsad,2018,11,27.832,1.69,34.126,16.903
Valsad,2018,12,23.361612903225808,0.01,29.19,15.61774193548387
Valsad,2019,1,22.278709677419357,0.08,26.945161290322584,17.04258064516129
Valsad,2019,2,24.193571428571428,0.03,38.769642857142856,19.773571428571422
Valsad,2019,3,27.541935483870965,0.0,40.43451612903226,23.794193548387096
Valsad,2019,4,31.13833333333333,3.39,48.93066666666667,25.30933333333333
Valsad,2019,5,31.13193548387097,0.08,57.4858064516129,26.48064516129032
Valsad,2019,6,29.859,288.4,72.643,19.060666666666663
Valsad,2019,7,27.16516129032258,784.26,89.73935483870967,14.59
Valsad,2019,8,26.196129032258067,513.0,90.49451612903223,14.553548387096772
Valsad,2019,9,26.275666666666663,601.3,91.92533333333334,13.456666666666669
Valsad,2019,10,25.767096774193547,97.81,84.07483870967742,16.692258064516132
Valsad,2019,11,24.529666666666667,37.75,76.49233333333333,15.366
Valsad,2019,12,23.307741935483868,0.44,66.77290322580646,13.295806451612904
Valsad,2020,1,21.714193548387097,0.01,52.31483870967742,16.206129032258065
Valsad,2020,2,25.63413793103448,0.0,33.93689655172414,19.18586206896552
Valsad,2020,3,26.870967741935484,1.61,46.95290322580645,23.050645161290323
Valsad,2020,4,31.611666666666668,1.31,48.101,25.308
Valsad,2020,5,32.5283870967742,4.07,55.844193548387096,26.19451612903226
Valsad,2020,6,28.352666666666668,362.81,81.67800000000001,19.59633333333333
Valsad,2020,7,27.25193548387097,472.68,89.37032258064517,17.40516129032258
Valsad,2020,8,26.510645161290324,922.84,92.60290322580646,11.504516129032258
Valsad,2020,9,26.745,238.03,89.181,17.02466666666667
Valsad,2020,10,26.64032258064516,55.45,78.7441935483871,18.34193548387097
Valsad,2020,11,24.42533333333333,0.72,64.37899999999999,16.322
Valsad,2020,12,23.526129032258066,23.86,57.38677419354839,14.33258064516129
Valsad,2021,1,24.243870967741938,3.96,42.01967741935484,15.94064516129032
Valsad,2021,2,25.947142857142858,2.68,34.75178571428571,19.267142857142854
Valsad,2021,3,29.33129032258065,0.49,36.61387096774193,23.18
Valsad,2021,4,30.738666666666667,8.25,51.70399999999999,23.903666666666663
Valsad,2021,5,30.923870967741934,152.64,62.5,21.80838709677419
Valsad,2021,6,28.38133333333333,314.78,81.66333333333334,19.064
Valsad,2021,7,27.307741935483868,364.2,86.84225806451613,16.01451612903226
Valsad,2021,8,26.057096774193543,363.06,88.80225806451612,15.131290322580645
Valsad,2021,9,26.174,630.66,91.79033333333334,14.013666666666667
Valsad,2021,10,25.63258064516129,47.73,80.46000000000001,18.52967741935484
Valsad,2021,11,24.752666666666663,21.880000000000003,73.29866666666666,15.221
Valsad,2021,12,21.791290322580643,62.35,69.27129032258064,13.478064516129033
Valsad,2022,1,21.065161290322585,1.04,55.487096774193546,16.329354838709676
Valsad,2022,2,24.023571428571422,0.01,47.7,20.654642857142857
Valsad,2022,3,29.83935483870968,1.51,33.3716129032258,21.61387096774193
Valsad,2022,4,31.772,0.06,48.281333333333336,24.057666666666663
Valsad,2022,5,31.247741935483877,12.21,61.65387096774194,23.950322580645164
Valsad,2022,6,29.275666666666663,220.94,74.54633333333332,19.838
Valsad,2022,7,26.311612903225804,1008.37,91.15709677419356,12.369354838709675
Valsad,2022,8,26.056774193548385,482.34,90.05516129032259,16.627741935483872
Valsad,2022,9,26.223666666666663,436.29,90.19033333333331,15.490666666666666
Valsad,2022,10,24.94483870967742,118.16,79.87322580645161,17.960645161290323
Valsad,2022,11,23.223000000000003,0.0,62.699333333333335,16.972666666666665
Valsad,2022,12,24.48354838709677,3.87,52.137741935483874,14.718709677419351
Valsad,2023,1,22.63516129032258,0.03,40.6283870967742,16.25483870967742
Valsad,2023,2,26.56107142857143,0.0,22.5,20.798214285714288
Valsad,2023,3,28.04516129032258,13.04,41.832580645161286,20.368387096774192
Valsad,2023,4,30.194000000000003,9.76,47.14333333333333,23.737666666666662
Valsad,2023,5,31.27193548387097,12.09,58.2541935483871,25.618387096774192
Valsad,2023,6,29.694666666666667,370.4,71.82733333333334,19.00633333333333
Valsad,2023,7,26.815483870967743,803.7,91.21354838709676,12.64774193548387
Valsad,2023,8,26.218064516129036,68.10000000000001,87.72451612903225,16.201290322580647
Valsad,2023,9,26.761333333333333,249.14,87.99333333333334,15.563
Valsad,2023,10,26.728064516129034,1.92,70.39354838709677,18.424838709677417
Valsad,2023,11,25.959,26.17,55.67866666666667,15.096333333333332
Valsad,2023,12,24.871290322580645,0.48,50.26677419354839,13.952258064516128
Valsad,2024,1,23.986129032258063,0.36,37.09064516129032,16.0
Valsad,2024,2,26.01793103448276,0.05,38.09379310344828,19.52586206896552
Valsad,2024,3,27.88258064516129,0.8700000000000001,42.357419354838704,23.047096774193548
Valsad,2024,4,31.89966666666667,0.8200000000000001,46.09366666666666,23.77233333333333
Valsad,2024,5,33.053870967741936,7.11,54.14645161290323,24.30516129032258
Valsad,2024,6,30.201666666666664,217.2,74.055,19.004666666666665
Valsad,2024,7,27.136774193548387,766.06,90.90129032258064,10.368709677419355
Valsad,2024,8,26.69516129032258,507.84,90.3158064516129,13.751935483870968
Valsad,2024,9,26.187666666666665,474.94,90.55533333333332,15.765666666666668
Valsad,2024,10,26.72870967741936,140.37,83.78870967741935,17.36193548387097
Valsad,2024,11,23.061333333333334,0.0,69.47166666666666,15.577333333333334
Valsad,2024,12,22.381290322580643,6.12,61.75290322580645,14.363870967741937
Valsad,2025,1,24.16548387096774,0.0,40.23645161290322,15.808709677419357
Valsad,2025,2,26.90642857142857,0.01,31.389285714285712,19.687142857142856
Valsad,2025,3,29.56,0.12,34.37193548387096,22.627741935483872
Valsad,2025,4,31.601333333333333,2.17,47.284666666666666,24.480666666666664
Valsad,2025,5,29.74483870967742,149.95,71.49612903225807,19.521612903225805
Valsad,2025,6,28.33133333333333,555.05,83.48033333333333,15.63
Valsad,2025,7,26.621935483870967,408.94,90.1916129032258,13.158064516129032
Valsad,2025,8,26.191612903225806,405.67,90.11032258064516,14.366774193548387
Valsad,2025,9,25.78933333333333,443.2,90.56166666666668,13.735333333333331
Valsad,2025,10,25.710645161290323,125.18,82.34709677419356,16.471612903225807
Valsad,2025,11,22.66433333333333,5.74,68.36133333333333,16.877333333333333
Valsad,2025,12,22.771290322580644,0.02,47.571612903225805,15.481612903225807
Valsad,2026,1,23.48354838709677,0.22,46.88709677419355,14.560645161290322
Valsad,2026,2,26.830714285714286,0.37,42.09071428571429,17.548928571428572
Valsad,2026,3,29.455806451612904,5.15,41.71870967741936,23.308387096774197
Valsad,2026,4,30.949666666666666,9.87,51.08466666666666,24.412333333333333
Valsad,2026,5,32.589354838709674,1.24,57.23290322580645,24.60903225806452
Valsad,2026,6,30.98933333333333,147.73000000000002,68.78566666666667,20.557
Valsad,2026,7,27.276774193548388,1370.07,90.16193548387096,10.84258064516129
Valsad,2026,8,25.983666666666668,237.85,92.112,13.580714285714285
