District,Plant,Agri_Year,Yield_kg_ha,Season_Avg_Temp_C,Season_Total_Rainfall_mm,Season_Avg_Humidity_pct,Latitude,Longitude,Dominant_Soil_Texture,SLUSI_pH_Category,SLUSI_Salinity,SLUSI_OC_Class,SLUSI_N_Class,SLUSI_P_Class,SLUSI_K_Class,District_pH_Estimate,Optimal_Temp_Min_C,Optimal_Temp_Max_C,Optimal_Rainfall_Min_mm,Optimal_Rainfall_Max_mm,Optimal_pH_Min,Optimal_pH_Max,N_Pests_Documented,N_Diseases_Documented,Fungal_Disease_Present,Heat_Stress_C,Rainfall_Stress_mm,pH_Stress,Biotic_Risk_Base,Biotic_Risk_Adjusted,Heat_Stress_C_zscore,Rainfall_Stress_mm_zscore,pH_Stress_zscore,Biotic_Risk_Adjusted_zscore
Kutch,Isabgol,2019-20,731.95,25.83985045111853,777.1999999999999,65.54811061673463,23.242,69.6669,loam,Slightly alkaline,Non-saline,Low,Low,High,Medium,8.0,20.0,35.0,500.0,1250.0,7.2,7.9,2,1,True,0.0,0.0,0.09999999999999964,3,3,0.0,-0.45326064928215715,-0.8583950752789513,0.0
Banaskantha,Isabgol,2019-20,1164.48,26.277947966876777,935.47,56.51920729823261,24.1719,72.4383,loam,Slightly alkaline,Non-saline,Low,Low,High,Medium,8.0,20.0,35.0,500.0,1250.0,7.2,7.9,2,1,True,0.0,0.0,0.09999999999999964,3,3,0.0,-0.45326064928215715,-0.8583950752789513,0.0
Patan,Isabgol,2019-20,825.31,26.95353633667038,818.38,55.42824839327648,23.8493,72.1266,loam,Slightly alkaline,Non-saline,Low,Low,High,High,8.0,20.0,35.0,500.0,1250.0,7.2,7.9,2,1,True,0.0,0.0,0.09999999999999964,3,3,0.0,-0.45326064928215715,-0.8583950752789513,0.0
Mehsana,Isabgol,2019-20,825.31,26.73433045977012,939.08,57.29664457421827,23.588,72.3693,loam,Slightly alkaline,Non-saline,Low,Low,High,High,8.0,20.0,35.0,500.0,1250.0,7.2,7.9,2,1,True,0.0,0.0,0.09999999999999964,3,3,0.0,-0.45326064928215715,-0.8583950752789513,0.0
Sabarkantha,Isabgol,2019-20,0.0,26.3798087690026,939.02,58.22741252626375,23.5989,72.9661,loam,Slightly alkaline,Non-saline,Low,Low,High,High,8.0,20.0,35.0,500.0,1250.0,7.2,7.9,2,1,True,0.0,0.0,0.09999999999999964,3,3,0.0,-0.45326064928215715,-0.8583950752789513,0.0
Aravalli,Isabgol,2019-20,0.0,26.3798087690026,939.02,58.22741252626375,23.4625,73.2985,sandy clay loam,Slightly alkaline,Non-saline,Low,Low,High,High,8.0,20.0,35.0,500.0,1250.0,7.2,7.9,2,1,True,0.0,0.0,0.09999999999999964,3,3,0.0,-0.45326064928215715,-0.8583950752789513,0.0
Gandhinagar,Isabgol,2019-20,0.0,26.81233744283772,1041.17,59.802591892225934,23.2156,72.6369,loam,Slightly alkaline,Non-saline,Medium,Low,High,High,8.0,20.0,35.0,500.0,1250.0,7.2,7.9,2,1,True,0.0,0.0,0.09999999999999964,3,3,0.0,-0.45326064928215715,-0.8583950752789513,0.0
Ahmedabad,Isabgol,2019-20,825.31,26.81233744283772,1041.17,59.802591892225934,23.0225,72.5714,loam,Slightly alkaline,Non-saline,Medium,Low,High,High,8.0,20.0,35.0,500.0,1250.0,7.2,7.9,2,1,True,0.0,0.0,0.09999999999999964,3,3,0.0,-0.45326064928215715,-0.8583950752789513,0.0
Surendranagar,Isabgol,2019-20,825.31,26.839450655048815,1098.31,61.01885836114201,22.7271,71.6486,sandy clay loam,Slightly alkaline,Non-saline,Medium,Low,High,High,8.0,20.0,35.0,500.0,1250.0,7.2,7.9,2,1,True,0.0,0.0,0.09999999999999964,3,3,0.0,-0.45326064928215715,-0.8583950752789513,0.0
Morbi,Isabgol,2019-20,825.31,26.652774039055743,884.5600000000001,61.35483011988629,22.812,70.8236,loam,Slightly alkaline,Non-saline,Medium,Medium,Medium,Medium,8.0,20.0,35.0,500.0,1250.0,7.2,7.9,2,1,True,0.0,0.0,0.09999999999999964,3,3,0.0,-0.45326064928215715,-0.8583950752789513,0.0
Rajkot,Isabgol,2019-20,0.0,26.159521567173403,1048.21,64.28576446051169,22.3039,70.8022,sandy clay loam,Slightly alkaline,Non-saline,Medium,Medium,Medium,Medium,8.0,20.0,35.0,500.0,1250.0,7.2,7.9,2,1,True,0.0,0.0,0.09999999999999964,3,3,0.0,-0.45326064928215715,-0.8583950752789513,0.0
Jamnagar,Isabgol,2019-20,0.0,26.26152329749104,943.12,68.75967772834014,22.4707,70.0577,sandy clay loam,Slightly alkaline,Non-saline,Medium,Medium,High,Medium,8.0,20.0,35.0,500.0,1250.0,7.2,7.9,2,1,True,0.0,0.0,0.09999999999999964,3,3,0.0,-0.45326064928215715,-0.8583950752789513,0.0
Devbhumi Dwarka,Isabgol,2019-20,0.0,26.14012235817575,1109.59,65.83710990606848,22.206,70.026,loam,Slightly alkaline,Non-saline,Medium,Medium,High,Medium,8.0,20.0,35.0,500.0,1250.0,7.2,7.9,2,1,True,0.0,0.0,0.09999999999999964,3,3,0.0,-0.45326064928215715,-0.8583950752789513,0.0
Porbandar,Isabgol,2019-20,0.0,26.563369206525767,1011.16,74.01297154245458,21.6417,69.6293,sandy clay loam,Slightly alkaline,Non-saline,Medium,Medium,High,Medium,8.0,20.0,35.0,500.0,1250.0,7.2,7.9,2,1,True,0.0,0.0,0.09999999999999964,3,3,0.0,-0.45326064928215715,-0.8583950752789513,0.0
Junagadh,Isabgol,2019-20,825.31,26.071467525645776,1119.61,65.75625809541465,21.5222,70.4579,loamy sand,Slightly alkaline,Non-saline,High,Medium,High,High,8.0,20.0,35.0,500.0,1250.0,7.2,7.9,2,1,True,0.0,0.0,0.09999999999999964,3,3,0.0,-0.45326064928215715,-0.8583950752789513,0.0
Gir Somnath,Isabgol,2019-20,0.0,26.06671758744284,982.85,69.72569135459152,20.907,70.367,loamy sand,Slightly alkaline,Non-saline,High,Medium,High,High,8.0,20.0,35.0,500.0,1250.0,7.2,7.9,2,1,True,0.0,0.0,0.09999999999999964,3,3,0.0,-0.45326064928215715,-0.8583950752789513,0.0
Amreli,Isabgol,2019-20,825.31,26.326066740823137,1096.87,63.938723859844266,21.6032,71.2221,sandy clay loam,Slightly alkaline,Non-saline,High,Medium,High,High,8.0,20.0,35.0,500.0,1250.0,7.2,7.9,2,1,True,0.0,0.0,0.09999999999999964,3,3,0.0,-0.45326064928215715,-0.8583950752789513,0.0
Bhavnagar,Isabgol,2019-20,0.0,26.889539890001235,1179.9199999999998,61.92753772710419,21.7645,72.1519,sandy clay loam,Slightly alkaline,Non-saline,High,Medium,High,High,8.0,20.0,35.0,500.0,1250.0,7.2,7.9,2,1,True,0.0,0.0,0.09999999999999964,3,3,0.0,-0.45326064928215715,-0.8583950752789513,0.0
Botad,Isabgol,2019-20,0.0,26.889539890001235,1179.9199999999998,61.92753772710419,22.1692,71.6672,sandy clay loam,Slightly alkaline,Non-saline,High,Medium,High,High,8.0,20.0,35.0,500.0,1250.0,7.2,7.9,2,1,True,0.0,0.0,0.09999999999999964,3,3,0.0,-0.45326064928215715,-0.8583950752789513,0.0
Anand,Isabgol,2019-20,0.0,26.696976578914843,1305.89,63.195987269805954,22.5645,72.9289,loam,Normal,Non-saline,Medium,Low,High,High,7.0,20.0,35.0,500.0,1250.0,7.2,7.9,2,1,True,0.0,55.8900000000001,0.20000000000000018,3,3,0.0,-0.23417732392881577,1.1649647450214358,0.0
Kheda,Isabgol,2019-20,825.31,26.696976578914843,1305.89,63.195987269805954,22.6916,72.8634,loam,Normal,Non-saline,Medium,Low,High,High,7.0,20.0,35.0,500.0,1250.0,7.2,7.9,2,1,True,0.0,55.8900000000001,0.20000000000000018,3,3,0.0,-0.23417732392881577,1.1649647450214358,0.0
Panchmahal,Isabgol,2019-20,0.0,26.2115785440613,1209.41,61.05677271041898,22.7788,73.6143,sandy clay loam,Normal,Non-saline,Medium,Low,High,High,7.0,20.0,35.0,500.0,1250.0,7.2,7.9,2,1,True,0.0,0.0,0.20000000000000018,3,3,0.0,-0.45326064928215715,1.1649647450214358,0.0
Mahisagar,Isabgol,2019-20,0.0,26.2115785440613,1209.41,61.05677271041898,23.128,73.61,sandy clay loam,Normal,Non-saline,Medium,Low,High,High,7.0,20.0,35.0,500.0,1250.0,7.2,7.9,2,1,True,0.0,0.0,0.20000000000000018,3,3,0.0,-0.45326064928215715,1.1649647450214358,0.0
Dahod,Isabgol,2019-20,0.0,25.253799128661477,1267.49,62.52772005932518,22.839,74.255,sandy clay loam,Normal,Non-saline,Medium,Low,High,High,7.0,20.0,35.0,500.0,1250.0,7.2,7.9,2,1,True,0.0,17.49000000000001,0.20000000000000018,3,3,0.0,-0.3847015624968657,1.1649647450214358,0.0
Vadodara,Isabgol,2019-20,0.0,26.696976578914843,1305.89,63.195987269805954,22.3072,73.1812,loam,Normal,Non-saline,Medium,Low,High,High,7.0,20.0,35.0,500.0,1250.0,7.2,7.9,2,1,True,0.0,55.8900000000001,0.20000000000000018,3,3,0.0,-0.23417732392881577,1.1649647450214358,0.0
Chhota Udepur,Isabgol,2019-20,0.0,26.437091799530343,1448.19,61.94891023977258,22.304,74.016,sandy clay loam,Normal,Non-saline,Medium,Low,High,High,7.0,20.0,35.0,500.0,1250.0,7.2,7.9,2,1,True,0.0,198.19000000000005,0.20000000000000018,3,3,0.0,0.32362473722309704,1.1649647450214358,0.0
Narmada,Isabgol,2019-20,0.0,26.191688851810657,1594.94,63.81306371276728,21.8667,73.5,clay (light),Normal,Non-saline,High,Low,High,High,7.0,20.0,35.0,500.0,1250.0,7.2,7.9,2,1,True,0.0,344.94000000000005,0.20000000000000018,3,3,0.0,0.8988703624799013,1.1649647450214358,0.0
Bharuch,Isabgol,2019-20,0.0,27.006281269311582,1741.12,65.58293696700038,21.7051,72.9959,clay (light),Normal,Non-saline,High,Low,High,High,7.0,20.0,35.0,500.0,1250.0,7.2,7.9,2,1,True,0.0,491.1199999999999,0.20000000000000018,3,3,0.0,1.4718816435704605,1.1649647450214358,0.0
Surat,Isabgol,2019-20,0.0,26.971177141268075,2034.35,67.18811753800519,21.1702,72.8311,clay (light),Normal,Non-saline,High,Medium,High,High,7.0,20.0,35.0,500.0,1250.0,7.2,7.9,2,1,True,0.0,784.3499999999999,0.20000000000000018,3,3,0.0,2.6213145205316373,1.1649647450214358,0.0
Dang,Isabgol,2019-20,0.0,25.642950407860585,1861.68,66.40229158942034,20.757,73.69,loam,Normal,Non-saline,High,Medium,High,High,7.0,20.0,35.0,500.0,1250.0,7.2,7.9,2,1,True,0.0,611.6800000000001,0.20000000000000018,3,3,0.0,1.9444650342414003,1.1649647450214358,0.0
Navsari,Isabgol,2019-20,0.0,26.971177141268075,2034.35,67.18811753800519,20.9467,72.952,clay (light),Normal,Non-saline,High,Medium,High,High,7.0,20.0,35.0,500.0,1250.0,7.2,7.9,2,1,True,0.0,784.3499999999999,0.20000000000000018,3,3,0.0,2.6213145205316373,1.1649647450214358,0.0
Valsad,Isabgol,2019-20,0.0,26.662790168088,2404.37,68.19392596712396,20.5992,72.9342,loam,Normal,Non-saline,High,Medium,High,High,7.0,20.0,35.0,500.0,1250.0,7.2,7.9,2,1,True,0.0,1154.37,0.20000000000000018,3,3,0.0,4.0717566756084524,1.1649647450214358,0.0
Tapi,Isabgol,2019-20,0.0,26.971177141268075,2034.35,67.18811753800519,21.111,73.393,clay (light),Normal,Non-saline,High,Medium,High,High,7.0,20.0,35.0,500.0,1250.0,7.2,7.9,2,1,True,0.0,784.3499999999999,0.20000000000000018,3,3,0.0,2.6213145205316373,1.1649647450214358,0.0
Kutch,Isabgol,2020-21,782.56,25.931136072708654,1106.82,64.54931112391193,23.242,69.6669,loam,Slightly alkaline,Non-saline,Low,Low,High,Medium,8.0,20.0,35.0,500.0,1250.0,7.2,7.9,2,1,True,0.0,0.0,0.09999999999999964,3,3,0.0,-0.45326064928215715,-0.8583950752789513,0.0
Banaskantha,Isabgol,2020-21,625.0,26.766365463389658,1058.08,51.195984318996416,24.1719,72.4383,loam,Slightly alkaline,Non-saline,Low,Low,High,Medium,8.0,20.0,35.0,500.0,1250.0,7.2,7.9,2,1,True,0.0,0.0,0.09999999999999964,3,3,0.0,-0.45326064928215715,-0.8583950752789513,0.0
Patan,Isabgol,2020-21,749.34,27.31138645673323,903.05,50.8058168842806,23.8493,72.1266,loam,Slightly alkaline,Non-saline,Low,Low,High,High,8.0,20.0,35.0,500.0,1250.0,7.2,7.9,2,1,True,0.0,0.0,0.09999999999999964,3,3,0.0,-0.45326064928215715,-0.8583950752789513,0.0
Mehsana,Isabgol,2020-21,749.34,27.08861674347158,1013.59,52.36743900409626,23.588,72.3693,loam,Slightly alkaline,Non-saline,Low,Low,High,High,8.0,20.0,35.0,500.0,1250.0,7.2,7.9,2,1,True,0.0,0.0,0.09999999999999964,3,3,0.0,-0.45326064928215715,-0.8583950752789513,0.0
Sabarkantha,Isabgol,2020-21,0.0,26.917650601638503,988.05,52.13314765745008,23.5989,72.9661,loam,Slightly alkaline,Non-saline,Low,Low,High,High,8.0,20.0,35.0,500.0,1250.0,7.2,7.9,2,1,True,0.0,0.0,0.09999999999999964,3,3,0.0,-0.45326064928215715,-0.8583950752789513,0.0
Aravalli,Isabgol,2020-21,0.0,26.917650601638503,988.05,52.13314765745008,23.4625,73.2985,sandy clay loam,Slightly alkaline,Non-saline,Low,Low,High,High,8.0,20.0,35.0,500.0,1250.0,7.2,7.9,2,1,True,0.0,0.0,0.09999999999999964,3,3,0.0,-0.45326064928215715,-0.8583950752789513,0.0
Gandhinagar,Isabgol,2020-21,0.0,27.19443868407578,1060.48,54.54497907066053,23.2156,72.6369,loam,Slightly alkaline,Non-saline,Medium,Low,High,High,8.0,20.0,35.0,500.0,1250.0,7.2,7.9,2,1,True,0.0,0.0,0.09999999999999964,3,3,0.0,-0.45326064928215715,-0.8583950752789513,0.0
Ahmedabad,Isabgol,2020-21,749.34,27.19443868407578,1060.48,54.54497907066053,23.0225,72.5714,loam,Slightly alkaline,Non-saline,Medium,Low,High,High,8.0,20.0,35.0,500.0,1250.0,7.2,7.9,2,1,True,0.0,0.0,0.09999999999999964,3,3,0.0,-0.45326064928215715,-0.8583950752789513,0.0
Surendranagar,Isabgol,2020-21,749.34,27.21407219662058,1113.39,56.07573335893497,22.7271,71.6486,sandy clay loam,Slightly alkaline,Non-saline,Medium,Low,High,High,8.0,20.0,35.0,500.0,1250.0,7.2,7.9,2,1,True,0.0,0.0,0.09999999999999964,3,3,0.0,-0.45326064928215715,-0.8583950752789513,0.0
Morbi,Isabgol,2020-21,749.34,26.76703027393753,1084.89,59.13132981310804,22.812,70.8236,loam,Slightly alkaline,Non-saline,Medium,Medium,Medium,Medium,8.0,20.0,35.0,500.0,1250.0,7.2,7.9,2,1,True,0.0,0.0,0.09999999999999964,3,3,0.0,-0.45326064928215715,-0.8583950752789513,0.0
Rajkot,Isabgol,2020-21,0.0,26.3167654249872,1208.12,61.48661175115208,22.3039,70.8022,sandy clay loam,Slightly alkaline,Non-saline,Medium,Medium,Medium,Medium,8.0,20.0,35.0,500.0,1250.0,7.2,7.9,2,1,True,0.0,0.0,0.09999999999999964,3,3,0.0,-0.45326064928215715,-0.8583950752789513,0.0
Jamnagar,Isabgol,2020-21,749.34,26.444726318484385,1239.72,66.80002336149514,22.4707,70.0577,sandy clay loam,Slightly alkaline,Non-saline,Medium,Medium,High,Medium,8.0,20.0,35.0,500.0,1250.0,7.2,7.9,2,1,True,0.0,0.0,0.09999999999999964,3,3,0.0,-0.45326064928215715,-0.8583950752789513,0.0
Devbhumi Dwarka,Isabgol,2020-21,0.0,26.2946026625704,1347.5700000000002,63.05590681003584,22.206,70.026,loam,Slightly alkaline,Non-saline,Medium,Medium,High,Medium,8.0,20.0,35.0,500.0,1250.0,7.2,7.9,2,1,True,0.0,97.57000000000016,0.09999999999999964,3,3,0.0,-0.07079580664974501,-0.8583950752789513,0.0
Porbandar,Isabgol,2020-21,0.0,26.98924519969278,1308.68,71.22933627752177,21.6417,69.6293,sandy clay loam,Slightly alkaline,Non-saline,Medium,Medium,High,Medium,8.0,20.0,35.0,500.0,1250.0,7.2,7.9,2,1,True,0.0,58.680000000000064,0.09999999999999964,3,3,0.0,-0.22324079722035606,-0.8583950752789513,0.0
Junagadh,Isabgol,2020-21,749.34,26.332964989759343,1235.5600000000002,61.18705158730159,21.5222,70.4579,loamy sand,Slightly alkaline,Non-saline,High,Medium,High,High,8.0,20.0,35.0,500.0,1250.0,7.2,7.9,2,1,True,0.0,0.0,0.09999999999999964,3,3,0.0,-0.45326064928215715,-0.8583950752789513,0.0
Gir Somnath,Isabgol,2020-21,0.0,26.34512724014337,1211.16,65.84607994111623,20.907,70.367,loamy sand,Slightly alkaline,Non-saline,High,Medium,High,High,8.0,20.0,35.0,500.0,1250.0,7.2,7.9,2,1,True,0.0,0.0,0.09999999999999964,3,3,0.0,-0.45326064928215715,-0.8583950752789513,0.0
Amreli,Isabgol,2020-21,749.34,26.66399731182796,1114.85,58.518354326676906,21.6032,71.2221,sandy clay loam,Slightly alkaline,Non-saline,High,Medium,High,High,8.0,20.0,35.0,500.0,1250.0,7.2,7.9,2,1,True,0.0,0.0,0.09999999999999964,3,3,0.0,-0.45326064928215715,-0.8583950752789513,0.0
Bhavnagar,Isabgol,2020-21,0.0,27.23516922683052,1178.35,56.79114324116744,21.7645,72.1519,sandy clay loam,Slightly alkaline,Non-saline,High,Medium,High,High,8.0,20.0,35.0,500.0,1250.0,7.2,7.9,2,1,True,0.0,0.0,0.09999999999999964,3,3,0.0,-0.45326064928215715,-0.8583950752789513,0.0
Botad,Isabgol,2020-21,0.0,27.23516922683052,1178.35,56.79114324116744,22.1692,71.6672,sandy clay loam,Slightly alkaline,Non-saline,High,Medium,High,High,8.0,20.0,35.0,500.0,1250.0,7.2,7.9,2,1,True,0.0,0.0,0.09999999999999964,3,3,0.0,-0.45326064928215715,-0.8583950752789513,0.0
Anand,Isabgol,2020-21,0.0,27.208412890424984,1231.7,57.30051043266769,22.5645,72.9289,loam,Normal,Non-saline,Medium,Low,High,High,7.0,20.0,35.0,500.0,1250.0,7.2,7.9,2,1,True,0.0,0.0,0.20000000000000018,3,3,0.0,-0.45326064928215715,1.1649647450214358,0.0
Kheda,Isabgol,2020-21,749.34,27.208412890424984,1231.7,57.30051043266769,22.6916,72.8634,loam,Normal,Non-saline,Medium,Low,High,High,7.0,20.0,35.0,500.0,1250.0,7.2,7.9,2,1,True,0.0,0.0,0.20000000000000018,3,3,0.0,-0.45326064928215715,1.1649647450214358,0.0
Panchmahal,Isabgol,2020-21,749.34,26.839494751664105,1079.1,54.85420730926779,22.7788,73.6143,sandy clay loam,Normal,Non-saline,Medium,Low,High,High,7.0,20.0,35.0,500.0,1250.0,7.2,7.9,2,1,True,0.0,0.0,0.20000000000000018,3,3,0.0,-0.45326064928215715,1.1649647450214358,0.0
Mahisagar,Isabgol,2020-21,0.0,26.839494751664105,1079.1,54.85420730926779,23.128,73.61,sandy clay loam,Normal,Non-saline,Medium,Low,High,High,7.0,20.0,35.0,500.0,1250.0,7.2,7.9,2,1,True,0.0,0.0,0.20000000000000018,3,3,0.0,-0.45326064928215715,1.1649647450214358,0.0
Dahod,Isabgol,2020-21,0.0,26.0540975422427,1040.94,55.862932155657965,22.839,74.255,sandy clay loam,Normal,Non-saline,Medium,Low,High,High,7.0,20.0,35.0,500.0,1250.0,7.2,7.9,2,1,True,0.0,0.0,0.20000000000000018,3,3,0.0,-0.45326064928215715,1.1649647450214358,0.0
Vadodara,Isabgol,2020-21,0.0,27.208412890424984,1231.7,57.30051043266769,22.3072,73.1812,loam,Normal,Non-saline,Medium,Low,High,High,7.0,20.0,35.0,500.0,1250.0,7.2,7.9,2,1,True,0.0,0.0,0.20000000000000018,3,3,0.0,-0.45326064928215715,1.1649647450214358,0.0
Chhota Udepur,Isabgol,2020-21,0.0,27.08579665898618,1217.84,56.02263005632361,22.304,74.016,sandy clay loam,Normal,Non-saline,Medium,Low,High,High,7.0,20.0,35.0,500.0,1250.0,7.2,7.9,2,1,True,0.0,0.0,0.20000000000000018,3,3,0.0,-0.45326064928215715,1.1649647450214358,0.0
Narmada,Isabgol,2020-21,0.0,26.81112685611879,1391.4,58.50471850998464,21.8667,73.5,clay (light),Normal,Non-saline,High,Low,High,High,7.0,20.0,35.0,500.0,1250.0,7.2,7.9,2,1,True,0.0,141.4000000000001,0.20000000000000018,3,3,0.0,0.10101350002831759,1.1649647450214358,0.0
Bharuch,Isabgol,2020-21,0.0,27.37149558371736,1844.32,61.72866065028162,21.7051,72.9959,clay (light),Normal,Non-saline,High,Low,High,High,7.0,20.0,35.0,500.0,1250.0,7.2,7.9,2,1,True,0.0,594.3199999999999,0.20000000000000018,3,3,0.0,1.8764155347220939,1.1649647450214358,0.0
Surat,Isabgol,2020-21,0.0,27.34139253712237,2020.16,63.89088965693804,21.1702,72.8311,clay (light),Normal,Non-saline,High,Medium,High,High,7.0,20.0,35.0,500.0,1250.0,7.2,7.9,2,1,True,0.0,770.1600000000001,0.20000000000000018,3,3,0.0,2.5656911104982885,1.1649647450214358,0.0
Dang,Isabgol,2020-21,0.0,26.207404377880184,1797.67,62.45920071684588,20.757,73.69,loam,Normal,Non-saline,High,Medium,High,High,7.0,20.0,35.0,500.0,1250.0,7.2,7.9,2,1,True,0.0,547.6700000000001,0.20000000000000018,3,3,0.0,1.6935521042741903,1.1649647450214358,0.0
Navsari,Isabgol,2020-21,0.0,27.34139253712237,2020.16,63.89088965693804,20.9467,72.952,clay (light),Normal,Non-saline,High,Medium,High,High,7.0,20.0,35.0,500.0,1250.0,7.2,7.9,2,1,True,0.0,770.1600000000001,0.20000000000000018,3,3,0.0,2.5656911104982885,1.1649647450214358,0.0
Valsad,Isabgol,2020-21,0.0,27.055461725550437,2196.38,65.07640508192524,20.5992,72.9342,loam,Normal,Non-saline,High,Medium,High,High,7.0,20.0,35.0,500.0,1250.0,7.2,7.9,2,1,True,0.0,946.3800000000001,0.20000000000000018,3,3,0.0,3.2564562490519786,1.1649647450214358,0.0
Tapi,Isabgol,2020-21,0.0,27.34139253712237,2020.16,63.89088965693804,21.111,73.393,clay (light),Normal,Non-saline,High,Medium,High,High,7.0,20.0,35.0,500.0,1250.0,7.2,7.9,2,1,True,0.0,770.1600000000001,0.20000000000000018,3,3,0.0,2.5656911104982885,1.1649647450214358,0.0
Kutch,Isabgol,2021-22,876.03,26.031809075780853,629.4,65.22398489503328,23.242,69.6669,loam,Slightly alkaline,Non-saline,Low,Low,High,Medium,8.0,20.0,35.0,500.0,1250.0,7.2,7.9,2,1,True,0.0,0.0,0.09999999999999964,3,3,0.0,-0.45326064928215715,-0.8583950752789513,0.0
Banaskantha,Isabgol,2021-22,729.0,27.173551779313872,506.26,48.87810791090629,24.1719,72.4383,loam,Slightly alkaline,Non-saline,Low,Low,High,Medium,8.0,20.0,35.0,500.0,1250.0,7.2,7.9,2,1,True,0.0,0.0,0.09999999999999964,3,3,0.0,-0.45326064928215715,-0.8583950752789513,0.0
Patan,Isabgol,2021-22,806.57,27.83293029953917,452.04,48.48079083461342,23.8493,72.1266,loam,Slightly alkaline,Non-saline,Low,Low,High,High,8.0,20.0,35.0,500.0,1250.0,7.2,7.9,2,1,True,0.0,47.95999999999998,0.09999999999999964,3,3,0.0,-0.2652621471539369,-0.8583950752789513,0.0
Mehsana,Isabgol,2021-22,806.57,27.67792517921147,473.24,49.07956387608807,23.588,72.3693,loam,Slightly alkaline,Non-saline,Low,Low,High,High,8.0,20.0,35.0,500.0,1250.0,7.2,7.9,2,1,True,0.0,26.75999999999999,0.09999999999999964,3,3,0.0,-0.3483640705300476,-0.8583950752789513,0.0
Sabarkantha,Isabgol,2021-22,0.0,27.3020102406554,484.93,49.964027585765486,23.5989,72.9661,loam,Slightly alkaline,Non-saline,Low,Low,High,High,8.0,20.0,35.0,500.0,1250.0,7.2,7.9,2,1,True,0.0,15.069999999999993,0.09999999999999964,3,3,0.0,-0.3941877254482898,-0.8583950752789513,0.0
Aravalli,Isabgol,2021-22,0.0,27.3020102406554,484.93,49.964027585765486,23.4625,73.2985,sandy clay loam,Slightly alkaline,Non-saline,Low,Low,High,High,8.0,20.0,35.0,500.0,1250.0,7.2,7.9,2,1,True,0.0,15.069999999999993,0.09999999999999964,3,3,0.0,-0.3941877254482898,-0.8583950752789513,0.0
Gandhinagar,Isabgol,2021-22,0.0,27.85026868919611,509.3399999999999,50.77052380952381,23.2156,72.6369,loam,Slightly alkaline,Non-saline,Medium,Low,High,High,8.0,20.0,35.0,500.0,1250.0,7.2,7.9,2,1,True,0.0,0.0,0.09999999999999964,3,3,0.0,-0.45326064928215715,-0.8583950752789513,0.0
Ahmedabad,Isabgol,2021-22,806.57,27.85026868919611,509.3399999999999,50.77052380952381,23.0225,72.5714,loam,Slightly alkaline,Non-saline,Medium,Low,High,High,8.0,20.0,35.0,500.0,1250.0,7.2,7.9,2,1,True,0.0,0.0,0.09999999999999964,3,3,0.0,-0.45326064928215715,-0.8583950752789513,0.0
Surendranagar,Isabgol,2021-22,806.57,27.79687397593446,561.7,53.48493785202253,22.7271,71.6486,sandy clay loam,Slightly alkaline,Non-saline,Medium,Low,High,High,8.0,20.0,35.0,500.0,1250.0,7.2,7.9,2,1,True,0.0,0.0,0.09999999999999964,3,3,0.0,-0.45326064928215715,-0.8583950752789513,0.0
Morbi,Isabgol,2021-22,806.57,27.150718445980544,628.3000000000001,58.03685951100871,22.812,70.8236,loam,Slightly alkaline,Non-saline,Medium,Medium,Medium,Medium,8.0,20.0,35.0,500.0,1250.0,7.2,7.9,2,1,True,0.0,0.0,0.09999999999999964,3,3,0.0,-0.45326064928215715,-0.8583950752789513,0.0
Rajkot,Isabgol,2021-22,0.0,26.583299859190987,779.87,61.06608774961597,22.3039,70.8022,sandy clay loam,Slightly alkaline,Non-saline,Medium,Medium,Medium,Medium,8.0,20.0,35.0,500.0,1250.0,7.2,7.9,2,1,True,0.0,0.0,0.09999999999999964,3,3,0.0,-0.45326064928215715,-0.8583950752789513,0.0
Jamnagar,Isabgol,2021-22,0.0,26.460932411674342,794.58,67.50384299795188,22.4707,70.0577,sandy clay loam,Slightly alkaline,Non-saline,Medium,Medium,High,Medium,8.0,20.0,35.0,500.0,1250.0,7.2,7.9,2,1,True,0.0,0.0,0.09999999999999964,3,3,0.0,-0.45326064928215715,-0.8583950752789513,0.0
Devbhumi Dwarka,Isabgol,2021-22,0.0,26.35975224014337,945.81,63.92185285458269,22.206,70.026,loam,Slightly alkaline,Non-saline,Medium,Medium,High,Medium,8.0,20.0,35.0,500.0,1250.0,7.2,7.9,2,1,True,0.0,0.0,0.09999999999999964,3,3,0.0,-0.45326064928215715,-0.8583950752789513,0.0
Porbandar,Isabgol,2021-22,0.0,26.51612263184844,1071.28,74.19080792370711,21.6417,69.6293,sandy clay loam,Slightly alkaline,Non-saline,Medium,Medium,High,Medium,8.0,20.0,35.0,500.0,1250.0,7.2,7.9,2,1,True,0.0,0.0,0.09999999999999964,3,3,0.0,-0.45326064928215715,-0.8583950752789513,0.0
Junagadh,Isabgol,2021-22,806.57,26.371837237583204,953.74,62.49976516897081,21.5222,70.4579,loamy sand,Slightly alkaline,Non-saline,High,Medium,High,High,8.0,20.0,35.0,500.0,1250.0,7.2,7.9,2,1,True,0.0,0.0,0.09999999999999964,3,3,0.0,-0.45326064928215715,-0.8583950752789513,0.0
Gir Somnath,Isabgol,2021-22,0.0,26.212232142857143,936.22,67.49976843317972,20.907,70.367,loamy sand,Slightly alkaline,Non-saline,High,Medium,High,High,8.0,20.0,35.0,500.0,1250.0,7.2,7.9,2,1,True,0.0,0.0,0.09999999999999964,3,3,0.0,-0.45326064928215715,-0.8583950752789513,0.0
Amreli,Isabgol,2021-22,806.57,26.802612583205327,823.84,59.23824443164363,21.6032,71.2221,sandy clay loam,Slightly alkaline,Non-saline,High,Medium,High,High,8.0,20.0,35.0,500.0,1250.0,7.2,7.9,2,1,True,0.0,0.0,0.09999999999999964,3,3,0.0,-0.45326064928215715,-0.8583950752789513,0.0
Bhavnagar,Isabgol,2021-22,0.0,27.607179723502306,716.99,55.88193753200205,21.7645,72.1519,sandy clay loam,Slightly alkaline,Non-saline,High,Medium,High,High,8.0,20.0,35.0,500.0,1250.0,7.2,7.9,2,1,True,0.0,0.0,0.09999999999999964,3,3,0.0,-0.45326064928215715,-0.8583950752789513,0.0
Botad,Isabgol,2021-22,0.0,27.607179723502306,716.99,55.88193753200205,22.1692,71.6672,sandy clay loam,Slightly alkaline,Non-saline,High,Medium,High,High,8.0,20.0,35.0,500.0,1250.0,7.2,7.9,2,1,True,0.0,0.0,0.09999999999999964,3,3,0.0,-0.45326064928215715,-0.8583950752789513,0.0
Anand,Isabgol,2021-22,0.0,27.43832962109575,710.12,55.99222766257041,22.5645,72.9289,loam,Normal,Non-saline,Medium,Low,High,High,7.0,20.0,35.0,500.0,1250.0,7.2,7.9,2,1,True,0.0,0.0,0.20000000000000018,3,3,0.0,-0.45326064928215715,1.1649647450214358,0.0
Kheda,Isabgol,2021-22,0.0,27.43832962109575,710.12,55.99222766257041,22.6916,72.8634,loam,Normal,Non-saline,Medium,Low,High,High,7.0,20.0,35.0,500.0,1250.0,7.2,7.9,2,1,True,0.0,0.0,0.20000000000000018,3,3,0.0,-0.45326064928215715,1.1649647450214358,0.0
Panchmahal,Isabgol,2021-22,0.0,26.83358864567332,694.25,54.98374609575013,22.7788,73.6143,sandy clay loam,Normal,Non-saline,Medium,Low,High,High,7.0,20.0,35.0,500.0,1250.0,7.2,7.9,2,1,True,0.0,0.0,0.20000000000000018,3,3,0.0,-0.45326064928215715,1.1649647450214358,0.0
Mahisagar,Isabgol,2021-22,0.0,26.83358864567332,694.25,54.98374609575013,23.128,73.61,sandy clay loam,Normal,Non-saline,Medium,Low,High,High,7.0,20.0,35.0,500.0,1250.0,7.2,7.9,2,1,True,0.0,0.0,0.20000000000000018,3,3,0.0,-0.45326064928215715,1.1649647450214358,0.0
Dahod,Isabgol,2021-22,0.0,25.777907834101384,867.6700000000001,57.58594246031746,22.839,74.255,sandy clay loam,Normal,Non-saline,Medium,Low,High,High,7.0,20.0,35.0,500.0,1250.0,7.2,7.9,2,1,True,0.0,0.0,0.20000000000000018,3,3,0.0,-0.45326064928215715,1.1649647450214358,0.0
Vadodara,Isabgol,2021-22,0.0,27.43832962109575,710.12,55.99222766257041,22.3072,73.1812,loam,Normal,Non-saline,Medium,Low,High,High,7.0,20.0,35.0,500.0,1250.0,7.2,7.9,2,1,True,0.0,0.0,0.20000000000000018,3,3,0.0,-0.45326064928215715,1.1649647450214358,0.0
Chhota Udepur,Isabgol,2021-22,0.0,26.85094015617,834.5,57.40256464413722,22.304,74.016,sandy clay loam,Normal,Non-saline,Medium,Low,High,High,7.0,20.0,35.0,500.0,1250.0,7.2,7.9,2,1,True,0.0,0.0,0.20000000000000018,3,3,0.0,-0.45326064928215715,1.1649647450214358,0.0
Narmada,Isabgol,2021-22,0.0,26.474735407066053,980.13,60.22115636200717,21.8667,73.5,clay (light),Normal,Non-saline,High,Low,High,High,7.0,20.0,35.0,500.0,1250.0,7.2,7.9,2,1,True,0.0,0.0,0.20000000000000018,3,3,0.0,-0.45326064928215715,1.1649647450214358,0.0
Bharuch,Isabgol,2021-22,0.0,27.09005408346134,1282.14,63.47853865847414,21.7051,72.9959,clay (light),Normal,Non-saline,High,Low,High,High,7.0,20.0,35.0,500.0,1250.0,7.2,7.9,2,1,True,0.0,32.1400000000001,0.20000000000000018,3,3,0.0,-0.327274997522336,1.1649647450214358,0.0
Surat,Isabgol,2021-22,0.0,26.92190559395801,1516.59,66.29315796210958,21.1702,72.8311,clay (light),Normal,Non-saline,High,Medium,High,High,7.0,20.0,35.0,500.0,1250.0,7.2,7.9,2,1,True,0.0,266.5899999999999,0.20000000000000018,3,3,0.0,0.5917460371724349,1.1649647450214358,0.0
Dang,Isabgol,2021-22,0.0,25.80750083205325,1223.08,63.77979313876088,20.757,73.69,loam,Normal,Non-saline,High,Medium,High,High,7.0,20.0,35.0,500.0,1250.0,7.2,7.9,2,1,True,0.0,0.0,0.20000000000000018,3,3,0.0,-0.45326064928215715,1.1649647450214358,0.0
Navsari,Isabgol,2021-22,0.0,26.92190559395801,1516.59,66.29315796210958,20.9467,72.952,clay (light),Normal,Non-saline,High,Medium,High,High,7.0,20.0,35.0,500.0,1250.0,7.2,7.9,2,1,True,0.0,266.5899999999999,0.20000000000000018,3,3,0.0,0.5917460371724349,1.1649647450214358,0.0
Valsad,Isabgol,2021-22,0.0,26.57823937532002,1725.65,67.6254211469534,20.5992,72.9342,loam,Normal,Non-saline,High,Medium,High,High,7.0,20.0,35.0,500.0,1250.0,7.2,7.9,2,1,True,0.0,475.6500000000001,0.20000000000000018,3,3,0.0,1.4112407589181766,1.1649647450214358,0.0
Tapi,Isabgol,2021-22,0.0,26.92190559395801,1516.59,66.29315796210958,21.111,73.393,clay (light),Normal,Non-saline,High,Medium,High,High,7.0,20.0,35.0,500.0,1250.0,7.2,7.9,2,1,True,0.0,266.5899999999999,0.20000000000000018,3,3,0.0,0.5917460371724349,1.1649647450214358,0.0
Kutch,Fennel,2019-20,1753.45,25.83985045111853,777.1999999999999,65.54811061673463,23.242,69.6669,loam,Slightly alkaline,Non-saline,Low,Low,High,Medium,8.0,15.0,25.0,700.0,1500.0,6.5,7.5,14,7,True,0.8398504511185294,0.0,0.5,21,21,-1.781390306676083,-0.46516942986028936,0.8583950752789521,0.0
Kutch,Fennel,2020-21,2326.0,25.931136072708654,1106.82,64.54931112391193,23.242,69.6669,loam,Slightly alkaline,Non-saline,Low,Low,High,Medium,8.0,15.0,25.0,700.0,1500.0,6.5,7.5,14,7,True,0.9311360727086537,0.0,0.5,21,21,-1.6071939039383094,-0.46516942986028936,0.8583950752789521,0.0
Kutch,Fennel,2021-22,2279.22,26.031809075780853,629.4,65.22398489503328,23.242,69.6669,loam,Slightly alkaline,Non-saline,Low,Low,High,Medium,8.0,15.0,25.0,700.0,1500.0,6.5,7.5,14,7,True,1.0318090757808527,70.60000000000002,0.5,21,21,-1.4150839672088746,-0.06631337197298,0.8583950752789521,0.0
Banaskantha,Fennel,2019-20,1770.84,26.277947966876777,935.47,56.51920729823261,24.1719,72.4383,loam,Slightly alkaline,Non-saline,Low,Low,High,Medium,8.0,15.0,25.0,700.0,1500.0,6.5,7.5,14,7,True,1.277947966876777,0.0,0.5,21,21,-0.9453877691012283,-0.46516942986028936,0.8583950752789521,0.0
Banaskantha,Fennel,2020-21,1643.83,26.766365463389658,1058.08,51.195984318996416,24.1719,72.4383,loam,Slightly alkaline,Non-saline,Low,Low,High,Medium,8.0,15.0,25.0,700.0,1500.0,6.5,7.5,14,7,True,1.7663654633896577,0.0,0.5,21,21,-0.013361789054252914,-0.46516942986028936,0.8583950752789521,0.0
Banaskantha,Fennel,2021-22,1301.3,27.173551779313872,506.26,48.87810791090629,24.1719,72.4383,loam,Slightly alkaline,Non-saline,Low,Low,High,Medium,8.0,15.0,25.0,700.0,1500.0,6.5,7.5,14,7,True,2.173551779313872,193.74,0.5,21,21,0.7636542430709897,0.6293684264440632,0.8583950752789521,0.0
Patan,Fennel,2019-20,1542.45,26.95353633667038,818.38,55.42824839327648,23.8493,72.1266,loam,Slightly alkaline,Non-saline,Low,Low,High,High,8.0,15.0,25.0,700.0,1500.0,6.5,7.5,14,7,True,1.9535363366703784,0.0,0.5,21,21,0.34380829156572207,-0.46516942986028936,0.8583950752789521,0.0
Patan,Fennel,2020-21,1419.31,27.31138645673323,903.05,50.8058168842806,23.8493,72.1266,loam,Slightly alkaline,Non-saline,Low,Low,High,High,8.0,15.0,25.0,700.0,1500.0,6.5,7.5,14,7,True,2.3113864567332314,0.0,0.5,21,21,1.0266781953729305,-0.46516942986028936,0.8583950752789521,0.0
Patan,Fennel,2021-22,1606.53,27.83293029953917,452.04,48.48079083461342,23.8493,72.1266,loam,Slightly alkaline,Non-saline,Low,Low,High,High,8.0,15.0,25.0,700.0,1500.0,6.5,7.5,14,7,True,2.8329302995391714,247.95999999999998,0.5,21,21,2.0219177490318208,0.9356853592861297,0.8583950752789521,0.0
Mehsana,Fennel,2019-20,1610.91,26.73433045977012,939.08,57.29664457421827,23.588,72.3693,loam,Slightly alkaline,Non-saline,Low,Low,High,High,8.0,15.0,25.0,700.0,1500.0,6.5,7.5,14,7,True,1.7343304597701206,0.0,0.5,21,21,-0.07449280065289271,-0.46516942986028936,0.8583950752789521,0.0
Mehsana,Fennel,2020-21,1581.79,27.08861674347158,1013.59,52.36743900409626,23.588,72.3693,loam,Slightly alkaline,Non-saline,Low,Low,High,High,8.0,15.0,25.0,700.0,1500.0,6.5,7.5,14,7,True,2.0886167434715794,0.0,0.5,21,21,0.6015763883945655,-0.46516942986028936,0.8583950752789521,0.0
Mehsana,Fennel,2021-22,1633.3,27.67792517921147,473.24,49.07956387608807,23.588,72.3693,loam,Slightly alkaline,Non-saline,Low,Low,High,High,8.0,15.0,25.0,700.0,1500.0,6.5,7.5,14,7,True,2.6779251792114707,226.76,0.5,21,21,1.7261281833074595,0.8159155515352664,0.8583950752789521,0.0
Sabarkantha,Fennel,2019-20,1730.0,26.3798087690026,939.02,58.22741252626375,23.5989,72.9661,loam,Slightly alkaline,Non-saline,Low,Low,High,High,8.0,15.0,25.0,700.0,1500.0,6.5,7.5,14,7,True,1.3798087690026009,0.0,0.5,21,21,-0.7510112068209942,-0.46516942986028936,0.8583950752789521,0.0
Sabarkantha,Fennel,2020-21,1597.6,26.917650601638503,988.05,52.13314765745008,23.5989,72.9661,loam,Slightly alkaline,Non-saline,Low,Low,High,High,8.0,15.0,25.0,700.0,1500.0,6.5,7.5,14,7,True,1.9176506016385026,0.0,0.5,21,21,0.2753290957924641,-0.46516942986028936,0.8583950752789521,0.0
Sabarkantha,Fennel,2021-22,1777.79,27.3020102406554,484.93,49.964027585765486,23.5989,72.9661,loam,Slightly alkaline,Non-saline,Low,Low,High,High,8.0,15.0,25.0,700.0,1500.0,6.5,7.5,14,7,True,2.302010240655399,215.07,0.5,21,21,1.0087859678391782,0.7498726716952857,0.8583950752789521,0.0
Aravalli,Fennel,2019-20,1943.2,26.3798087690026,939.02,58.22741252626375,23.4625,73.2985,sandy clay loam,Slightly alkaline,Non-saline,Low,Low,High,High,8.0,15.0,25.0,700.0,1500.0,6.5,7.5,14,7,True,1.3798087690026009,0.0,0.5,21,21,-0.7510112068209942,-0.46516942986028936,0.8583950752789521,0.0
Aravalli,Fennel,2020-21,1757.2,26.917650601638503,988.05,52.13314765745008,23.4625,73.2985,sandy clay loam,Slightly alkaline,Non-saline,Low,Low,High,High,8.0,15.0,25.0,700.0,1500.0,6.5,7.5,14,7,True,1.9176506016385026,0.0,0.5,21,21,0.2753290957924641,-0.46516942986028936,0.8583950752789521,0.0
Aravalli,Fennel,2021-22,1853.2,27.3020102406554,484.93,49.964027585765486,23.4625,73.2985,sandy clay loam,Slightly alkaline,Non-saline,Low,Low,High,High,8.0,15.0,25.0,700.0,1500.0,6.5,7.5,14,7,True,2.302010240655399,215.07,0.5,21,21,1.0087859678391782,0.7498726716952857,0.8583950752789521,0.0
Gandhinagar,Fennel,2019-20,1778.8,26.81233744283772,1041.17,59.802591892225934,23.2156,72.6369,loam,Slightly alkaline,Non-saline,Medium,Low,High,High,8.0,15.0,25.0,700.0,1500.0,6.5,7.5,14,7,True,1.8123374428377197,0.0,0.5,21,21,0.07436455061558199,-0.46516942986028936,0.8583950752789521,0.0
Gandhinagar,Fennel,2020-21,1682.0,27.19443868407578,1060.48,54.54497907066053,23.2156,72.6369,loam,Slightly alkaline,Non-saline,Medium,Low,High,High,8.0,15.0,25.0,700.0,1500.0,6.5,7.5,14,7,True,2.194438684075781,0.0,0.5,21,21,0.8035118198774188,-0.46516942986028936,0.8583950752789521,0.0
Gandhinagar,Fennel,2021-22,1759.2,27.85026868919611,509.3399999999999,50.77052380952381,23.2156,72.6369,loam,Slightly alkaline,Non-saline,Medium,Low,High,High,8.0,15.0,25.0,700.0,1500.0,6.5,7.5,14,7,True,2.8502686891961098,190.66000000000008,0.5,21,21,2.0550038479693473,0.6119679072047872,0.8583950752789521,0.0
Ahmedabad,Fennel,2019-20,1753.45,26.81233744283772,1041.17,59.802591892225934,23.0225,72.5714,loam,Slightly alkaline,Non-saline,Medium,Low,High,High,8.0,15.0,25.0,700.0,1500.0,6.5,7.5,14,7,True,1.8123374428377197,0.0,0.5,21,21,0.07436455061558199,-0.46516942986028936,0.8583950752789521,0.0
Ahmedabad,Fennel,2020-21,1799.91,27.19443868407578,1060.48,54.54497907066053,23.0225,72.5714,loam,Slightly alkaline,Non-saline,Medium,Low,High,High,8.0,15.0,25.0,700.0,1500.0,6.5,7.5,14,7,True,2.194438684075781,0.0,0.5,21,21,0.8035118198774188,-0.46516942986028936,0.8583950752789521,0.0
Ahmedabad,Fennel,2021-22,1777.79,27.85026868919611,509.3399999999999,50.77052380952381,23.0225,72.5714,loam,Slightly alkaline,Non-saline,Medium,Low,High,High,8.0,15.0,25.0,700.0,1500.0,6.5,7.5,14,7,True,2.8502686891961098,190.66000000000008,0.5,21,21,2.0550038479693473,0.6119679072047872,0.8583950752789521,0.0
Surendranagar,Fennel,2019-20,1813.0,26.839450655048815,1098.31,61.01885836114201,22.7271,71.6486,sandy clay loam,Slightly alkaline,Non-saline,Medium,Low,High,High,8.0,15.0,25.0,700.0,1500.0,6.5,7.5,14,7,True,1.8394506550488146,0.0,0.5,21,21,0.12610352058223404,-0.46516942986028936,0.8583950752789521,0.0
Surendranagar,Fennel,2020-21,1907.12,27.21407219662058,1113.39,56.07573335893497,22.7271,71.6486,sandy clay loam,Slightly alkaline,Non-saline,Medium,Low,High,High,8.0,15.0,25.0,700.0,1500.0,6.5,7.5,14,7,True,2.214072196620581,0.0,0.5,21,21,0.8409776025366799,-0.46516942986028936,0.8583950752789521,0.0
Surendranagar,Fennel,2021-22,1793.36,27.79687397593446,561.7,53.48493785202253,22.7271,71.6486,sandy clay loam,Slightly alkaline,Non-saline,Medium,Low,High,High,8.0,15.0,25.0,700.0,1500.0,6.5,7.5,14,7,True,2.79687397593446,138.29999999999995,0.5,21,21,1.9531130264645453,0.3161590801370881,0.8583950752789521,0.0
Morbi,Fennel,2019-20,1483.6,26.652774039055743,884.5600000000001,61.35483011988629,22.812,70.8236,loam,Slightly alkaline,Non-saline,Medium,Medium,Medium,Medium,8.0,15.0,25.0,700.0,1500.0,6.5,7.5,14,7,True,1.6527740390557426,0.0,0.5,21,21,-0.2301233902368941,-0.46516942986028936,0.8583950752789521,0.0
Morbi,Fennel,2020-21,2058.0,26.76703027393753,1084.89,59.13132981310804,22.812,70.8236,loam,Slightly alkaline,Non-saline,Medium,Medium,Medium,Medium,8.0,15.0,25.0,700.0,1500.0,6.5,7.5,14,7,True,1.7670302739375288,0.0,0.5,21,21,-0.012093159844920865,-0.46516942986028936,0.8583950752789521,0.0
Morbi,Fennel,2021-22,2481.0,27.150718445980544,628.3000000000001,58.03685951100871,22.812,70.8236,loam,Slightly alkaline,Non-saline,Medium,Medium,Medium,Medium,8.0,15.0,25.0,700.0,1500.0,6.5,7.5,14,7,True,2.1507184459805444,71.69999999999993,0.5,21,21,0.720082380822659,-0.0600989008160961,0.8583950752789521,0.0
Rajkot,Fennel,2019-20,0.0,26.159521567173403,1048.21,64.28576446051169,22.3039,70.8022,sandy clay loam,Slightly alkaline,Non-saline,Medium,Medium,Medium,Medium,8.0,15.0,25.0,700.0,1500.0,6.5,7.5,14,7,True,1.1595215671734032,0.0,0.5,21,21,-1.1713757446242572,-0.46516942986028936,0.8583950752789521,0.0
Rajkot,Fennel,2020-21,0.0,26.3167654249872,1208.12,61.48661175115208,22.3039,70.8022,sandy clay loam,Slightly alkaline,Non-saline,Medium,Medium,Medium,Medium,8.0,15.0,25.0,700.0,1500.0,6.5,7.5,14,7,True,1.3167654249871994,0.0,0.5,21,21,-0.8713140930011652,-0.46516942986028936,0.8583950752789521,0.0
Rajkot,Fennel,2021-22,0.0,26.583299859190987,779.87,61.06608774961597,22.3039,70.8022,sandy clay loam,Slightly alkaline,Non-saline,Medium,Medium,Medium,Medium,8.0,15.0,25.0,700.0,1500.0,6.5,7.5,14,7,True,1.583299859190987,0.0,0.5,21,21,-0.36269796227559464,-0.46516942986028936,0.8583950752789521,0.0
Jamnagar,Fennel,2019-20,0.0,26.26152329749104,943.12,68.75967772834014,22.4707,70.0577,sandy clay loam,Slightly alkaline,Non-saline,Medium,Medium,High,Medium,8.0,15.0,25.0,700.0,1500.0,6.5,7.5,14,7,True,1.2615232974910384,0.0,0.5,21,21,-0.9767302551720296,-0.46516942986028936,0.8583950752789521,0.0
Jamnagar,Fennel,2020-21,0.0,26.444726318484385,1239.72,66.80002336149514,22.4707,70.0577,sandy clay loam,Slightly alkaline,Non-saline,Medium,Medium,High,Medium,8.0,15.0,25.0,700.0,1500.0,6.5,7.5,14,7,True,1.4447263184843848,0.0,0.5,21,21,-0.6271318554259484,-0.46516942986028936,0.8583950752789521,0.0
Jamnagar,Fennel,2021-22,0.0,26.460932411674342,794.58,67.50384299795188,22.4707,70.0577,sandy clay loam,Slightly alkaline,Non-saline,Medium,Medium,High,Medium,8.0,15.0,25.0,700.0,1500.0,6.5,7.5,14,7,True,1.4609324116743423,0.0,0.5,21,21,-0.5962064688541256,-0.46516942986028936,0.8583950752789521,0.0
Devbhumi Dwarka,Fennel,2019-20,0.0,26.14012235817575,1109.59,65.83710990606848,22.206,70.026,loam,Slightly alkaline,Non-saline,Medium,Medium,High,Medium,8.0,15.0,25.0,700.0,1500.0,6.5,7.5,14,7,True,1.1401223581757485,0.0,0.5,21,21,-1.2083944159602837,-0.46516942986028936,0.8583950752789521,0.0
Devbhumi Dwarka,Fennel,2020-21,0.0,26.2946026625704,1347.5700000000002,63.05590681003584,22.206,70.026,loam,Slightly alkaline,Non-saline,Medium,Medium,High,Medium,8.0,15.0,25.0,700.0,1500.0,6.5,7.5,14,7,True,1.2946026625704015,0.0,0.5,21,21,-0.913606333777842,-0.46516942986028936,0.8583950752789521,0.0
Devbhumi Dwarka,Fennel,2021-22,0.0,26.35975224014337,945.81,63.92185285458269,22.206,70.026,loam,Slightly alkaline,Non-saline,Medium,Medium,High,Medium,8.0,15.0,25.0,700.0,1500.0,6.5,7.5,14,7,True,1.3597522401433686,0.0,0.5,21,21,-0.7892842132137401,-0.46516942986028936,0.8583950752789521,0.0
Porbandar,Fennel,2019-20,0.0,26.563369206525767,1011.16,74.01297154245458,21.6417,69.6293,sandy clay loam,Slightly alkaline,Non-saline,Medium,Medium,High,Medium,8.0,15.0,25.0,700.0,1500.0,6.5,7.5,14,7,True,1.563369206525767,0.0,0.5,21,21,-0.4007307645726101,-0.46516942986028936,0.8583950752789521,0.0
Porbandar,Fennel,2020-21,0.0,26.98924519969278,1308.68,71.22933627752177,21.6417,69.6293,sandy clay loam,Slightly alkaline,Non-saline,Medium,Medium,High,Medium,8.0,15.0,25.0,700.0,1500.0,6.5,7.5,14,7,True,1.9892451996927782,0.0,0.5,21,21,0.4119499701346382,-0.46516942986028936,0.8583950752789521,0.0
Porbandar,Fennel,2021-22,0.0,26.51612263184844,1071.28,74.19080792370711,21.6417,69.6293,sandy clay loam,Slightly alkaline,Non-saline,Medium,Medium,High,Medium,8.0,15.0,25.0,700.0,1500.0,6.5,7.5,14,7,True,1.5161226318484395,0.0,0.5,21,21,-0.49088935918048643,-0.46516942986028936,0.8583950752789521,0.0
Junagadh,Fennel,2019-20,0.0,26.071467525645776,1119.61,65.75625809541465,21.5222,70.4579,loamy sand,Slightly alkaline,Non-saline,High,Medium,High,High,8.0,15.0,25.0,700.0,1500.0,6.5,7.5,14,7,True,1.071467525645776,0.0,0.5,21,21,-1.3394054629243253,-0.46516942986028936,0.8583950752789521,0.0
Junagadh,Fennel,2020-21,0.0,26.332964989759343,1235.5600000000002,61.18705158730159,21.5222,70.4579,loamy sand,Slightly alkaline,Non-saline,High,Medium,High,High,8.0,15.0,25.0,700.0,1500.0,6.5,7.5,14,7,True,1.3329649897593434,0.0,0.5,21,21,-0.8404011643266418,-0.46516942986028936,0.8583950752789521,0.0
Junagadh,Fennel,2021-22,0.0,26.371837237583204,953.74,62.49976516897081,21.5222,70.4579,loamy sand,Slightly alkaline,Non-saline,High,Medium,High,High,8.0,15.0,25.0,700.0,1500.0,6.5,7.5,14,7,True,1.371837237583204,0.0,0.5,21,21,-0.7662229353865836,-0.46516942986028936,0.8583950752789521,0.0
Gir Somnath,Fennel,2019-20,0.0,26.06671758744284,982.85,69.72569135459152,20.907,70.367,loamy sand,Slightly alkaline,Non-saline,High,Medium,High,High,8.0,15.0,25.0,700.0,1500.0,6.5,7.5,14,7,True,1.0667175874428416,0.0,0.5,21,21,-1.3484695645184737,-0.46516942986028936,0.8583950752789521,0.0
Gir Somnath,Fennel,2020-21,0.0,26.34512724014337,1211.16,65.84607994111623,20.907,70.367,loamy sand,Slightly alkaline,Non-saline,High,Medium,High,High,8.0,15.0,25.0,700.0,1500.0,6.5,7.5,14,7,True,1.3451272401433698,0.0,0.5,21,21,-0.817192468047986,-0.46516942986028936,0.8583950752789521,0.0
Gir Somnath,Fennel,2021-22,0.0,26.212232142857143,936.22,67.49976843317972,20.907,70.367,loamy sand,Slightly alkaline,Non-saline,High,Medium,High,High,8.0,15.0,25.0,700.0,1500.0,6.5,7.5,14,7,True,1.2122321428571432,0.0,0.5,21,21,-1.0707904332641378,-0.46516942986028936,0.8583950752789521,0.0
Amreli,Fennel,2019-20,0.0,26.326066740823137,1096.87,63.938723859844266,21.6032,71.2221,sandy clay loam,Slightly alkaline,Non-saline,High,Medium,High,High,8.0,15.0,25.0,700.0,1500.0,6.5,7.5,14,7,True,1.326066740823137,0.0,0.5,21,21,-0.8535647943588969,-0.46516942986028936,0.8583950752789521,0.0
Amreli,Fennel,2020-21,1799.91,26.66399731182796,1114.85,58.518354326676906,21.6032,71.2221,sandy clay loam,Slightly alkaline,Non-saline,High,Medium,High,High,8.0,15.0,25.0,700.0,1500.0,6.5,7.5,14,7,True,1.6639973118279592,0.0,0.5,21,21,-0.20870650431543772,-0.46516942986028936,0.8583950752789521,0.0
Amreli,Fennel,2021-22,1777.79,26.802612583205327,823.84,59.23824443164363,21.6032,71.2221,sandy clay loam,Slightly alkaline,Non-saline,High,Medium,High,High,8.0,15.0,25.0,700.0,1500.0,6.5,7.5,14,7,True,1.8026125832053275,0.0,0.5,21,21,0.055807021668703646,-0.46516942986028936,0.8583950752789521,0.0
Bhavnagar,Fennel,2019-20,0.0,26.889539890001235,1179.9199999999998,61.92753772710419,21.7645,72.1519,sandy clay loam,Slightly alkaline,Non-saline,High,Medium,High,High,8.0,15.0,25.0,700.0,1500.0,6.5,7.5,14,7,True,1.8895398900012346,0.0,0.5,21,21,0.22168664082186965,-0.46516942986028936,0.8583950752789521,0.0
Bhavnagar,Fennel,2020-21,0.0,27.23516922683052,1178.35,56.79114324116744,21.7645,72.1519,sandy clay loam,Slightly alkaline,Non-saline,High,Medium,High,High,8.0,15.0,25.0,700.0,1500.0,6.5,7.5,14,7,True,2.2351692268305214,0.0,0.5,21,21,0.8812361526457296,-0.46516942986028936,0.8583950752789521,0.0
Bhavnagar,Fennel,2021-22,1777.79,27.607179723502306,716.99,55.88193753200205,21.7645,72.1519,sandy clay loam,Slightly alkaline,Non-saline,High,Medium,High,High,8.0,15.0,25.0,700.0,1500.0,6.5,7.5,14,7,True,2.6071797235023055,0.0,0.5,21,21,1.5911276905692442,-0.46516942986028936,0.8583950752789521,0.0
Botad,Fennel,2019-20,1753.45,26.889539890001235,1179.9199999999998,61.92753772710419,22.1692,71.6672,sandy clay loam,Slightly alkaline,Non-saline,High,Medium,High,High,8.0,15.0,25.0,700.0,1500.0,6.5,7.5,14,7,True,1.8895398900012346,0.0,0.5,21,21,0.22168664082186965,-0.46516942986028936,0.8583950752789521,0.0
Botad,Fennel,2020-21,1799.91,27.23516922683052,1178.35,56.79114324116744,22.1692,71.6672,sandy clay loam,Slightly alkaline,Non-saline,High,Medium,High,High,8.0,15.0,25.0,700.0,1500.0,6.5,7.5,14,7,True,2.2351692268305214,0.0,0.5,21,21,0.8812361526457296,-0.46516942986028936,0.8583950752789521,0.0
Botad,Fennel,2021-22,1777.79,27.607179723502306,716.99,55.88193753200205,22.1692,71.6672,sandy clay loam,Slightly alkaline,Non-saline,High,Medium,High,High,8.0,15.0,25.0,700.0,1500.0,6.5,7.5,14,7,True,2.6071797235023055,0.0,0.5,21,21,1.5911276905692442,-0.46516942986028936,0.8583950752789521,0.0
Anand,Fennel,2019-20,0.0,26.696976578914843,1305.89,63.195987269805954,22.5645,72.9289,loam,Normal,Non-saline,Medium,Low,High,High,7.0,15.0,25.0,700.0,1500.0,6.5,7.5,14,7,True,1.6969765789148425,0.0,0.0,21,21,-0.14577359559014022,-0.46516942986028936,-1.164964745021435,0.0
Anand,Fennel,2020-21,0.0,27.208412890424984,1231.7,57.30051043266769,22.5645,72.9289,loam,Normal,Non-saline,Medium,Low,High,High,7.0,15.0,25.0,700.0,1500.0,6.5,7.5,14,7,True,2.2084128904249845,0.0,0.0,21,21,0.830178193340663,-0.46516942986028936,-1.164964745021435,0.0
Anand,Fennel,2021-22,0.0,27.43832962109575,710.12,55.99222766257041,22.5645,72.9289,loam,Normal,Non-saline,Medium,Low,High,High,7.0,15.0,25.0,700.0,1500.0,6.5,7.5,14,7,True,2.4383296210957504,0.0,0.0,21,21,1.2689183444666081,-0.46516942986028936,-1.164964745021435,0.0
Kheda,Fennel,2019-20,1753.45,26.696976578914843,1305.89,63.195987269805954,22.6916,72.8634,loam,Normal,Non-saline,Medium,Low,High,High,7.0,15.0,25.0,700.0,1500.0,6.5,7.5,14,7,True,1.6969765789148425,0.0,0.0,21,21,-0.14577359559014022,-0.46516942986028936,-1.164964745021435,0.0
Kheda,Fennel,2020-21,1534.8,27.208412890424984,1231.7,57.30051043266769,22.6916,72.8634,loam,Normal,Non-saline,Medium,Low,High,High,7.0,15.0,25.0,700.0,1500.0,6.5,7.5,14,7,True,2.2084128904249845,0.0,0.0,21,21,0.830178193340663,-0.46516942986028936,-1.164964745021435,0.0
Kheda,Fennel,2021-22,1690.4,27.43832962109575,710.12,55.99222766257041,22.6916,72.8634,loam,Normal,Non-saline,Medium,Low,High,High,7.0,15.0,25.0,700.0,1500.0,6.5,7.5,14,7,True,2.4383296210957504,0.0,0.0,21,21,1.2689183444666081,-0.46516942986028936,-1.164964745021435,0.0
Panchmahal,Fennel,2019-20,1753.45,26.2115785440613,1209.41,61.05677271041898,22.7788,73.6143,sandy clay loam,Normal,Non-saline,Medium,Low,High,High,7.0,15.0,25.0,700.0,1500.0,6.5,7.5,14,7,True,1.2115785440613003,0.0,0.0,21,21,-1.072037667572086,-0.46516942986028936,-1.164964745021435,0.0
Panchmahal,Fennel,2020-21,1799.91,26.839494751664105,1079.1,54.85420730926779,22.7788,73.6143,sandy clay loam,Normal,Non-saline,Medium,Low,High,High,7.0,15.0,25.0,700.0,1500.0,6.5,7.5,14,7,True,1.8394947516641054,0.0,0.0,21,21,0.1261876682456093,-0.46516942986028936,-1.164964745021435,0.0
Panchmahal,Fennel,2021-22,1777.79,26.83358864567332,694.25,54.98374609575013,22.7788,73.6143,sandy clay loam,Normal,Non-saline,Medium,Low,High,High,7.0,15.0,25.0,700.0,1500.0,6.5,7.5,14,7,True,1.83358864567332,5.75,0.0,21,21,0.11491730167679426,-0.4326846942674844,-1.164964745021435,0.0
Mahisagar,Fennel,2019-20,1753.45,26.2115785440613,1209.41,61.05677271041898,23.128,73.61,sandy clay loam,Normal,Non-saline,Medium,Low,High,High,7.0,15.0,25.0,700.0,1500.0,6.5,7.5,14,7,True,1.2115785440613003,0.0,0.0,21,21,-1.072037667572086,-0.46516942986028936,-1.164964745021435,0.0
Mahisagar,Fennel,2020-21,1799.91,26.839494751664105,1079.1,54.85420730926779,23.128,73.61,sandy clay loam,Normal,Non-saline,Medium,Low,High,High,7.0,15.0,25.0,700.0,1500.0,6.5,7.5,14,7,True,1.8394947516641054,0.0,0.0,21,21,0.1261876682456093,-0.46516942986028936,-1.164964745021435,0.0
Mahisagar,Fennel,2021-22,1777.79,26.83358864567332,694.25,54.98374609575013,23.128,73.61,sandy clay loam,Normal,Non-saline,Medium,Low,High,High,7.0,15.0,25.0,700.0,1500.0,6.5,7.5,14,7,True,1.83358864567332,5.75,0.0,21,21,0.11491730167679426,-0.4326846942674844,-1.164964745021435,0.0
Dahod,Fennel,2019-20,0.0,25.253799128661477,1267.49,62.52772005932518,22.839,74.255,sandy clay loam,Normal,Non-saline,Medium,Low,High,High,7.0,15.0,25.0,700.0,1500.0,6.5,7.5,14,7,True,0.2537991286614769,0.0,0.0,21,21,-2.89972669321144,-0.46516942986028936,-1.164964745021435,0.0
Dahod,Fennel,2020-21,0.0,26.0540975422427,1040.94,55.862932155657965,22.839,74.255,sandy clay loam,Normal,Non-saline,Medium,Low,High,High,7.0,15.0,25.0,700.0,1500.0,6.5,7.5,14,7,True,1.054097542242701,0.0,0.0,21,21,-1.3725518508408843,-0.46516942986028936,-1.164964745021435,0.0
Dahod,Fennel,2021-22,0.0,25.777907834101384,867.6700000000001,57.58594246031746,22.839,74.255,sandy clay loam,Normal,Non-saline,Medium,Low,High,High,7.0,15.0,25.0,700.0,1500.0,6.5,7.5,14,7,True,0.7779078341013843,0.0,0.0,21,21,-1.8995927231420473,-0.46516942986028936,-1.164964745021435,0.0
Vadodara,Fennel,2019-20,1753.45,26.696976578914843,1305.89,63.195987269805954,22.3072,73.1812,loam,Normal,Non-saline,Medium,Low,High,High,7.0,15.0,25.0,700.0,1500.0,6.5,7.5,14,7,True,1.6969765789148425,0.0,0.0,21,21,-0.14577359559014022,-0.46516942986028936,-1.164964745021435,0.0
Vadodara,Fennel,2020-21,1799.91,27.208412890424984,1231.7,57.30051043266769,22.3072,73.1812,loam,Normal,Non-saline,Medium,Low,High,High,7.0,15.0,25.0,700.0,1500.0,6.5,7.5,14,7,True,2.2084128904249845,0.0,0.0,21,21,0.830178193340663,-0.46516942986028936,-1.164964745021435,0.0
Vadodara,Fennel,2021-22,1777.79,27.43832962109575,710.12,55.99222766257041,22.3072,73.1812,loam,Normal,Non-saline,Medium,Low,High,High,7.0,15.0,25.0,700.0,1500.0,6.5,7.5,14,7,True,2.4383296210957504,0.0,0.0,21,21,1.2689183444666081,-0.46516942986028936,-1.164964745021435,0.0
Chhota Udepur,Fennel,2019-20,0.0,26.437091799530343,1448.19,61.94891023977258,22.304,74.016,sandy clay loam,Normal,Non-saline,Medium,Low,High,High,7.0,15.0,25.0,700.0,1500.0,6.5,7.5,14,7,True,1.437091799530343,0.0,0.0,21,21,-0.6417004776827894,-0.46516942986028936,-1.164964745021435,0.0
Chhota Udepur,Fennel,2020-21,0.0,27.08579665898618,1217.84,56.02263005632361,22.304,74.016,sandy clay loam,Normal,Non-saline,Medium,Low,High,High,7.0,15.0,25.0,700.0,1500.0,6.5,7.5,14,7,True,2.0857966589861796,0.0,0.0,21,21,0.5961949431656665,-0.46516942986028936,-1.164964745021435,0.0
Chhota Udepur,Fennel,2021-22,0.0,26.85094015617,834.5,57.40256464413722,22.304,74.016,sandy clay loam,Normal,Non-saline,Medium,Low,High,High,7.0,15.0,25.0,700.0,1500.0,6.5,7.5,14,7,True,1.850940156170001,0.0,0.0,21,21,0.14802843854520503,-0.46516942986028936,-1.164964745021435,0.0
Narmada,Fennel,2019-20,0.0,26.191688851810657,1594.94,63.81306371276728,21.8667,73.5,clay (light),Normal,Non-saline,High,Low,High,High,7.0,15.0,25.0,700.0,1500.0,6.5,7.5,14,7,True,1.1916888518106568,94.94000000000005,0.0,21,21,-1.1099923068818796,0.07119592617117182,-1.164964745021435,0.0
Narmada,Fennel,2020-21,0.0,26.81112685611879,1391.4,58.50471850998464,21.8667,73.5,clay (light),Normal,Non-saline,High,Low,High,High,7.0,15.0,25.0,700.0,1500.0,6.5,7.5,14,7,True,1.8111268561187899,0.0,0.0,21,21,0.07205444034885722,-0.46516942986028936,-1.164964745021435,0.0
Narmada,Fennel,2021-22,0.0,26.474735407066053,980.13,60.22115636200717,21.8667,73.5,clay (light),Normal,Non-saline,High,Low,High,High,7.0,15.0,25.0,700.0,1500.0,6.5,7.5,14,7,True,1.4747354070660528,0.0,0.0,21,21,-0.5698668098546172,-0.46516942986028936,-1.164964745021435,0.0
Bharuch,Fennel,2019-20,0.0,27.006281269311582,1741.12,65.58293696700038,21.7051,72.9959,clay (light),Normal,Non-saline,High,Low,High,High,7.0,15.0,25.0,700.0,1500.0,6.5,7.5,14,7,True,2.0062812693115823,241.1199999999999,0.0,21,21,0.4444591648215154,0.8970426477287753,-1.164964745021435,0.0
Bharuch,Fennel,2020-21,0.0,27.37149558371736,1844.32,61.72866065028162,21.7051,72.9959,clay (light),Normal,Non-saline,High,Low,High,High,7.0,15.0,25.0,700.0,1500.0,6.5,7.5,14,7,True,2.3714955837173584,344.31999999999994,0.0,21,21,1.1413818421241921,1.4800730326292049,-1.164964745021435,0.0
Bharuch,Fennel,2021-22,0.0,27.09005408346134,1282.14,63.47853865847414,21.7051,72.9959,clay (light),Normal,Non-saline,High,Low,High,High,7.0,15.0,25.0,700.0,1500.0,6.5,7.5,14,7,True,2.0900540834613395,0.0,0.0,21,21,0.6043192021188513,-0.46516942986028936,-1.164964745021435,0.0
Surat,Fennel,2019-20,0.0,26.971177141268075,2034.35,67.18811753800519,21.1702,72.8311,clay (light),Normal,Non-saline,High,Medium,High,High,7.0,15.0,25.0,700.0,1500.0,6.5,7.5,14,7,True,1.9711771412680754,534.3499999999999,0.0,21,21,0.3774714758524712,2.553651172577156,-1.164964745021435,0.0
Surat,Fennel,2020-21,0.0,27.34139253712237,2020.16,63.89088965693804,21.1702,72.8311,clay (light),Normal,Non-saline,High,Medium,High,High,7.0,15.0,25.0,700.0,1500.0,6.5,7.5,14,7,True,2.3413925371223705,520.1600000000001,0.0,21,21,1.083937500540591,2.473484494653348,-1.164964745021435,0.0
Surat,Fennel,2021-22,0.0,26.92190559395801,1516.59,66.29315796210958,21.1702,72.8311,clay (light),Normal,Non-saline,High,Medium,High,High,7.0,15.0,25.0,700.0,1500.0,6.5,7.5,14,7,True,1.9219055939580088,16.589999999999918,0.0,21,21,0.28344871356822793,-0.37144390577600567,-1.164964745021435,0.0
Dang,Fennel,2019-20,0.0,25.642950407860585,1861.68,66.40229158942034,20.757,73.69,loam,Normal,Non-saline,High,Medium,High,High,7.0,15.0,25.0,700.0,1500.0,6.5,7.5,14,7,True,0.6429504078605852,361.68000000000006,0.0,21,21,-2.157126141487516,1.5781486865233088,-1.164964745021435,0.0
Dang,Fennel,2020-21,0.0,26.207404377880184,1797.67,62.45920071684588,20.757,73.69,loam,Normal,Non-saline,High,Medium,High,High,7.0,15.0,25.0,700.0,1500.0,6.5,7.5,14,7,True,1.2074043778801844,297.6700000000001,0.0,21,21,-1.0800030483244336,1.2165229603849708,-1.164964745021435,0.0
Dang,Fennel,2021-22,0.0,25.80750083205325,1223.08,63.77979313876088,20.757,73.69,loam,Normal,Non-saline,High,Medium,High,High,7.0,15.0,25.0,700.0,1500.0,6.5,7.5,14,7,True,0.8075008320532504,0.0,0.0,21,21,-1.8431216853198207,-0.46516942986028936,-1.164964745021435,0.0
Navsari,Fennel,2019-20,0.0,26.971177141268075,2034.35,67.18811753800519,20.9467,72.952,clay (light),Normal,Non-saline,High,Medium,High,High,7.0,15.0,25.0,700.0,1500.0,6.5,7.5,14,7,True,1.9711771412680754,534.3499999999999,0.0,21,21,0.3774714758524712,2.553651172577156,-1.164964745021435,0.0
Navsari,Fennel,2020-21,0.0,27.34139253712237,2020.16,63.89088965693804,20.9467,72.952,clay (light),Normal,Non-saline,High,Medium,High,High,7.0,15.0,25.0,700.0,1500.0,6.5,7.5,14,7,True,2.3413925371223705,520.1600000000001,0.0,21,21,1.083937500540591,2.473484494653348,-1.164964745021435,0.0
Navsari,Fennel,2021-22,0.0,26.92190559395801,1516.59,66.29315796210958,20.9467,72.952,clay (light),Normal,Non-saline,High,Medium,High,High,7.0,15.0,25.0,700.0,1500.0,6.5,7.5,14,7,True,1.9219055939580088,16.589999999999918,0.0,21,21,0.28344871356822793,-0.37144390577600567,-1.164964745021435,0.0
Valsad,Fennel,2019-20,0.0,26.662790168088,2404.37,68.19392596712396,20.5992,72.9342,loam,Normal,Non-saline,High,Medium,High,High,7.0,15.0,25.0,700.0,1500.0,6.5,7.5,14,7,True,1.6627901680880015,904.3699999999999,0.0,21,21,-0.21101004449433045,4.644086279368405,-1.164964745021435,0.0
Valsad,Fennel,2020-21,0.0,27.055461725550437,2196.38,65.07640508192524,20.5992,72.9342,loam,Normal,Non-saline,High,Medium,High,High,7.0,15.0,25.0,700.0,1500.0,6.5,7.5,14,7,True,2.055461725550437,696.3800000000001,0.0,21,21,0.5383081019550909,3.469042773986232,-1.164964745021435,0.0
Valsad,Fennel,2021-22,0.0,26.57823937532002,1725.65,67.6254211469534,20.5992,72.9342,loam,Normal,Non-saline,High,Medium,High,High,7.0,15.0,25.0,700.0,1500.0,6.5,7.5,14,7,True,1.5782393753200203,225.6500000000001,0.0,21,21,-0.3723546647340932,0.8096445851860473,-1.164964745021435,0.0
Tapi,Fennel,2019-20,0.0,26.971177141268075,2034.35,67.18811753800519,21.111,73.393,clay (light),Normal,Non-saline,High,Medium,High,High,7.0,15.0,25.0,700.0,1500.0,6.5,7.5,14,7,True,1.9711771412680754,534.3499999999999,0.0,21,21,0.3774714758524712,2.553651172577156,-1.164964745021435,0.0
Tapi,Fennel,2020-21,0.0,27.34139253712237,2020.16,63.89088965693804,21.111,73.393,clay (light),Normal,Non-saline,High,Medium,High,High,7.0,15.0,25.0,700.0,1500.0,6.5,7.5,14,7,True,2.3413925371223705,520.1600000000001,0.0,21,21,1.083937500540591,2.473484494653348,-1.164964745021435,0.0
Tapi,Fennel,2021-22,0.0,26.92190559395801,1516.59,66.29315796210958,21.111,73.393,clay (light),Normal,Non-saline,High,Medium,High,High,7.0,15.0,25.0,700.0,1500.0,6.5,7.5,14,7,True,1.9219055939580088,16.589999999999918,0.0,21,21,0.28344871356822793,-0.37144390577600567,-1.164964745021435,0.0
Kutch,Cumin,2019-20,848.05,25.83985045111853,777.1999999999999,65.54811061673463,23.242,69.6669,loam,Slightly alkaline,Non-saline,Low,Low,High,Medium,8.0,17.0,26.0,1200.0,1800.0,5.0,6.5,4,7,True,0.0,422.80000000000007,1.5,11,11,-1.6182887202018132,0.9356418179657282,0.8583950752789522,0.0
Banaskantha,Cumin,2019-20,817.6,26.277947966876777,935.47,56.51920729823261,24.1719,72.4383,loam,Slightly alkaline,Non-saline,Low,Low,High,Medium,8.0,17.0,26.0,1200.0,1800.0,5.0,6.5,4,7,True,0.27794796687677703,264.53,1.5,11,11,-1.0496503907278159,0.21342588392270015,0.8583950752789522,0.0
Patan,Cumin,2019-20,521.71,26.95353633667038,818.38,55.42824839327648,23.8493,72.1266,loam,Slightly alkaline,Non-saline,Low,Low,High,High,8.0,17.0,26.0,1200.0,1800.0,5.0,6.5,4,7,True,0.9535363366703784,381.62,1.5,11,11,0.33249838455646985,0.7477296920802672,0.8583950752789522,0.0
Mehsana,Cumin,2019-20,568.87,26.73433045977012,939.08,57.29664457421827,23.588,72.3693,loam,Slightly alkaline,Non-saline,Low,Low,High,High,8.0,17.0,26.0,1200.0,1800.0,5.0,6.5,4,7,True,0.7343304597701206,260.91999999999996,1.5,11,11,-0.11596276107481306,0.19695277138150258,0.8583950752789522,0.0
Sabarkantha,Cumin,2019-20,779.0,26.3798087690026,939.02,58.22741252626375,23.5989,72.9661,loam,Slightly alkaline,Non-saline,Low,Low,High,High,8.0,17.0,26.0,1200.0,1800.0,5.0,6.5,4,7,True,0.37980876900260085,260.98,1.5,11,11,-0.8412590252123111,0.19722656272567787,0.8583950752789522,0.0
Aravalli,Cumin,2019-20,779.0,26.3798087690026,939.02,58.22741252626375,23.4625,73.2985,sandy clay loam,Slightly alkaline,Non-saline,Low,Low,High,High,8.0,17.0,26.0,1200.0,1800.0,5.0,6.5,4,7,True,0.37980876900260085,260.98,1.5,11,11,-0.8412590252123111,0.19722656272567787,0.8583950752789522,0.0
Gandhinagar,Cumin,2019-20,779.0,26.81233744283772,1041.17,59.802591892225934,23.2156,72.6369,loam,Slightly alkaline,Non-saline,Medium,Low,High,High,8.0,17.0,26.0,1200.0,1800.0,5.0,6.5,4,7,True,0.8123374428377197,158.82999999999993,1.5,11,11,0.043627399045088555,-0.26890320073230745,0.8583950752789522,0.0
Ahmedabad,Cumin,2019-20,607.23,26.81233744283772,1041.17,59.802591892225934,23.0225,72.5714,loam,Slightly alkaline,Non-saline,Medium,Low,High,High,8.0,17.0,26.0,1200.0,1800.0,5.0,6.5,4,7,True,0.8123374428377197,158.82999999999993,1.5,11,11,0.043627399045088555,-0.26890320073230745,0.8583950752789522,0.0
Surendranagar,Cumin,2019-20,566.08,26.839450655048815,1098.31,61.01885836114201,22.7271,71.6486,sandy clay loam,Slightly alkaline,Non-saline,Medium,Low,High,High,8.0,17.0,26.0,1200.0,1800.0,5.0,6.5,4,7,True,0.8394506550488146,101.69000000000005,1.5,11,11,0.09909681611488878,-0.5296438241683251,0.8583950752789522,0.0
Morbi,Cumin,2019-20,682.17,26.652774039055743,884.5600000000001,61.35483011988629,22.812,70.8236,loam,Slightly alkaline,Non-saline,Medium,Medium,Medium,Medium,8.0,17.0,26.0,1200.0,1800.0,5.0,6.5,4,7,True,0.6527740390557426,315.43999999999994,1.5,11,11,-0.28281451881212494,0.44573783945521117,0.8583950752789522,0.0
Rajkot,Cumin,2019-20,866.34,26.159521567173403,1048.21,64.28576446051169,22.3039,70.8022,sandy clay loam,Slightly alkaline,Non-saline,Medium,Medium,Medium,Medium,8.0,17.0,26.0,1200.0,1800.0,5.0,6.5,4,7,True,0.15952156717340316,151.78999999999996,1.5,11,11,-1.2919323935416775,-0.30102805178217723,0.8583950752789522,0.0
Jamnagar,Cumin,2019-20,833.7,26.26152329749104,943.12,68.75967772834014,22.4707,70.0577,sandy clay loam,Slightly alkaline,Non-saline,Medium,Medium,High,Medium,8.0,17.0,26.0,1200.0,1800.0,5.0,6.5,4,7,True,0.2615232974910384,256.88,1.5,11,11,-1.0832527108549126,0.1785174875403842,0.8583950752789522,0.0
Devbhumi Dwarka,Cumin,2019-20,835.12,26.14012235817575,1109.59,65.83710990606848,22.206,70.026,loam,Slightly alkaline,Non-saline,Medium,Medium,High,Medium,8.0,17.0,26.0,1200.0,1800.0,5.0,6.5,4,7,True,0.14012235817574847,90.41000000000008,1.5,11,11,-1.3316201592824997,-0.5811165968732301,0.8583950752789522,0.0
Porbandar,Cumin,2019-20,1031.83,26.563369206525767,1011.16,74.01297154245458,21.6417,69.6293,sandy clay loam,Slightly alkaline,Non-saline,Medium,Medium,High,Medium,8.0,17.0,26.0,1200.0,1800.0,5.0,6.5,4,7,True,0.5633692065257669,188.84000000000003,1.5,11,11,-0.4657229069828014,-0.13196189675409722,0.8583950752789522,0.0
Junagadh,Cumin,2019-20,1539.35,26.071467525645776,1119.61,65.75625809541465,21.5222,70.4579,loamy sand,Slightly alkaline,Non-saline,High,Medium,High,High,8.0,17.0,26.0,1200.0,1800.0,5.0,6.5,4,7,True,0.07146752564577596,80.3900000000001,1.5,11,11,-1.4720772733202077,-0.6268397513504598,0.8583950752789522,0.0
Gir Somnath,Cumin,2019-20,779.0,26.06671758744284,982.85,69.72569135459152,20.907,70.367,loamy sand,Slightly alkaline,Non-saline,High,Medium,High,High,8.0,17.0,26.0,1200.0,1800.0,5.0,6.5,4,7,True,0.06671758744284162,217.14999999999998,1.5,11,11,-1.4817949084415278,-0.002778014194180151,0.8583950752789522,0.0
Amreli,Cumin,2019-20,779.0,26.326066740823137,1096.87,63.938723859844266,21.6032,71.2221,sandy clay loam,Slightly alkaline,Non-saline,High,Medium,High,High,8.0,17.0,26.0,1200.0,1800.0,5.0,6.5,4,7,True,0.326066740823137,103.13000000000011,1.5,11,11,-0.951206859945216,-0.5230728319081241,0.8583950752789522,0.0
Bhavnagar,Cumin,2019-20,779.0,26.889539890001235,1179.9199999999998,61.92753772710419,21.7645,72.1519,sandy clay loam,Slightly alkaline,Non-saline,High,Medium,High,High,8.0,17.0,26.0,1200.0,1800.0,5.0,6.5,4,7,True,0.8895398900012346,20.080000000000155,1.5,11,11,0.20157160378117855,-0.9020456841370583,0.8583950752789522,0.0
Botad,Cumin,2019-20,490.73,26.889539890001235,1179.9199999999998,61.92753772710419,22.1692,71.6672,sandy clay loam,Slightly alkaline,Non-saline,High,Medium,High,High,8.0,17.0,26.0,1200.0,1800.0,5.0,6.5,4,7,True,0.8895398900012346,20.080000000000155,1.5,11,11,0.20157160378117855,-0.9020456841370583,0.8583950752789522,0.0
Anand,Cumin,2019-20,0.0,26.696976578914843,1305.89,63.195987269805954,22.5645,72.9289,loam,Normal,Non-saline,Medium,Low,High,High,7.0,17.0,26.0,1200.0,1800.0,5.0,6.5,4,7,True,0.6969765789148425,0.0,0.5,11,11,-0.19238299414071186,-0.9936745206543017,-1.1649647450214349,0.0
Kheda,Cumin,2019-20,779.0,26.696976578914843,1305.89,63.195987269805954,22.6916,72.8634,loam,Normal,Non-saline,Medium,Low,High,High,7.0,17.0,26.0,1200.0,1800.0,5.0,6.5,4,7,True,0.6969765789148425,0.0,0.5,11,11,-0.19238299414071186,-0.9936745206543017,-1.1649647450214349,0.0
Panchmahal,Cumin,2019-20,0.0,26.2115785440613,1209.41,61.05677271041898,22.7788,73.6143,sandy clay loam,Normal,Non-saline,Medium,Low,High,High,7.0,17.0,26.0,1200.0,1800.0,5.0,6.5,4,7,True,0.21157854406130028,0.0,0.5,11,11,-1.1854319117873944,-0.9936745206543017,-1.1649647450214349,0.0
Mahisagar,Cumin,2019-20,0.0,26.2115785440613,1209.41,61.05677271041898,23.128,73.61,sandy clay loam,Normal,Non-saline,Medium,Low,High,High,7.0,17.0,26.0,1200.0,1800.0,5.0,6.5,4,7,True,0.21157854406130028,0.0,0.5,11,11,-1.1854319117873944,-0.9936745206543017,-1.1649647450214349,0.0
Dahod,Cumin,2019-20,0.0,25.253799128661477,1267.49,62.52772005932518,22.839,74.255,sandy clay loam,Normal,Non-saline,Medium,Low,High,High,7.0,17.0,26.0,1200.0,1800.0,5.0,6.5,4,7,True,0.0,0.0,0.5,11,11,-1.6182887202018132,-0.9936745206543017,-1.1649647450214349,0.0
Vadodara,Cumin,2019-20,779.0,26.696976578914843,1305.89,63.195987269805954,22.3072,73.1812,loam,Normal,Non-saline,Medium,Low,High,High,7.0,17.0,26.0,1200.0,1800.0,5.0,6.5,4,7,True,0.6969765789148425,0.0,0.5,11,11,-0.19238299414071186,-0.9936745206543017,-1.1649647450214349,0.0
Chhota Udepur,Cumin,2019-20,0.0,26.437091799530343,1448.19,61.94891023977258,22.304,74.016,sandy clay loam,Normal,Non-saline,Medium,Low,High,High,7.0,17.0,26.0,1200.0,1800.0,5.0,6.5,4,7,True,0.43709179953034294,0.0,0.5,11,11,-0.7240668501713474,-0.9936745206543017,-1.1649647450214349,0.0
Narmada,Cumin,2019-20,0.0,26.191688851810657,1594.94,63.81306371276728,21.8667,73.5,clay (light),Normal,Non-saline,High,Low,High,High,7.0,17.0,26.0,1200.0,1800.0,5.0,6.5,4,7,True,0.19168885181065676,0.0,0.5,11,11,-1.2261231300116022,-0.9936745206543017,-1.1649647450214349,0.0
Bharuch,Cumin,2019-20,0.0,27.006281269311582,1741.12,65.58293696700038,21.7051,72.9959,clay (light),Normal,Non-saline,High,Low,High,High,7.0,17.0,26.0,1200.0,1800.0,5.0,6.5,4,7,True,1.0062812693115823,0.0,0.5,11,11,0.440406316830029,-0.9936745206543017,-1.1649647450214349,0.0
Surat,Cumin,2019-20,0.0,26.971177141268075,2034.35,67.18811753800519,21.1702,72.8311,clay (light),Normal,Non-saline,High,Medium,High,High,7.0,17.0,26.0,1200.0,1800.0,5.0,6.5,4,7,True,0.9711771412680754,234.3499999999999,0.5,11,11,0.3685887282626312,0.07570883780266086,-1.1649647450214349,0.0
Dang,Cumin,2019-20,0.0,25.642950407860585,1861.68,66.40229158942034,20.757,73.69,loam,Normal,Non-saline,High,Medium,High,High,7.0,17.0,26.0,1200.0,1800.0,5.0,6.5,4,7,True,0.0,61.680000000000064,0.5,11,11,-1.6182887202018132,-0.7122170188423728,-1.1649647450214349,0.0
Navsari,Cumin,2019-20,0.0,26.971177141268075,2034.35,67.18811753800519,20.9467,72.952,clay (light),Normal,Non-saline,High,Medium,High,High,7.0,17.0,26.0,1200.0,1800.0,5.0,6.5,4,7,True,0.9711771412680754,234.3499999999999,0.5,11,11,0.3685887282626312,0.07570883780266086,-1.1649647450214349,0.0
Valsad,Cumin,2019-20,0.0,26.662790168088,2404.37,68.19392596712396,20.5992,72.9342,loam,Normal,Non-saline,High,Medium,High,High,7.0,17.0,26.0,1200.0,1800.0,5.0,6.5,4,7,True,0.6627901680880015,604.3699999999999,0.5,11,11,-0.2623230759543158,1.7641800573300577,-1.1649647450214349,0.0
Tapi,Cumin,2019-20,0.0,26.971177141268075,2034.35,67.18811753800519,21.111,73.393,clay (light),Normal,Non-saline,High,Medium,High,High,7.0,17.0,26.0,1200.0,1800.0,5.0,6.5,4,7,True,0.9711771412680754,234.3499999999999,0.5,11,11,0.3685887282626312,0.07570883780266086,-1.1649647450214349,0.0
Kutch,Cumin,2020-21,892.69,25.931136072708654,1106.82,64.54931112391193,23.242,69.6669,loam,Slightly alkaline,Non-saline,Low,Low,High,Medium,8.0,17.0,26.0,1200.0,1800.0,5.0,6.5,4,7,True,0.0,93.18000000000006,1.5,11,11,-1.6182887202018132,-0.5684765631504831,0.8583950752789522,0.0
Banaskantha,Cumin,2020-21,1045.9,26.766365463389658,1058.08,51.195984318996416,24.1719,72.4383,loam,Slightly alkaline,Non-saline,Low,Low,High,Medium,8.0,17.0,26.0,1200.0,1800.0,5.0,6.5,4,7,True,0.7663654633896577,141.92000000000007,1.5,11,11,-0.05042412394211934,-0.3460667278989688,0.8583950752789522,0.0
Patan,Cumin,2020-21,803.93,27.31138645673323,903.05,50.8058168842806,23.8493,72.1266,loam,Slightly alkaline,Non-saline,Low,Low,High,High,8.0,17.0,26.0,1200.0,1800.0,5.0,6.5,4,7,True,1.3113864567332314,296.95000000000005,1.5,11,11,1.0646040975830462,0.3613644735586072,0.8583950752789522,0.0
Mehsana,Cumin,2020-21,842.95,27.08861674347158,1013.59,52.36743900409626,23.588,72.3693,loam,Slightly alkaline,Non-saline,Low,Low,High,High,8.0,17.0,26.0,1200.0,1800.0,5.0,6.5,4,7,True,1.0886167434715794,186.40999999999997,1.5,11,11,0.6088518968027243,-0.14305044619318613,0.8583950752789522,0.0
Sabarkantha,Cumin,2020-21,842.95,26.917650601638503,988.05,52.13314765745008,23.5989,72.9661,loam,Slightly alkaline,Non-saline,Low,Low,High,High,8.0,17.0,26.0,1200.0,1800.0,5.0,6.5,4,7,True,0.9176506016385026,211.95000000000005,1.5,11,11,0.25908174960220537,-0.02650659735601559,0.8583950752789522,0.0
Aravalli,Cumin,2020-21,842.95,26.917650601638503,988.05,52.13314765745008,23.4625,73.2985,sandy clay loam,Slightly alkaline,Non-saline,Low,Low,High,High,8.0,17.0,26.0,1200.0,1800.0,5.0,6.5,4,7,True,0.9176506016385026,211.95000000000005,1.5,11,11,0.25908174960220537,-0.02650659735601559,0.8583950752789522,0.0
Gandhinagar,Cumin,2020-21,842.95,27.19443868407578,1060.48,54.54497907066053,23.2156,72.6369,loam,Slightly alkaline,Non-saline,Medium,Low,High,High,8.0,17.0,26.0,1200.0,1800.0,5.0,6.5,4,7,True,1.1944386840757808,139.51999999999998,1.5,11,11,0.8253471358326496,-0.35701838166597033,0.8583950752789522,0.0
Ahmedabad,Cumin,2020-21,619.42,27.19443868407578,1060.48,54.54497907066053,23.0225,72.5714,loam,Slightly alkaline,Non-saline,Medium,Low,High,High,8.0,17.0,26.0,1200.0,1800.0,5.0,6.5,4,7,True,1.1944386840757808,139.51999999999998,1.5,11,11,0.8253471358326496,-0.35701838166597033,0.8583950752789522,0.0
Surendranagar,Cumin,2020-21,731.57,27.21407219662058,1113.39,56.07573335893497,22.7271,71.6486,sandy clay loam,Slightly alkaline,Non-saline,Medium,Low,High,High,8.0,17.0,26.0,1200.0,1800.0,5.0,6.5,4,7,True,1.214072196620581,86.6099999999999,1.5,11,11,0.8655142502052885,-0.5984567153376494,0.8583950752789522,0.0
Morbi,Cumin,2020-21,703.46,26.76703027393753,1084.89,59.13132981310804,22.812,70.8236,loam,Slightly alkaline,Non-saline,Medium,Medium,Medium,Medium,8.0,17.0,26.0,1200.0,1800.0,5.0,6.5,4,7,True,0.7670302739375288,115.1099999999999,1.5,11,11,-0.049064024914931004,-0.4684058268545112,0.8583950752789522,0.0
Rajkot,Cumin,2020-21,910.07,26.3167654249872,1208.12,61.48661175115208,22.3039,70.8022,sandy clay loam,Slightly alkaline,Non-saline,Medium,Medium,Medium,Medium,8.0,17.0,26.0,1200.0,1800.0,5.0,6.5,4,7,True,0.3167654249871994,0.0,1.5,11,11,-0.970235906130693,-0.9936745206543017,0.8583950752789522,0.0
Jamnagar,Cumin,2020-21,953.48,26.444726318484385,1239.72,66.80002336149514,22.4707,70.0577,sandy clay loam,Slightly alkaline,Non-saline,Medium,Medium,High,Medium,8.0,17.0,26.0,1200.0,1800.0,5.0,6.5,4,7,True,0.4447263184843848,0.0,1.5,11,11,-0.7084478112801993,-0.9936745206543017,0.8583950752789522,0.0
Devbhumi Dwarka,Cumin,2020-21,729.69,26.2946026625704,1347.5700000000002,63.05590681003584,22.206,70.026,loam,Slightly alkaline,Non-saline,Medium,Medium,High,Medium,8.0,17.0,26.0,1200.0,1800.0,5.0,6.5,4,7,True,0.29460266257040146,0.0,1.5,11,11,-1.0155774725354734,-0.9936745206543017,0.8583950752789522,0.0
Porbandar,Cumin,2020-21,1084.04,26.98924519969278,1308.68,71.22933627752177,21.6417,69.6293,sandy clay loam,Slightly alkaline,Non-saline,Medium,Medium,High,Medium,8.0,17.0,26.0,1200.0,1800.0,5.0,6.5,4,7,True,0.9892451996927782,0.0,1.5,11,11,0.40555316687648324,-0.9936745206543017,0.8583950752789522,0.0
Junagadh,Cumin,2020-21,994.18,26.332964989759343,1235.5600000000002,61.18705158730159,21.5222,70.4579,loamy sand,Slightly alkaline,Non-saline,High,Medium,High,High,8.0,17.0,26.0,1200.0,1800.0,5.0,6.5,4,7,True,0.3329649897593434,0.0,1.5,11,11,-0.9370941150474662,-0.9936745206543017,0.8583950752789522,0.0
Gir Somnath,Cumin,2020-21,842.95,26.34512724014337,1211.16,65.84607994111623,20.907,70.367,loamy sand,Slightly alkaline,Non-saline,High,Medium,High,High,8.0,17.0,26.0,1200.0,1800.0,5.0,6.5,4,7,True,0.3451272401433698,0.0,1.5,11,11,-0.9122120415474168,-0.9936745206543017,0.8583950752789522,0.0
Amreli,Cumin,2020-21,450.2,26.66399731182796,1114.85,58.518354326676906,21.6032,71.2221,sandy clay loam,Slightly alkaline,Non-saline,High,Medium,High,High,8.0,17.0,26.0,1200.0,1800.0,5.0,6.5,4,7,True,0.6639973118279592,85.15000000000009,1.5,11,11,-0.2598534475291191,-0.6051189713792409,0.8583950752789522,0.0
Bhavnagar,Cumin,2020-21,842.95,27.23516922683052,1178.35,56.79114324116744,21.7645,72.1519,sandy clay loam,Slightly alkaline,Non-saline,High,Medium,High,High,8.0,17.0,26.0,1200.0,1800.0,5.0,6.5,4,7,True,1.2351692268305214,21.65000000000009,1.5,11,11,0.9086754941972672,-0.8948814772978121,0.8583950752789522,0.0
Botad,Cumin,2020-21,610.8,27.23516922683052,1178.35,56.79114324116744,22.1692,71.6672,sandy clay loam,Slightly alkaline,Non-saline,High,Medium,High,High,8.0,17.0,26.0,1200.0,1800.0,5.0,6.5,4,7,True,1.2351692268305214,21.65000000000009,1.5,11,11,0.9086754941972672,-0.8948814772978121,0.8583950752789522,0.0
Anand,Cumin,2020-21,0.0,27.208412890424984,1231.7,57.30051043266769,22.5645,72.9289,loam,Normal,Non-saline,Medium,Low,High,High,7.0,17.0,26.0,1200.0,1800.0,5.0,6.5,4,7,True,1.2084128904249845,0.0,0.5,11,11,0.8539361895444868,-0.9936745206543017,-1.1649647450214349,0.0
Kheda,Cumin,2020-21,842.95,27.208412890424984,1231.7,57.30051043266769,22.6916,72.8634,loam,Normal,Non-saline,Medium,Low,High,High,7.0,17.0,26.0,1200.0,1800.0,5.0,6.5,4,7,True,1.2084128904249845,0.0,0.5,11,11,0.8539361895444868,-0.9936745206543017,-1.1649647450214349,0.0
Panchmahal,Cumin,2020-21,842.95,26.839494751664105,1079.1,54.85420730926779,22.7788,73.6143,sandy clay loam,Normal,Non-saline,Medium,Low,High,High,7.0,17.0,26.0,1200.0,1800.0,5.0,6.5,4,7,True,0.8394947516641054,120.90000000000009,0.5,11,11,0.09918703093436089,-0.44198496214162014,-1.1649647450214349,0.0
Mahisagar,Cumin,2020-21,842.95,26.839494751664105,1079.1,54.85420730926779,23.128,73.61,sandy clay loam,Normal,Non-saline,Medium,Low,High,High,7.0,17.0,26.0,1200.0,1800.0,5.0,6.5,4,7,True,0.8394947516641054,120.90000000000009,0.5,11,11,0.09918703093436089,-0.44198496214162014,-1.1649647450214349,0.0
Dahod,Cumin,2020-21,0.0,26.0540975422427,1040.94,55.862932155657965,22.839,74.255,sandy clay loam,Normal,Non-saline,Medium,Low,High,High,7.0,17.0,26.0,1200.0,1800.0,5.0,6.5,4,7,True,0.054097542242701024,159.05999999999995,0.5,11,11,-1.5076135589649755,-0.2678536672463031,-1.1649647450214349,0.0
Vadodara,Cumin,2020-21,0.0,27.208412890424984,1231.7,57.30051043266769,22.3072,73.1812,loam,Normal,Non-saline,Medium,Low,High,High,7.0,17.0,26.0,1200.0,1800.0,5.0,6.5,4,7,True,1.2084128904249845,0.0,0.5,11,11,0.8539361895444868,-0.9936745206543017,-1.1649647450214349,0.0
Chhota Udepur,Cumin,2020-21,0.0,27.08579665898618,1217.84,56.02263005632361,22.304,74.016,sandy clay loam,Normal,Non-saline,Medium,Low,High,High,7.0,17.0,26.0,1200.0,1800.0,5.0,6.5,4,7,True,1.0857966589861796,0.0,0.5,11,11,0.603082442365721,-0.9936745206543017,-1.1649647450214349,0.0
Narmada,Cumin,2020-21,0.0,26.81112685611879,1391.4,58.50471850998464,21.8667,73.5,clay (light),Normal,Non-saline,High,Low,High,High,7.0,17.0,26.0,1200.0,1800.0,5.0,6.5,4,7,True,0.8111268561187899,0.0,0.5,11,11,0.04115072682017229,-0.9936745206543017,-1.1649647450214349,0.0
Bharuch,Cumin,2020-21,0.0,27.37149558371736,1844.32,61.72866065028162,21.7051,72.9959,clay (light),Normal,Non-saline,High,Low,High,High,7.0,17.0,26.0,1200.0,1800.0,5.0,6.5,4,7,True,1.3714955837173584,44.319999999999936,0.5,11,11,1.1875780266190068,-0.791433981090348,-1.1649647450214349,0.0
Surat,Cumin,2020-21,0.0,27.34139253712237,2020.16,63.89088965693804,21.1702,72.8311,clay (light),Normal,Non-saline,High,Medium,High,High,7.0,17.0,26.0,1200.0,1800.0,5.0,6.5,4,7,True,1.3413925371223705,220.16000000000008,0.5,11,11,1.1259918732097947,0.010957184905267557,-1.1649647450214349,0.0
Dang,Cumin,2020-21,0.0,26.207404377880184,1797.67,62.45920071684588,20.757,73.69,loam,Normal,Non-saline,High,Medium,High,High,7.0,17.0,26.0,1200.0,1800.0,5.0,6.5,4,7,True,0.2074043778801844,0.0,0.5,11,11,-1.1939716068635913,-0.9936745206543017,-1.1649647450214349,0.0
Navsari,Cumin,2020-21,0.0,27.34139253712237,2020.16,63.89088965693804,20.9467,72.952,clay (light),Normal,Non-saline,High,Medium,High,High,7.0,17.0,26.0,1200.0,1800.0,5.0,6.5,4,7,True,1.3413925371223705,220.16000000000008,0.5,11,11,1.1259918732097947,0.010957184905267557,-1.1649647450214349,0.0
Valsad,Cumin,2020-21,0.0,27.055461725550437,2196.38,65.07640508192524,20.5992,72.9342,loam,Normal,Non-saline,High,Medium,High,High,7.0,17.0,26.0,1200.0,1800.0,5.0,6.5,4,7,True,1.0554617255504368,396.3800000000001,0.5,11,11,0.5410218845302576,0.8150823627473245,-1.1649647450214349,0.0
Tapi,Cumin,2020-21,0.0,27.34139253712237,2020.16,63.89088965693804,21.111,73.393,clay (light),Normal,Non-saline,High,Medium,High,High,7.0,17.0,26.0,1200.0,1800.0,5.0,6.5,4,7,True,1.3413925371223705,220.16000000000008,0.5,11,11,1.1259918732097947,0.010957184905267557,-1.1649647450214349,0.0
Kutch,Cumin,2021-22,888.71,26.031809075780853,629.4,65.22398489503328,23.242,69.6669,loam,Slightly alkaline,Non-saline,Low,Low,High,Medium,8.0,17.0,26.0,1200.0,1800.0,5.0,6.5,4,7,True,0.03180907578085268,570.6,1.5,11,11,-1.5532122963035417,1.6100811624502134,0.8583950752789522,0.0
Banaskantha,Cumin,2021-22,734.44,27.173551779313872,506.26,48.87810791090629,24.1719,72.4383,loam,Slightly alkaline,Non-saline,Low,Low,High,Medium,8.0,17.0,26.0,1200.0,1800.0,5.0,6.5,4,7,True,1.173551779313872,693.74,1.5,11,11,0.7826157758405119,2.1719922644787624,0.8583950752789522,0.0
Patan,Cumin,2021-22,545.68,27.83293029953917,452.04,48.48079083461342,23.8493,72.1266,loam,Slightly alkaline,Non-saline,Low,Low,High,High,8.0,17.0,26.0,1200.0,1800.0,5.0,6.5,4,7,True,1.8329302995391714,747.96,1.5,11,11,2.131601718947542,2.419408375831596,0.8583950752789522,0.0
Mehsana,Cumin,2021-22,721.01,27.67792517921147,473.24,49.07956387608807,23.588,72.3693,loam,Slightly alkaline,Non-saline,Low,Low,High,High,8.0,17.0,26.0,1200.0,1800.0,5.0,6.5,4,7,True,1.6779251792114707,726.76,1.5,11,11,1.814485340391207,2.322668767556419,0.8583950752789522,0.0
Sabarkantha,Cumin,2021-22,721.01,27.3020102406554,484.93,49.964027585765486,23.5989,72.9661,loam,Slightly alkaline,Non-saline,Low,Low,High,High,8.0,17.0,26.0,1200.0,1800.0,5.0,6.5,4,7,True,1.3020102406553988,715.0699999999999,1.5,11,11,1.0454218171469039,2.269325087332984,0.8583950752789522,0.0
Aravalli,Cumin,2021-22,721.01,27.3020102406554,484.93,49.964027585765486,23.4625,73.2985,sandy clay loam,Slightly alkaline,Non-saline,Low,Low,High,High,8.0,17.0,26.0,1200.0,1800.0,5.0,6.5,4,7,True,1.3020102406553988,715.0699999999999,1.5,11,11,1.0454218171469039,2.269325087332984,0.8583950752789522,0.0
Gandhinagar,Cumin,2021-22,721.01,27.85026868919611,509.3399999999999,50.77052380952381,23.2156,72.6369,loam,Slightly alkaline,Non-saline,Medium,Low,High,High,8.0,17.0,26.0,1200.0,1800.0,5.0,6.5,4,7,True,1.8502686891961098,690.6600000000001,1.5,11,11,2.1670733686993873,2.1579376421444443,0.8583950752789522,0.0
Ahmedabad,Cumin,2021-22,647.58,27.85026868919611,509.3399999999999,50.77052380952381,23.0225,72.5714,loam,Slightly alkaline,Non-saline,Medium,Low,High,High,8.0,17.0,26.0,1200.0,1800.0,5.0,6.5,4,7,True,1.8502686891961098,690.6600000000001,1.5,11,11,2.1670733686993873,2.1579376421444443,0.8583950752789522,0.0
Surendranagar,Cumin,2021-22,710.37,27.79687397593446,561.7,53.48493785202253,22.7271,71.6486,sandy clay loam,Slightly alkaline,Non-saline,Medium,Low,High,High,8.0,17.0,26.0,1200.0,1800.0,5.0,6.5,4,7,True,1.79687397593446,638.3,1.5,11,11,2.0578360862935474,1.9190090624610363,0.8583950752789522,0.0
Morbi,Cumin,2021-22,789.52,27.150718445980544,628.3000000000001,58.03685951100871,22.812,70.8236,loam,Slightly alkaline,Non-saline,Medium,Medium,Medium,Medium,8.0,17.0,26.0,1200.0,1800.0,5.0,6.5,4,7,True,1.1507184459805444,571.6999999999999,1.5,11,11,0.7359023255897947,1.6151006704267552,0.8583950752789522,0.0
Rajkot,Cumin,2021-22,667.61,26.583299859190987,779.87,61.06608774961597,22.3039,70.8022,sandy clay loam,Slightly alkaline,Non-saline,Medium,Medium,Medium,Medium,8.0,17.0,26.0,1200.0,1800.0,5.0,6.5,4,7,True,0.583299859190987,420.13,1.5,11,11,-0.4249478901182181,0.9234581031499391,0.8583950752789522,0.0
Jamnagar,Cumin,2021-22,833.48,26.460932411674342,794.58,67.50384299795188,22.4707,70.0577,sandy clay loam,Slightly alkaline,Non-saline,Medium,Medium,High,Medium,8.0,17.0,26.0,1200.0,1800.0,5.0,6.5,4,7,True,0.4609324116743423,405.41999999999996,1.5,11,11,-0.6752926640690566,0.8563335919363614,0.8583950752789522,0.0
Devbhumi Dwarka,Cumin,2021-22,592.03,26.35975224014337,945.81,63.92185285458269,22.206,70.026,loam,Slightly alkaline,Non-saline,Medium,Medium,High,Medium,8.0,17.0,26.0,1200.0,1800.0,5.0,6.5,4,7,True,0.3597522401433686,254.19000000000005,1.5,11,11,-0.8822915652006932,0.16624250894320405,0.8583950752789522,0.0
Porbandar,Cumin,2021-22,768.39,26.51612263184844,1071.28,74.19080792370711,21.6417,69.6293,sandy clay loam,Slightly alkaline,Non-saline,Medium,Medium,High,Medium,8.0,17.0,26.0,1200.0,1800.0,5.0,6.5,4,7,True,0.5161226318484395,128.72000000000003,1.5,11,11,-0.562382053656087,-0.40630082361747516,0.8583950752789522,0.0
Junagadh,Cumin,2021-22,1030.09,26.371837237583204,953.74,62.49976516897081,21.5222,70.4579,loamy sand,Slightly alkaline,Non-saline,High,Medium,High,High,8.0,17.0,26.0,1200.0,1800.0,5.0,6.5,4,7,True,0.37183723758320397,246.26,1.5,11,11,-0.8575675392144478,0.13005641962140427,0.8583950752789522,0.0
Gir Somnath,Cumin,2021-22,0.0,26.212232142857143,936.22,67.49976843317972,20.907,70.367,loamy sand,Slightly alkaline,Non-saline,High,Medium,High,High,8.0,17.0,26.0,1200.0,1800.0,5.0,6.5,4,7,True,0.2122321428571432,263.78,1.5,11,11,-1.1840947502618375,0.2100034921205123,0.8583950752789522,0.0
Amreli,Cumin,2021-22,890.51,26.802612583205327,823.84,59.23824443164363,21.6032,71.2221,sandy clay loam,Slightly alkaline,Non-saline,High,Medium,High,High,8.0,17.0,26.0,1200.0,1800.0,5.0,6.5,4,7,True,0.8026125832053275,376.15999999999997,1.5,11,11,0.023731848097654516,0.7228146797603394,0.8583950752789522,0.0
Bhavnagar,Cumin,2021-22,721.01,27.607179723502306,716.99,55.88193753200205,21.7645,72.1519,sandy clay loam,Slightly alkaline,Non-saline,High,Medium,High,High,8.0,17.0,26.0,1200.0,1800.0,5.0,6.5,4,7,True,1.6071797235023055,483.01,1.5,11,11,1.6697511363444082,1.2103914318453683,0.8583950752789522,0.0
Botad,Cumin,2021-22,492.31,27.607179723502306,716.99,55.88193753200205,22.1692,71.6672,sandy clay loam,Slightly alkaline,Non-saline,High,Medium,High,High,8.0,17.0,26.0,1200.0,1800.0,5.0,6.5,4,7,True,1.6071797235023055,483.01,1.5,11,11,1.6697511363444082,1.2103914318453683,0.8583950752789522,0.0
Anand,Cumin,2021-22,721.01,27.43832962109575,710.12,55.99222766257041,22.5645,72.9289,loam,Normal,Non-saline,Medium,Low,High,High,7.0,17.0,26.0,1200.0,1800.0,5.0,6.5,4,7,True,1.4383296210957504,489.88,0.5,11,11,1.3243100768437168,1.2417405407534092,-1.1649647450214349,0.0
Kheda,Cumin,2021-22,721.01,27.43832962109575,710.12,55.99222766257041,22.6916,72.8634,loam,Normal,Non-saline,Medium,Low,High,High,7.0,17.0,26.0,1200.0,1800.0,5.0,6.5,4,7,True,1.4383296210957504,489.88,0.5,11,11,1.3243100768437168,1.2417405407534092,-1.1649647450214349,0.0
Panchmahal,Cumin,2021-22,721.01,26.83358864567332,694.25,54.98374609575013,22.7788,73.6143,sandy clay loam,Normal,Non-saline,Medium,Low,High,High,7.0,17.0,26.0,1200.0,1800.0,5.0,6.5,4,7,True,0.8335886456733199,505.75,0.5,11,11,0.08710405626095553,1.314158351287704,-1.1649647450214349,0.0
Mahisagar,Cumin,2021-22,0.0,26.83358864567332,694.25,54.98374609575013,23.128,73.61,sandy clay loam,Normal,Non-saline,Medium,Low,High,High,7.0,17.0,26.0,1200.0,1800.0,5.0,6.5,4,7,True,0.8335886456733199,505.75,0.5,11,11,0.08710405626095553,1.314158351287704,-1.1649647450214349,0.0
Dahod,Cumin,2021-22,0.0,25.777907834101384,867.6700000000001,57.58594246031746,22.839,74.255,sandy clay loam,Normal,Non-saline,Medium,Low,High,High,7.0,17.0,26.0,1200.0,1800.0,5.0,6.5,4,7,True,0.0,332.3299999999999,0.5,11,11,-1.6182887202018132,0.5228101028404815,-1.1649647450214349,0.0
Vadodara,Cumin,2021-22,721.01,27.43832962109575,710.12,55.99222766257041,22.3072,73.1812,loam,Normal,Non-saline,Medium,Low,High,High,7.0,17.0,26.0,1200.0,1800.0,5.0,6.5,4,7,True,1.4383296210957504,489.88,0.5,11,11,1.3243100768437168,1.2417405407534092,-1.1649647450214349,0.0
Chhota Udepur,Cumin,2021-22,0.0,26.85094015617,834.5,57.40256464413722,22.304,74.016,sandy clay loam,Normal,Non-saline,Medium,Low,High,High,7.0,17.0,26.0,1200.0,1800.0,5.0,6.5,4,7,True,0.850940156170001,365.5,0.5,11,11,0.12260254921110353,0.6741710842785763,-1.1649647450214349,0.0
Narmada,Cumin,2021-22,0.0,26.474735407066053,980.13,60.22115636200717,21.8667,73.5,clay (light),Normal,Non-saline,High,Low,High,High,7.0,17.0,26.0,1200.0,1800.0,5.0,6.5,4,7,True,0.4747354070660528,219.87,0.5,11,11,-0.6470538813592007,0.009633860075087902,-1.1649647450214349,0.0
Bharuch,Cumin,2021-22,0.0,27.09005408346134,1282.14,63.47853865847414,21.7051,72.9959,clay (light),Normal,Non-saline,High,Low,High,High,7.0,17.0,26.0,1200.0,1800.0,5.0,6.5,4,7,True,1.0900540834613395,0.0,0.5,11,11,0.6117924709679085,-0.9936745206543017,-1.1649647450214349,0.0
Surat,Cumin,2021-22,0.0,26.92190559395801,1516.59,66.29315796210958,21.1702,72.8311,clay (light),Normal,Non-saline,High,Medium,High,High,7.0,17.0,26.0,1200.0,1800.0,5.0,6.5,4,7,True,0.9219055939580088,0.0,0.5,11,11,0.2677868023920367,-0.9936745206543017,-1.1649647450214349,0.0
Dang,Cumin,2021-22,0.0,25.80750083205325,1223.08,63.77979313876088,20.757,73.69,loam,Normal,Non-saline,High,Medium,High,High,7.0,17.0,26.0,1200.0,1800.0,5.0,6.5,4,7,True,0.0,0.0,0.5,11,11,-1.6182887202018132,-0.9936745206543017,-1.1649647450214349,0.0
Navsari,Cumin,2021-22,0.0,26.92190559395801,1516.59,66.29315796210958,20.9467,72.952,clay (light),Normal,Non-saline,High,Medium,High,High,7.0,17.0,26.0,1200.0,1800.0,5.0,6.5,4,7,True,0.9219055939580088,0.0,0.5,11,11,0.2677868023920367,-0.9936745206543017,-1.1649647450214349,0.0
Valsad,Cumin,2021-22,0.0,26.57823937532002,1725.65,67.6254211469534,20.5992,72.9342,loam,Normal,Non-saline,High,Medium,High,High,7.0,17.0,26.0,1200.0,1800.0,5.0,6.5,4,7,True,0.5782393753200203,0.0,0.5,11,11,-0.43530085339782476,-0.9936745206543017,-1.1649647450214349,0.0
Tapi,Cumin,2021-22,0.0,26.92190559395801,1516.59,66.29315796210958,21.111,73.393,clay (light),Normal,Non-saline,High,Medium,High,High,7.0,17.0,26.0,1200.0,1800.0,5.0,6.5,4,7,True,0.9219055939580088,0.0,0.5,11,11,0.2677868023920367,-0.9936745206543017,-1.1649647450214349,0.0
Ahmedabad,Castor,2019-20,1807.83,26.81233744283772,1041.17,59.802591892225934,23.0225,72.5714,loam,Slightly alkaline,Non-saline,Medium,Low,High,High,8.0,20.0,30.0,600.0,1000.0,5.0,6.5,6,3,True,0.0,41.17000000000007,1.5,9,9,0.0,-0.5960940652557636,0.8583950752789522,0.0
Amreli,Castor,2019-20,1877.82,26.326066740823137,1096.87,63.938723859844266,21.6032,71.2221,sandy clay loam,Slightly alkaline,Non-saline,High,Medium,High,High,8.0,20.0,30.0,600.0,1000.0,5.0,6.5,6,3,True,0.0,96.86999999999989,1.5,9,9,0.0,-0.424893897753601,0.8583950752789522,0.0
Anand,Castor,2019-20,1041.54,26.696976578914843,1305.89,63.195987269805954,22.5645,72.9289,loam,Normal,Non-saline,Medium,Low,High,High,7.0,20.0,30.0,600.0,1000.0,5.0,6.5,6,3,True,0.0,305.8900000000001,0.5,9,9,0.0,0.21755240406510962,-1.1649647450214349,0.0
Aravalli,Castor,2019-20,1327.48,26.3798087690026,939.02,58.22741252626375,23.4625,73.2985,sandy clay loam,Slightly alkaline,Non-saline,Low,Low,High,High,8.0,20.0,30.0,600.0,1000.0,5.0,6.5,6,3,True,0.0,0.0,1.5,9,9,0.0,-0.7226346558493735,0.8583950752789522,0.0
Banaskantha,Castor,2019-20,2395.87,26.277947966876777,935.47,56.51920729823261,24.1719,72.4383,loam,Slightly alkaline,Non-saline,Low,Low,High,Medium,8.0,20.0,30.0,600.0,1000.0,5.0,6.5,6,3,True,0.0,0.0,1.5,9,9,0.0,-0.7226346558493735,0.8583950752789522,0.0
Bharuch,Castor,2019-20,886.48,27.006281269311582,1741.12,65.58293696700038,21.7051,72.9959,clay (light),Normal,Non-saline,High,Low,High,High,7.0,20.0,30.0,600.0,1000.0,5.0,6.5,6,3,True,0.0,741.1199999999999,0.5,9,9,0.0,1.5552803915330888,-1.1649647450214349,0.0
Bhavnagar,Castor,2019-20,1729.12,26.889539890001235,1179.9199999999998,61.92753772710419,21.7645,72.1519,sandy clay loam,Slightly alkaline,Non-saline,High,Medium,High,High,8.0,20.0,30.0,600.0,1000.0,5.0,6.5,6,3,True,0.0,179.91999999999985,1.5,9,9,0.0,-0.16963045231276358,0.8583950752789522,0.0
Botad,Castor,2019-20,1702.44,26.889539890001235,1179.9199999999998,61.92753772710419,22.1692,71.6672,sandy clay loam,Slightly alkaline,Non-saline,High,Medium,High,High,8.0,20.0,30.0,600.0,1000.0,5.0,6.5,6,3,True,0.0,179.91999999999985,1.5,9,9,0.0,-0.16963045231276358,0.8583950752789522,0.0
Chhota Udepur,Castor,2019-20,737.57,26.437091799530343,1448.19,61.94891023977258,22.304,74.016,sandy clay loam,Normal,Non-saline,Medium,Low,High,High,7.0,20.0,30.0,600.0,1000.0,5.0,6.5,6,3,True,0.0,448.19000000000005,0.5,9,9,0.0,0.6549273382762014,-1.1649647450214349,0.0
Dahod,Castor,2019-20,995.15,25.253799128661477,1267.49,62.52772005932518,22.839,74.255,sandy clay loam,Normal,Non-saline,Medium,Low,High,High,7.0,20.0,30.0,600.0,1000.0,5.0,6.5,6,3,True,0.0,267.49,0.5,9,9,0.0,0.09952571767223564,-1.1649647450214349,0.0
Dang,Castor,2019-20,787.8,25.642950407860585,1861.68,66.40229158942034,20.757,73.69,loam,Normal,Non-saline,High,Medium,High,High,7.0,20.0,30.0,600.0,1000.0,5.0,6.5,6,3,True,0.0,861.6800000000001,0.5,9,9,0.0,1.925835009020716,-1.1649647450214349,0.0
Devbhumi Dwarka,Castor,2019-20,2041.0,26.14012235817575,1109.59,65.83710990606848,22.206,70.026,loam,Slightly alkaline,Non-saline,Medium,Medium,High,Medium,8.0,20.0,30.0,600.0,1000.0,5.0,6.5,6,3,True,0.0,109.58999999999992,1.5,9,9,0.0,-0.3857975578859615,0.8583950752789522,0.0
Gandhinagar,Castor,2019-20,2330.93,26.81233744283772,1041.17,59.802591892225934,23.2156,72.6369,loam,Slightly alkaline,Non-saline,Medium,Low,High,High,8.0,20.0,30.0,600.0,1000.0,5.0,6.5,6,3,True,0.0,41.17000000000007,1.5,9,9,0.0,-0.5960940652557636,0.8583950752789522,0.0
Gir Somnath,Castor,2019-20,1944.24,26.06671758744284,982.85,69.72569135459152,20.907,70.367,loamy sand,Slightly alkaline,Non-saline,High,Medium,High,High,8.0,20.0,30.0,600.0,1000.0,5.0,6.5,6,3,True,0.0,0.0,1.5,9,9,0.0,-0.7226346558493735,0.8583950752789522,0.0
Jamnagar,Castor,2019-20,2942.34,26.26152329749104,943.12,68.75967772834014,22.4707,70.0577,sandy clay loam,Slightly alkaline,Non-saline,Medium,Medium,High,Medium,8.0,20.0,30.0,600.0,1000.0,5.0,6.5,6,3,True,0.0,0.0,1.5,9,9,0.0,-0.7226346558493735,0.8583950752789522,0.0
Junagadh,Castor,2019-20,1944.24,26.071467525645776,1119.61,65.75625809541465,21.5222,70.4579,loamy sand,Slightly alkaline,Non-saline,High,Medium,High,High,8.0,20.0,30.0,600.0,1000.0,5.0,6.5,6,3,True,0.0,119.6099999999999,1.5,9,9,0.0,-0.354999969405321,0.8583950752789522,0.0
Kheda,Castor,2019-20,1067.49,26.696976578914843,1305.89,63.195987269805954,22.6916,72.8634,loam,Normal,Non-saline,Medium,Low,High,High,7.0,20.0,30.0,600.0,1000.0,5.0,6.5,6,3,True,0.0,305.8900000000001,0.5,9,9,0.0,0.21755240406510962,-1.1649647450214349,0.0
Kutch,Castor,2019-20,1559.24,25.83985045111853,777.1999999999999,65.54811061673463,23.242,69.6669,loam,Slightly alkaline,Non-saline,Low,Low,High,Medium,8.0,20.0,30.0,600.0,1000.0,5.0,6.5,6,3,True,0.0,0.0,1.5,9,9,0.0,-0.7226346558493735,0.8583950752789522,0.0
Mahisagar,Castor,2019-20,1046.35,26.2115785440613,1209.41,61.05677271041898,23.128,73.61,sandy clay loam,Normal,Non-saline,Medium,Low,High,High,7.0,20.0,30.0,600.0,1000.0,5.0,6.5,6,3,True,0.0,209.41000000000008,0.5,9,9,0.0,-0.07898964549698562,-1.1649647450214349,0.0
Mehsana,Castor,2019-20,2389.84,26.73433045977012,939.08,57.29664457421827,23.588,72.3693,loam,Slightly alkaline,Non-saline,Low,Low,High,High,8.0,20.0,30.0,600.0,1000.0,5.0,6.5,6,3,True,0.0,0.0,1.5,9,9,0.0,-0.7226346558493735,0.8583950752789522,0.0
Morbi,Castor,2019-20,2030.36,26.652774039055743,884.5600000000001,61.35483011988629,22.812,70.8236,loam,Slightly alkaline,Non-saline,Medium,Medium,Medium,Medium,8.0,20.0,30.0,600.0,1000.0,5.0,6.5,6,3,True,0.0,0.0,1.5,9,9,0.0,-0.7226346558493735,0.8583950752789522,0.0
Narmada,Castor,2019-20,1034.58,26.191688851810657,1594.94,63.81306371276728,21.8667,73.5,clay (light),Normal,Non-saline,High,Low,High,High,7.0,20.0,30.0,600.0,1000.0,5.0,6.5,6,3,True,0.0,594.94,0.5,9,9,0.0,1.1059798442177173,-1.1649647450214349,0.0
Navsari,Castor,2019-20,873.21,26.971177141268075,2034.35,67.18811753800519,20.9467,72.952,clay (light),Normal,Non-saline,High,Medium,High,High,7.0,20.0,30.0,600.0,1000.0,5.0,6.5,6,3,True,0.0,1034.35,0.5,9,9,0.0,2.456555528277421,-1.1649647450214349,0.0
Panchmahal,Castor,2019-20,1246.22,26.2115785440613,1209.41,61.05677271041898,22.7788,73.6143,sandy clay loam,Normal,Non-saline,Medium,Low,High,High,7.0,20.0,30.0,600.0,1000.0,5.0,6.5,6,3,True,0.0,209.41000000000008,0.5,9,9,0.0,-0.07898964549698562,-1.1649647450214349,0.0
Patan,Castor,2019-20,1722.52,26.95353633667038,818.38,55.42824839327648,23.8493,72.1266,loam,Slightly alkaline,Non-saline,Low,Low,High,High,8.0,20.0,30.0,600.0,1000.0,5.0,6.5,6,3,True,0.0,0.0,1.5,9,9,0.0,-0.7226346558493735,0.8583950752789522,0.0
Porbandar,Castor,2019-20,1229.14,26.563369206525767,1011.16,74.01297154245458,21.6417,69.6293,sandy clay loam,Slightly alkaline,Non-saline,Medium,Medium,High,Medium,8.0,20.0,30.0,600.0,1000.0,5.0,6.5,6,3,True,0.0,11.159999999999968,1.5,9,9,0.0,-0.6883331501164446,0.8583950752789522,0.0
Rajkot,Castor,2019-20,1512.04,26.159521567173403,1048.21,64.28576446051169,22.3039,70.8022,sandy clay loam,Slightly alkaline,Non-saline,Medium,Medium,Medium,Medium,8.0,20.0,30.0,600.0,1000.0,5.0,6.5,6,3,True,0.0,48.210000000000036,1.5,9,9,0.0,-0.5744558394170701,0.8583950752789522,0.0
Sabarkantha,Castor,2019-20,2248.28,26.3798087690026,939.02,58.22741252626375,23.5989,72.9661,loam,Slightly alkaline,Non-saline,Low,Low,High,High,8.0,20.0,30.0,600.0,1000.0,5.0,6.5,6,3,True,0.0,0.0,1.5,9,9,0.0,-0.7226346558493735,0.8583950752789522,0.0
Surat,Castor,2019-20,1165.07,26.971177141268075,2034.35,67.18811753800519,21.1702,72.8311,clay (light),Normal,Non-saline,High,Medium,High,High,7.0,20.0,30.0,600.0,1000.0,5.0,6.5,6,3,True,0.0,1034.35,0.5,9,9,0.0,2.456555528277421,-1.1649647450214349,0.0
Surendranagar,Castor,2019-20,1802.39,26.839450655048815,1098.31,61.01885836114201,22.7271,71.6486,sandy clay loam,Slightly alkaline,Non-saline,Medium,Low,High,High,8.0,20.0,30.0,600.0,1000.0,5.0,6.5,6,3,True,0.0,98.30999999999995,1.5,9,9,0.0,-0.42046789701386805,0.8583950752789522,0.0
Tapi,Castor,2019-20,766.72,26.971177141268075,2034.35,67.18811753800519,21.111,73.393,clay (light),Normal,Non-saline,High,Medium,High,High,7.0,20.0,30.0,600.0,1000.0,5.0,6.5,6,3,True,0.0,1034.35,0.5,9,9,0.0,2.456555528277421,-1.1649647450214349,0.0
Vadodara,Castor,2019-20,1168.05,26.696976578914843,1305.89,63.195987269805954,22.3072,73.1812,loam,Normal,Non-saline,Medium,Low,High,High,7.0,20.0,30.0,600.0,1000.0,5.0,6.5,6,3,True,0.0,305.8900000000001,0.5,9,9,0.0,0.21755240406510962,-1.1649647450214349,0.0
Valsad,Castor,2019-20,635.74,26.662790168088,2404.37,68.19392596712396,20.5992,72.9342,loam,Normal,Non-saline,High,Medium,High,High,7.0,20.0,30.0,600.0,1000.0,5.0,6.5,6,3,True,0.0,1404.37,0.5,9,9,0.0,3.5938533016912526,-1.1649647450214349,0.0
Ahmedabad,Castor,2020-21,1779.29,27.19443868407578,1060.48,54.54497907066053,23.0225,72.5714,loam,Slightly alkaline,Non-saline,Medium,Low,High,High,8.0,20.0,30.0,600.0,1000.0,5.0,6.5,6,3,True,0.0,60.48000000000002,1.5,9,9,0.0,-0.5367426247805973,0.8583950752789522,0.0
Amreli,Castor,2020-21,1880.73,26.66399731182796,1114.85,58.518354326676906,21.6032,71.2221,sandy clay loam,Slightly alkaline,Non-saline,High,Medium,High,High,8.0,20.0,30.0,600.0,1000.0,5.0,6.5,6,3,True,0.0,114.84999999999991,1.5,9,9,0.0,-0.36963036073943767,0.8583950752789522,0.0
Anand,Castor,2020-21,1017.88,27.208412890424984,1231.7,57.30051043266769,22.5645,72.9289,loam,Normal,Non-saline,Medium,Low,High,High,7.0,20.0,30.0,600.0,1000.0,5.0,6.5,6,3,True,0.0,231.70000000000005,0.5,9,9,0.0,-0.010478842379872315,-1.1649647450214349,0.0
Aravalli,Castor,2020-21,1621.56,26.917650601638503,988.05,52.13314765745008,23.4625,73.2985,sandy clay loam,Slightly alkaline,Non-saline,Low,Low,High,High,8.0,20.0,30.0,600.0,1000.0,5.0,6.5,6,3,True,0.0,0.0,1.5,9,9,0.0,-0.7226346558493735,0.8583950752789522,0.0
Banaskantha,Castor,2020-21,2669.23,26.766365463389658,1058.08,51.195984318996416,24.1719,72.4383,loam,Slightly alkaline,Non-saline,Low,Low,High,Medium,8.0,20.0,30.0,600.0,1000.0,5.0,6.5,6,3,True,0.0,58.07999999999993,1.5,9,9,0.0,-0.5441192926801521,0.8583950752789522,0.0
Bharuch,Castor,2020-21,941.57,27.37149558371736,1844.32,61.72866065028162,21.7051,72.9959,clay (light),Normal,Non-saline,High,Low,High,High,7.0,20.0,30.0,600.0,1000.0,5.0,6.5,6,3,True,0.0,844.3199999999999,0.5,9,9,0.0,1.8724771112139371,-1.1649647450214349,0.0
Bhavnagar,Castor,2020-21,2026.51,27.23516922683052,1178.35,56.79114324116744,21.7645,72.1519,sandy clay loam,Slightly alkaline,Non-saline,High,Medium,High,High,8.0,20.0,30.0,600.0,1000.0,5.0,6.5,6,3,True,0.0,178.3499999999999,1.5,9,9,0.0,-0.174456022563722,0.8583950752789522,0.0
Botad,Castor,2020-21,2188.57,27.23516922683052,1178.35,56.79114324116744,22.1692,71.6672,sandy clay loam,Slightly alkaline,Non-saline,High,Medium,High,High,8.0,20.0,30.0,600.0,1000.0,5.0,6.5,6,3,True,0.0,178.3499999999999,1.5,9,9,0.0,-0.174456022563722,0.8583950752789522,0.0
Chhota Udepur,Castor,2020-21,1260.32,27.08579665898618,1217.84,56.02263005632361,22.304,74.016,sandy clay loam,Normal,Non-saline,Medium,Low,High,High,7.0,20.0,30.0,600.0,1000.0,5.0,6.5,6,3,True,0.0,217.83999999999992,0.5,9,9,0.0,-0.05307909949980056,-1.1649647450214349,0.0
Dahod,Castor,2020-21,1068.04,26.0540975422427,1040.94,55.862932155657965,22.839,74.255,sandy clay loam,Normal,Non-saline,Medium,Low,High,High,7.0,20.0,30.0,600.0,1000.0,5.0,6.5,6,3,True,0.0,40.940000000000055,0.5,9,9,0.0,-0.5968009959294709,-1.1649647450214349,0.0
Dang,Castor,2020-21,1137.3,26.207404377880184,1797.67,62.45920071684588,20.757,73.69,loam,Normal,Non-saline,High,Medium,High,High,7.0,20.0,30.0,600.0,1000.0,5.0,6.5,6,3,True,0.0,797.6700000000001,0.5,9,9,0.0,1.729093128916345,-1.1649647450214349,0.0
Devbhumi Dwarka,Castor,2020-21,2060.26,26.2946026625704,1347.5700000000002,63.05590681003584,22.206,70.026,loam,Slightly alkaline,Non-saline,Medium,Medium,High,Medium,8.0,20.0,30.0,600.0,1000.0,5.0,6.5,6,3,True,0.0,347.57000000000016,1.5,9,9,0.0,0.34566053658737483,0.8583950752789522,0.0
Gandhinagar,Castor,2020-21,2416.14,27.19443868407578,1060.48,54.54497907066053,23.2156,72.6369,loam,Slightly alkaline,Non-saline,Medium,Low,High,High,8.0,20.0,30.0,600.0,1000.0,5.0,6.5,6,3,True,0.0,60.48000000000002,1.5,9,9,0.0,-0.5367426247805973,0.8583950752789522,0.0
Gir Somnath,Castor,2020-21,0.0,26.34512724014337,1211.16,65.84607994111623,20.907,70.367,loamy sand,Slightly alkaline,Non-saline,High,Medium,High,High,8.0,20.0,30.0,600.0,1000.0,5.0,6.5,6,3,True,0.0,211.16000000000008,1.5,9,9,0.0,-0.07361082515356038,0.8583950752789522,0.0
Jamnagar,Castor,2020-21,2871.4,26.444726318484385,1239.72,66.80002336149514,22.4707,70.0577,sandy clay loam,Slightly alkaline,Non-saline,Medium,Medium,High,Medium,8.0,20.0,30.0,600.0,1000.0,5.0,6.5,6,3,True,0.0,239.72000000000003,1.5,9,9,0.0,0.014171522851139274,0.8583950752789522,0.0
Junagadh,Castor,2020-21,2060.26,26.332964989759343,1235.5600000000002,61.18705158730159,21.5222,70.4579,loamy sand,Slightly alkaline,Non-saline,High,Medium,High,High,8.0,20.0,30.0,600.0,1000.0,5.0,6.5,6,3,True,0.0,235.56000000000017,1.5,9,9,0.0,0.001385298491911736,0.8583950752789522,0.0
Kheda,Castor,2020-21,1245.66,27.208412890424984,1231.7,57.30051043266769,22.6916,72.8634,loam,Normal,Non-saline,Medium,Low,High,High,7.0,20.0,30.0,600.0,1000.0,5.0,6.5,6,3,True,0.0,231.70000000000005,0.5,9,9,0.0,-0.010478842379872315,-1.1649647450214349,0.0
Kutch,Castor,2020-21,1814.4,25.931136072708654,1106.82,64.54931112391193,23.242,69.6669,loam,Slightly alkaline,Non-saline,Low,Low,High,Medium,8.0,20.0,30.0,600.0,1000.0,5.0,6.5,6,3,True,0.0,106.81999999999994,1.5,9,9,0.0,-0.3943114620866973,0.8583950752789522,0.0
Mahisagar,Castor,2020-21,1077.78,26.839494751664105,1079.1,54.85420730926779,23.128,73.61,sandy clay loam,Normal,Non-saline,Medium,Low,High,High,7.0,20.0,30.0,600.0,1000.0,5.0,6.5,6,3,True,0.0,79.09999999999991,0.5,9,9,0.0,-0.4795119763265531,-1.1649647450214349,0.0
Mehsana,Castor,2020-21,2408.48,27.08861674347158,1013.59,52.36743900409626,23.588,72.3693,loam,Slightly alkaline,Non-saline,Low,Low,High,High,8.0,20.0,30.0,600.0,1000.0,5.0,6.5,6,3,True,0.0,13.590000000000032,1.5,9,9,0.0,-0.6808642738681454,0.8583950752789522,0.0
Morbi,Castor,2020-21,2197.42,26.76703027393753,1084.89,59.13132981310804,22.812,70.8236,loam,Slightly alkaline,Non-saline,Medium,Medium,Medium,Medium,8.0,20.0,30.0,600.0,1000.0,5.0,6.5,6,3,True,0.0,84.8900000000001,1.5,9,9,0.0,-0.46171576501887707,0.8583950752789522,0.0
Narmada,Castor,2020-21,1077.21,26.81112685611879,1391.4,58.50471850998464,21.8667,73.5,clay (light),Normal,Non-saline,High,Low,High,High,7.0,20.0,30.0,600.0,1000.0,5.0,6.5,6,3,True,0.0,391.4000000000001,0.5,9,9,0.0,0.4803769341029906,-1.1649647450214349,0.0
Navsari,Castor,2020-21,810.64,27.34139253712237,2020.16,63.89088965693804,20.9467,72.952,clay (light),Normal,Non-saline,High,Medium,High,High,7.0,20.0,30.0,600.0,1000.0,5.0,6.5,6,3,True,0.0,1020.1600000000001,0.5,9,9,0.0,2.4129409793213052,-1.1649647450214349,0.0
Panchmahal,Castor,2020-21,1249.58,26.839494751664105,1079.1,54.85420730926779,22.7788,73.6143,sandy clay loam,Normal,Non-saline,Medium,Low,High,High,7.0,20.0,30.0,600.0,1000.0,5.0,6.5,6,3,True,0.0,79.09999999999991,0.5,9,9,0.0,-0.4795119763265531,-1.1649647450214349,0.0
Patan,Castor,2020-21,1913.7,27.31138645673323,903.05,50.8058168842806,23.8493,72.1266,loam,Slightly alkaline,Non-saline,Low,Low,High,High,8.0,20.0,30.0,600.0,1000.0,5.0,6.5,6,3,True,0.0,0.0,1.5,9,9,0.0,-0.7226346558493735,0.8583950752789522,0.0
Porbandar,Castor,2020-21,0.0,26.98924519969278,1308.68,71.22933627752177,21.6417,69.6293,sandy clay loam,Slightly alkaline,Non-saline,Medium,Medium,High,Medium,8.0,20.0,30.0,600.0,1000.0,5.0,6.5,6,3,True,0.0,308.68000000000006,1.5,9,9,0.0,0.22612778049834176,0.8583950752789522,0.0
Rajkot,Castor,2020-21,2254.06,26.3167654249872,1208.12,61.48661175115208,22.3039,70.8022,sandy clay loam,Slightly alkaline,Non-saline,Medium,Medium,Medium,Medium,8.0,20.0,30.0,600.0,1000.0,5.0,6.5,6,3,True,0.0,208.1199999999999,1.5,9,9,0.0,-0.0829546044929968,0.8583950752789522,0.0
Sabarkantha,Castor,2020-21,2297.49,26.917650601638503,988.05,52.13314765745008,23.5989,72.9661,loam,Slightly alkaline,Non-saline,Low,Low,High,High,8.0,20.0,30.0,600.0,1000.0,5.0,6.5,6,3,True,0.0,0.0,1.5,9,9,0.0,-0.7226346558493735,0.8583950752789522,0.0
Surat,Castor,2020-21,1112.01,27.34139253712237,2020.16,63.89088965693804,21.1702,72.8311,clay (light),Normal,Non-saline,High,Medium,High,High,7.0,20.0,30.0,600.0,1000.0,5.0,6.5,6,3,True,0.0,1020.1600000000001,0.5,9,9,0.0,2.4129409793213052,-1.1649647450214349,0.0
Surendranagar,Castor,2020-21,1550.88,27.21407219662058,1113.39,56.07573335893497,22.7271,71.6486,sandy clay loam,Slightly alkaline,Non-saline,Medium,Low,High,High,8.0,20.0,30.0,600.0,1000.0,5.0,6.5,6,3,True,0.0,113.3900000000001,1.5,9,9,0.0,-0.3741178337116661,0.8583950752789522,0.0
Tapi,Castor,2020-21,861.43,27.34139253712237,2020.16,63.89088965693804,21.111,73.393,clay (light),Normal,Non-saline,High,Medium,High,High,7.0,20.0,30.0,600.0,1000.0,5.0,6.5,6,3,True,0.0,1020.1600000000001,0.5,9,9,0.0,2.4129409793213052,-1.1649647450214349,0.0
Vadodara,Castor,2020-21,1237.07,27.208412890424984,1231.7,57.30051043266769,22.3072,73.1812,loam,Normal,Non-saline,Medium,Low,High,High,7.0,20.0,30.0,600.0,1000.0,5.0,6.5,6,3,True,0.0,231.70000000000005,0.5,9,9,0.0,-0.010478842379872315,-1.1649647450214349,0.0
Valsad,Castor,2020-21,779.08,27.055461725550437,2196.38,65.07640508192524,20.5992,72.9342,loam,Normal,Non-saline,High,Medium,High,High,7.0,20.0,30.0,600.0,1000.0,5.0,6.5,6,3,True,0.0,1196.38,0.5,9,9,0.0,2.9545728198461023,-1.1649647450214349,0.0
Ahmedabad,Castor,2021-22,1968.31,27.85026868919611,509.3399999999999,50.77052380952381,23.0225,72.5714,loam,Slightly alkaline,Non-saline,Medium,Low,High,High,8.0,20.0,30.0,600.0,1000.0,5.0,6.5,6,3,True,0.0,90.66000000000008,1.5,9,9,0.0,-0.4439810259436979,0.8583950752789522,0.0
Amreli,Castor,2021-22,1788.09,26.802612583205327,823.84,59.23824443164363,21.6032,71.2221,sandy clay loam,Slightly alkaline,Non-saline,High,Medium,High,High,8.0,20.0,30.0,600.0,1000.0,5.0,6.5,6,3,True,0.0,0.0,1.5,9,9,0.0,-0.7226346558493735,0.8583950752789522,0.0
Anand,Castor,2021-22,1025.9,27.43832962109575,710.12,55.99222766257041,22.5645,72.9289,loam,Normal,Non-saline,Medium,Low,High,High,7.0,20.0,30.0,600.0,1000.0,5.0,6.5,6,3,True,0.0,0.0,0.5,9,9,0.0,-0.7226346558493735,-1.1649647450214349,0.0
Aravalli,Castor,2021-22,1828.26,27.3020102406554,484.93,49.964027585765486,23.4625,73.2985,sandy clay loam,Slightly alkaline,Non-saline,Low,Low,High,High,8.0,20.0,30.0,600.0,1000.0,5.0,6.5,6,3,True,0.0,115.07,1.5,9,9,0.0,-0.3689541661819782,0.8583950752789522,0.0
Banaskantha,Castor,2021-22,2753.7,27.173551779313872,506.26,48.87810791090629,24.1719,72.4383,loam,Slightly alkaline,Non-saline,Low,Low,High,Medium,8.0,20.0,30.0,600.0,1000.0,5.0,6.5,6,3,True,0.0,93.74000000000001,1.5,9,9,0.0,-0.4345143021392697,0.8583950752789522,0.0
Bharuch,Castor,2021-22,988.66,27.09005408346134,1282.14,63.47853865847414,21.7051,72.9959,clay (light),Normal,Non-saline,High,Low,High,High,7.0,20.0,30.0,600.0,1000.0,5.0,6.5,6,3,True,0.0,282.1400000000001,0.5,9,9,0.0,0.14455412797576717,-1.1649647450214349,0.0
Bhavnagar,Castor,2021-22,2207.81,27.607179723502306,716.99,55.88193753200205,21.7645,72.1519,sandy clay loam,Slightly alkaline,Non-saline,High,Medium,High,High,8.0,20.0,30.0,600.0,1000.0,5.0,6.5,6,3,True,0.0,0.0,1.5,9,9,0.0,-0.7226346558493735,0.8583950752789522,0.0
Botad,Castor,2021-22,2229.68,27.607179723502306,716.99,55.88193753200205,22.1692,71.6672,sandy clay loam,Slightly alkaline,Non-saline,High,Medium,High,High,8.0,20.0,30.0,600.0,1000.0,5.0,6.5,6,3,True,0.0,0.0,1.5,9,9,0.0,-0.7226346558493735,0.8583950752789522,0.0
Chhota Udepur,Castor,2021-22,1141.15,26.85094015617,834.5,57.40256464413722,22.304,74.016,sandy clay loam,Normal,Non-saline,Medium,Low,High,High,7.0,20.0,30.0,600.0,1000.0,5.0,6.5,6,3,True,0.0,0.0,0.5,9,9,0.0,-0.7226346558493735,-1.1649647450214349,0.0
Dahod,Castor,2021-22,1163.64,25.777907834101384,867.6700000000001,57.58594246031746,22.839,74.255,sandy clay loam,Normal,Non-saline,Medium,Low,High,High,7.0,20.0,30.0,600.0,1000.0,5.0,6.5,6,3,True,0.0,0.0,0.5,9,9,0.0,-0.7226346558493735,-1.1649647450214349,0.0
Dang,Castor,2021-22,1003.82,25.80750083205325,1223.08,63.77979313876088,20.757,73.69,loam,Normal,Non-saline,High,Medium,High,High,7.0,20.0,30.0,600.0,1000.0,5.0,6.5,6,3,True,0.0,223.07999999999993,0.5,9,9,0.0,-0.036973374585772975,-1.1649647450214349,0.0
Devbhumi Dwarka,Castor,2021-22,0.0,26.35975224014337,945.81,63.92185285458269,22.206,70.026,loam,Slightly alkaline,Non-saline,Medium,Medium,High,Medium,8.0,20.0,30.0,600.0,1000.0,5.0,6.5,6,3,True,0.0,0.0,1.5,9,9,0.0,-0.7226346558493735,0.8583950752789522,0.0
Gandhinagar,Castor,2021-22,2323.15,27.85026868919611,509.3399999999999,50.77052380952381,23.2156,72.6369,loam,Slightly alkaline,Non-saline,Medium,Low,High,High,8.0,20.0,30.0,600.0,1000.0,5.0,6.5,6,3,True,0.0,90.66000000000008,1.5,9,9,0.0,-0.4439810259436979,0.8583950752789522,0.0
Gir Somnath,Castor,2021-22,2155.42,26.212232142857143,936.22,67.49976843317972,20.907,70.367,loamy sand,Slightly alkaline,Non-saline,High,Medium,High,High,8.0,20.0,30.0,600.0,1000.0,5.0,6.5,6,3,True,0.0,0.0,1.5,9,9,0.0,-0.7226346558493735,0.8583950752789522,0.0
Jamnagar,Castor,2021-22,2950.91,26.460932411674342,794.58,67.50384299795188,22.4707,70.0577,sandy clay loam,Slightly alkaline,Non-saline,Medium,Medium,High,Medium,8.0,20.0,30.0,600.0,1000.0,5.0,6.5,6,3,True,0.0,0.0,1.5,9,9,0.0,-0.7226346558493735,0.8583950752789522,0.0
Junagadh,Castor,2021-22,2155.42,26.371837237583204,953.74,62.49976516897081,21.5222,70.4579,loamy sand,Slightly alkaline,Non-saline,High,Medium,High,High,8.0,20.0,30.0,600.0,1000.0,5.0,6.5,6,3,True,0.0,0.0,1.5,9,9,0.0,-0.7226346558493735,0.8583950752789522,0.0
Kheda,Castor,2021-22,1422.08,27.43832962109575,710.12,55.99222766257041,22.6916,72.8634,loam,Normal,Non-saline,Medium,Low,High,High,7.0,20.0,30.0,600.0,1000.0,5.0,6.5,6,3,True,0.0,0.0,0.5,9,9,0.0,-0.7226346558493735,-1.1649647450214349,0.0
Kutch,Castor,2021-22,1805.65,26.031809075780853,629.4,65.22398489503328,23.242,69.6669,loam,Slightly alkaline,Non-saline,Low,Low,High,Medium,8.0,20.0,30.0,600.0,1000.0,5.0,6.5,6,3,True,0.0,0.0,1.5,9,9,0.0,-0.7226346558493735,0.8583950752789522,0.0
Mahisagar,Castor,2021-22,1276.64,26.83358864567332,694.25,54.98374609575013,23.128,73.61,sandy clay loam,Normal,Non-saline,Medium,Low,High,High,7.0,20.0,30.0,600.0,1000.0,5.0,6.5,6,3,True,0.0,0.0,0.5,9,9,0.0,-0.7226346558493735,-1.1649647450214349,0.0
Mehsana,Castor,2021-22,2473.93,27.67792517921147,473.24,49.07956387608807,23.588,72.3693,loam,Slightly alkaline,Non-saline,Low,Low,High,High,8.0,20.0,30.0,600.0,1000.0,5.0,6.5,6,3,True,0.0,126.75999999999999,1.5,9,9,0.0,-0.33302364628789766,0.8583950752789522,0.0
Morbi,Castor,2021-22,3280.27,27.150718445980544,628.3000000000001,58.03685951100871,22.812,70.8236,loam,Slightly alkaline,Non-saline,Medium,Medium,Medium,Medium,8.0,20.0,30.0,600.0,1000.0,5.0,6.5,6,3,True,0.0,0.0,1.5,9,9,0.0,-0.7226346558493735,0.8583950752789522,0.0
Narmada,Castor,2021-22,1109.35,26.474735407066053,980.13,60.22115636200717,21.8667,73.5,clay (light),Normal,Non-saline,High,Low,High,High,7.0,20.0,30.0,600.0,1000.0,5.0,6.5,6,3,True,0.0,0.0,0.5,9,9,0.0,-0.7226346558493735,-1.1649647450214349,0.0
Navsari,Castor,2021-22,991.69,26.92190559395801,1516.59,66.29315796210958,20.9467,72.952,clay (light),Normal,Non-saline,High,Medium,High,High,7.0,20.0,30.0,600.0,1000.0,5.0,6.5,6,3,True,0.0,516.5899999999999,0.5,9,9,0.0,0.8651623734135072,-1.1649647450214349,0.0
Panchmahal,Castor,2021-22,1350.46,26.83358864567332,694.25,54.98374609575013,22.7788,73.6143,sandy clay loam,Normal,Non-saline,Medium,Low,High,High,7.0,20.0,30.0,600.0,1000.0,5.0,6.5,6,3,True,0.0,0.0,0.5,9,9,0.0,-0.7226346558493735,-1.1649647450214349,0.0
Patan,Castor,2021-22,2090.6,27.83293029953917,452.04,48.48079083461342,23.8493,72.1266,loam,Slightly alkaline,Non-saline,Low,Low,High,High,8.0,20.0,30.0,600.0,1000.0,5.0,6.5,6,3,True,0.0,147.95999999999998,1.5,9,9,0.0,-0.267863079841832,0.8583950752789522,0.0
Porbandar,Castor,2021-22,0.0,26.51612263184844,1071.28,74.19080792370711,21.6417,69.6293,sandy clay loam,Slightly alkaline,Non-saline,Medium,Medium,High,Medium,8.0,20.0,30.0,600.0,1000.0,5.0,6.5,6,3,True,0.0,71.27999999999997,1.5,9,9,0.0,-0.5035476192326017,0.8583950752789522,0.0
Rajkot,Castor,2021-22,2848.93,26.583299859190987,779.87,61.06608774961597,22.3039,70.8022,sandy clay loam,Slightly alkaline,Non-saline,Medium,Medium,Medium,Medium,8.0,20.0,30.0,600.0,1000.0,5.0,6.5,6,3,True,0.0,0.0,1.5,9,9,0.0,-0.7226346558493735,0.8583950752789522,0.0
Sabarkantha,Castor,2021-22,2079.99,27.3020102406554,484.93,49.964027585765486,23.5989,72.9661,loam,Slightly alkaline,Non-saline,Low,Low,High,High,8.0,20.0,30.0,600.0,1000.0,5.0,6.5,6,3,True,0.0,115.07,1.5,9,9,0.0,-0.3689541661819782,0.8583950752789522,0.0
Surat,Castor,2021-22,1397.45,26.92190559395801,1516.59,66.29315796210958,21.1702,72.8311,clay (light),Normal,Non-saline,High,Medium,High,High,7.0,20.0,30.0,600.0,1000.0,5.0,6.5,6,3,True,0.0,516.5899999999999,0.5,9,9,0.0,0.8651623734135072,-1.1649647450214349,0.0
Surendranagar,Castor,2021-22,1918.44,27.79687397593446,561.7,53.48493785202253,22.7271,71.6486,sandy clay loam,Slightly alkaline,Non-saline,Medium,Low,High,High,8.0,20.0,30.0,600.0,1000.0,5.0,6.5,6,3,True,0.0,38.299999999999955,1.5,9,9,0.0,-0.6049153306189813,0.8583950752789522,0.0
Tapi,Castor,2021-22,944.79,26.92190559395801,1516.59,66.29315796210958,21.111,73.393,clay (light),Normal,Non-saline,High,Medium,High,High,7.0,20.0,30.0,600.0,1000.0,5.0,6.5,6,3,True,0.0,516.5899999999999,0.5,9,9,0.0,0.8651623734135072,-1.1649647450214349,0.0
Vadodara,Castor,2021-22,1233.55,27.43832962109575,710.12,55.99222766257041,22.3072,73.1812,loam,Normal,Non-saline,Medium,Low,High,High,7.0,20.0,30.0,600.0,1000.0,5.0,6.5,6,3,True,0.0,0.0,0.5,9,9,0.0,-0.7226346558493735,-1.1649647450214349,0.0
Valsad,Castor,2021-22,675.31,26.57823937532002,1725.65,67.6254211469534,20.5992,72.9342,loam,Normal,Non-saline,High,Medium,High,High,7.0,20.0,30.0,600.0,1000.0,5.0,6.5,6,3,True,0.0,725.6500000000001,0.5,9,9,0.0,1.5077316196972104,-1.1649647450214349,0.0
Ahmedabad,Fenugreek,2019-20,2181.0,26.81233744283772,1041.17,59.802591892225934,23.0225,72.5714,loam,Slightly alkaline,Non-saline,Medium,Low,High,High,8.0,8.0,27.0,400.0,1500.0,5.3,8.2,1,4,True,0.0,0.0,0.0,5,5,-0.1856953381770518,-0.427876786121891,0.0,0.0
Amreli,Fenugreek,2019-20,1654.0,26.326066740823137,1096.87,63.938723859844266,21.6032,71.2221,sandy clay loam,Slightly alkaline,Non-saline,High,Medium,High,High,8.0,8.0,27.0,400.0,1500.0,5.3,8.2,1,4,True,0.0,0.0,0.0,5,5,-0.1856953381770518,-0.427876786121891,0.0,0.0
Aravalli,Fenugreek,2019-20,1920.0,26.379808769002597,939.02,58.22741252626375,23.4625,73.2985,sandy clay loam,Slightly alkaline,Non-saline,Low,Low,High,High,8.0,8.0,27.0,400.0,1500.0,5.3,8.2,1,4,True,0.0,0.0,0.0,5,5,-0.1856953381770518,-0.427876786121891,0.0,0.0
Banaskantha,Fenugreek,2019-20,2000.0,26.277947966876777,935.47,56.51920729823261,24.1719,72.4383,loam,Slightly alkaline,Non-saline,Low,Low,High,Medium,8.0,8.0,27.0,400.0,1500.0,5.3,8.2,1,4,True,0.0,0.0,0.0,5,5,-0.1856953381770518,-0.427876786121891,0.0,0.0
Bharuch,Fenugreek,2019-20,2502.0,27.006281269311582,1741.12,65.58293696700038,21.7051,72.9959,clay (light),Normal,Non-saline,High,Low,High,High,7.0,8.0,27.0,400.0,1500.0,5.3,8.2,1,4,True,0.006281269311582349,241.1199999999999,0.0,5,5,5.385164807134503,0.6606096882304201,0.0,0.0
Bhavnagar,Fenugreek,2019-20,1294.0,26.889539890001235,1179.9199999999998,61.92753772710419,21.7645,72.1519,sandy clay loam,Slightly alkaline,Non-saline,High,Medium,High,High,8.0,8.0,27.0,400.0,1500.0,5.3,8.2,1,4,True,0.0,0.0,0.0,5,5,-0.1856953381770518,-0.427876786121891,0.0,0.0
Botad,Fenugreek,2019-20,2400.0,26.889539890001235,1179.9199999999998,61.92753772710419,22.1692,71.6672,sandy clay loam,Slightly alkaline,Non-saline,High,Medium,High,High,8.0,8.0,27.0,400.0,1500.0,5.3,8.2,1,4,True,0.0,0.0,0.0,5,5,-0.1856953381770518,-0.427876786121891,0.0,0.0
Chhota Udepur,Fenugreek,2019-20,2087.0,26.437091799530346,1448.19,61.94891023977258,22.304,74.016,sandy clay loam,Normal,Non-saline,Medium,Low,High,High,7.0,8.0,27.0,400.0,1500.0,5.3,8.2,1,4,True,0.0,0.0,0.0,5,5,-0.1856953381770518,-0.427876786121891,0.0,0.0
Dahod,Fenugreek,2019-20,2000.0,25.253799128661473,1267.49,62.52772005932518,22.839,74.255,sandy clay loam,Normal,Non-saline,Medium,Low,High,High,7.0,8.0,27.0,400.0,1500.0,5.3,8.2,1,4,True,0.0,0.0,0.0,5,5,-0.1856953381770518,-0.427876786121891,0.0,0.0
Devbhumi Dwarka,Fenugreek,2019-20,1800.0,26.14012235817575,1109.59,65.83710990606848,22.206,70.026,loam,Slightly alkaline,Non-saline,Medium,Medium,High,Medium,8.0,8.0,27.0,400.0,1500.0,5.3,8.2,1,4,True,0.0,0.0,0.0,5,5,-0.1856953381770518,-0.427876786121891,0.0,0.0
Gandhinagar,Fenugreek,2019-20,3000.0,26.81233744283772,1041.17,59.802591892225934,23.2156,72.6369,loam,Slightly alkaline,Non-saline,Medium,Low,High,High,8.0,8.0,27.0,400.0,1500.0,5.3,8.2,1,4,True,0.0,0.0,0.0,5,5,-0.1856953381770518,-0.427876786121891,0.0,0.0
Gir Somnath,Fenugreek,2019-20,1410.0,26.066717587442838,982.8499999999999,69.72569135459152,20.907,70.367,loamy sand,Slightly alkaline,Non-saline,High,Medium,High,High,8.0,8.0,27.0,400.0,1500.0,5.3,8.2,1,4,True,0.0,0.0,0.0,5,5,-0.1856953381770518,-0.427876786121891,0.0,0.0
Jamnagar,Fenugreek,2019-20,1549.0,26.26152329749104,943.12,68.75967772834014,22.4707,70.0577,sandy clay loam,Slightly alkaline,Non-saline,Medium,Medium,High,Medium,8.0,8.0,27.0,400.0,1500.0,5.3,8.2,1,4,True,0.0,0.0,0.0,5,5,-0.1856953381770518,-0.427876786121891,0.0,0.0
Junagadh,Fenugreek,2019-20,1456.0,26.071467525645776,1119.6100000000001,65.75625809541465,21.5222,70.4579,loamy sand,Slightly alkaline,Non-saline,High,Medium,High,High,8.0,8.0,27.0,400.0,1500.0,5.3,8.2,1,4,True,0.0,0.0,0.0,5,5,-0.1856953381770518,-0.427876786121891,0.0,0.0
Kheda,Fenugreek,2019-20,1743.0,26.696976578914843,1305.89,63.195987269805954,22.6916,72.8634,loam,Normal,Non-saline,Medium,Low,High,High,7.0,8.0,27.0,400.0,1500.0,5.3,8.2,1,4,True,0.0,0.0,0.0,5,5,-0.1856953381770518,-0.427876786121891,0.0,0.0
Kutch,Fenugreek,2019-20,2122.0,25.839850451118526,777.1999999999999,65.54811061673463,23.242,69.6669,loam,Slightly alkaline,Non-saline,Low,Low,High,Medium,8.0,8.0,27.0,400.0,1500.0,5.3,8.2,1,4,True,0.0,0.0,0.0,5,5,-0.1856953381770518,-0.427876786121891,0.0,0.0
Mahisagar,Fenugreek,2019-20,1580.0,26.2115785440613,1209.4099999999999,61.05677271041898,23.128,73.61,sandy clay loam,Normal,Non-saline,Medium,Low,High,High,7.0,8.0,27.0,400.0,1500.0,5.3,8.2,1,4,True,0.0,0.0,0.0,5,5,-0.1856953381770518,-0.427876786121891,0.0,0.0
Mehsana,Fenugreek,2019-20,2200.0,26.734330459770117,939.08,57.29664457421827,23.588,72.3693,loam,Slightly alkaline,Non-saline,Low,Low,High,High,8.0,8.0,27.0,400.0,1500.0,5.3,8.2,1,4,True,0.0,0.0,0.0,5,5,-0.1856953381770518,-0.427876786121891,0.0,0.0
Morbi,Fenugreek,2019-20,2178.0,26.652774039055743,884.5600000000001,61.354830119886294,22.812,70.8236,loam,Slightly alkaline,Non-saline,Medium,Medium,Medium,Medium,8.0,8.0,27.0,400.0,1500.0,5.3,8.2,1,4,True,0.0,0.0,0.0,5,5,-0.1856953381770518,-0.427876786121891,0.0,0.0
Narmada,Fenugreek,2019-20,1907.0,26.191688851810657,1594.94,63.813063712767274,21.8667,73.5,clay (light),Normal,Non-saline,High,Low,High,High,7.0,8.0,27.0,400.0,1500.0,5.3,8.2,1,4,True,0.0,94.94000000000005,0.0,5,5,-0.1856953381770518,0.0007102488607256433,0.0,0.0
Navsari,Fenugreek,2019-20,1947.0,26.971177141268075,2034.35,67.18811753800519,20.9467,72.952,clay (light),Normal,Non-saline,High,Medium,High,High,7.0,8.0,27.0,400.0,1500.0,5.3,8.2,1,4,True,0.0,534.3499999999999,0.0,5,5,-0.1856953381770518,1.9843360024072962,0.0,0.0
Panchmahal,Fenugreek,2019-20,1451.0,26.2115785440613,1209.4099999999999,61.05677271041898,22.7788,73.6143,sandy clay loam,Normal,Non-saline,Medium,Low,High,High,7.0,8.0,27.0,400.0,1500.0,5.3,8.2,1,4,True,0.0,0.0,0.0,5,5,-0.1856953381770518,-0.427876786121891,0.0,0.0
Patan,Fenugreek,2019-20,1930.0,26.95353633667038,818.38,55.428248393276476,23.8493,72.1266,loam,Slightly alkaline,Non-saline,Low,Low,High,High,8.0,8.0,27.0,400.0,1500.0,5.3,8.2,1,4,True,0.0,0.0,0.0,5,5,-0.1856953381770518,-0.427876786121891,0.0,0.0
Rajkot,Fenugreek,2019-20,1824.0,26.159521567173403,1048.21,64.28576446051169,22.3039,70.8022,sandy clay loam,Slightly alkaline,Non-saline,Medium,Medium,Medium,Medium,8.0,8.0,27.0,400.0,1500.0,5.3,8.2,1,4,True,0.0,0.0,0.0,5,5,-0.1856953381770518,-0.427876786121891,0.0,0.0
Sabarkantha,Fenugreek,2019-20,1931.0,26.379808769002597,939.02,58.22741252626375,23.5989,72.9661,loam,Slightly alkaline,Non-saline,Low,Low,High,High,8.0,8.0,27.0,400.0,1500.0,5.3,8.2,1,4,True,0.0,0.0,0.0,5,5,-0.1856953381770518,-0.427876786121891,0.0,0.0
Surat,Fenugreek,2019-20,1916.0,26.971177141268075,2034.35,67.18811753800519,21.1702,72.8311,clay (light),Normal,Non-saline,High,Medium,High,High,7.0,8.0,27.0,400.0,1500.0,5.3,8.2,1,4,True,0.0,534.3499999999999,0.0,5,5,-0.1856953381770518,1.9843360024072962,0.0,0.0
Surendranagar,Fenugreek,2019-20,1870.0,26.839450655048818,1098.31,61.01885836114201,22.7271,71.6486,sandy clay loam,Slightly alkaline,Non-saline,Medium,Low,High,High,8.0,8.0,27.0,400.0,1500.0,5.3,8.2,1,4,True,0.0,0.0,0.0,5,5,-0.1856953381770518,-0.427876786121891,0.0,0.0
Tapi,Fenugreek,2019-20,1898.0,26.971177141268075,2034.35,67.18811753800519,21.111,73.393,clay (light),Normal,Non-saline,High,Medium,High,High,7.0,8.0,27.0,400.0,1500.0,5.3,8.2,1,4,True,0.0,534.3499999999999,0.0,5,5,-0.1856953381770518,1.9843360024072962,0.0,0.0
Vadodara,Fenugreek,2019-20,1729.0,26.696976578914843,1305.89,63.195987269805954,22.3072,73.1812,loam,Normal,Non-saline,Medium,Low,High,High,7.0,8.0,27.0,400.0,1500.0,5.3,8.2,1,4,True,0.0,0.0,0.0,5,5,-0.1856953381770518,-0.427876786121891,0.0,0.0
Valsad,Fenugreek,2019-20,1871.0,26.662790168087998,2404.37,68.19392596712396,20.5992,72.9342,loam,Normal,Non-saline,High,Medium,High,High,7.0,8.0,27.0,400.0,1500.0,5.3,8.2,1,4,True,0.0,904.3699999999999,0.0,5,5,-0.1856953381770518,3.6547149226123494,0.0,0.0
